{"frames":[{"filename":"bnsCoin_0","frame":{"x":455,"y":251,"w":30,"h":33},"rotated":false,"trimmed":false,"spriteSourceSize":{"x":0,"y":0,"w":30,"h":33},"sourceSize":{"w":30,"h":33}},{"filename":"bnsCoin_1","frame":{"x":455,"y":285,"w":30,"h":33},"rotated":false,"trimmed":false,"spriteSourceSize":{"x":0,"y":0,"w":30,"h":33},"sourceSize":{"w":30,"h":33}},{"filename":"bnsCoin_2","frame":{"x":332,"y":193,"w":30,"h":33},"rotated":false,"trimmed":false,"spriteSourceSize":{"x":0,"y":0,"w":30,"h":33},"sourceSize":{"w":30,"h":33}},{"filename":"bnsCoin_3","frame":{"x":363,"y":193,"w":30,"h":33},"rotated":false,"trimmed":false,"spriteSourceSize":{"x":0,"y":0,"w":30,"h":33},"sourceSize":{"w":30,"h":33}},{"filename":"bnsCoin_4","frame":{"x":394,"y":193,"w":30,"h":33},"rotated":false,"trimmed":false,"spriteSourceSize":{"x":0,"y":0,"w":30,"h":33},"sourceSize":{"w":30,"h":33}},{"filename":"bnsCoin_5","frame":{"x":425,"y":193,"w":30,"h":33},"rotated":false,"trimmed":false,"spriteSourceSize":{"x":0,"y":0,"w":30,"h":33},"sourceSize":{"w":30,"h":33}},{"filename":"bnsCoin_6","frame":{"x":456,"y":193,"w":30,"h":33},"rotated":false,"trimmed":false,"spriteSourceSize":{"x":0,"y":0,"w":30,"h":33},"sourceSize":{"w":30,"h":33}},{"filename":"bnsCoinGlow","frame":{"x":403,"y":122,"w":64,"h":64},"rotated":false,"trimmed":false,"spriteSourceSize":{"x":0,"y":0,"w":64,"h":64},"sourceSize":{"w":64,"h":64}},{"filename":"bnsEnergyGlow","frame":{"x":302,"y":251,"w":77,"h":77},"rotated":false,"trimmed":false,"spriteSourceSize":{"x":0,"y":0,"w":77,"h":77},"sourceSize":{"w":77,"h":77}},{"filename":"bnsShadow","frame":{"x":386,"y":365,"w":32,"h":20},"rotated":false,"trimmed":false,"spriteSourceSize":{"x":0,"y":0,"w":32,"h":20},"sourceSize":{"w":32,"h":20}},{"filename":"bnsTime","frame":{"x":353,"y":346,"w":32,"h":39},"rotated":false,"trimmed":false,"spriteSourceSize":{"x":0,"y":0,"w":32,"h":39},"sourceSize":{"w":32,"h":39}},{"filename":"car_0","frame":{"x":224,"y":346,"w":43,"h":56},"rotated":false,"trimmed":false,"spriteSourceSize":{"x":0,"y":0,"w":43,"h":56},"sourceSize":{"w":43,"h":56}},{"filename":"car_1","frame":{"x":268,"y":346,"w":43,"h":56},"rotated":false,"trimmed":false,"spriteSourceSize":{"x":0,"y":0,"w":43,"h":56},"sourceSize":{"w":43,"h":56}},{"filename":"carBreaks","frame":{"x":344,"y":404,"w":40,"h":16},"rotated":false,"trimmed":false,"spriteSourceSize":{"x":0,"y":0,"w":40,"h":16},"sourceSize":{"w":40,"h":16}},{"filename":"carOilStain_0","frame":{"x":386,"y":346,"w":34,"h":18},"rotated":false,"trimmed":false,"spriteSourceSize":{"x":0,"y":0,"w":34,"h":18},"sourceSize":{"w":34,"h":18}},{"filename":"carOilStain_1","frame":{"x":419,"y":365,"w":30,"h":17},"rotated":false,"trimmed":false,"spriteSourceSize":{"x":0,"y":0,"w":30,"h":17},"sourceSize":{"w":30,"h":17}},{"filename":"carTurboFx_0","frame":{"x":202,"y":251,"w":49,"h":90},"rotated":false,"trimmed":false,"spriteSourceSize":{"x":0,"y":0,"w":49,"h":90},"sourceSize":{"w":49,"h":90}},{"filename":"carTurboFx_1","frame":{"x":252,"y":251,"w":49,"h":90},"rotated":false,"trimmed":false,"spriteSourceSize":{"x":0,"y":0,"w":49,"h":90},"sourceSize":{"w":49,"h":90}},{"filename":"hudMapCheckpoint","frame":{"x":301,"y":404,"w":42,"h":32},"rotated":false,"trimmed":false,"spriteSourceSize":{"x":0,"y":0,"w":42,"h":32},"sourceSize":{"w":42,"h":32}},{"filename":"hudMapLine","frame":{"x":0,"y":57,"w":8,"h":400},"rotated":false,"trimmed":false,"spriteSourceSize":{"x":0,"y":0,"w":8,"h":400},"sourceSize":{"w":8,"h":400}},{"filename":"hudMapPlIcon","frame":{"x":486,"y":285,"w":21,"h":27},"rotated":false,"trimmed":false,"spriteSourceSize":{"x":0,"y":0,"w":21,"h":27},"sourceSize":{"w":21,"h":27}},{"filename":"icoTime","frame":{"x":312,"y":346,"w":40,"h":50},"rotated":false,"trimmed":false,"spriteSourceSize":{"x":0,"y":0,"w":40,"h":50},"sourceSize":{"w":40,"h":50}},{"filename":"msgBackground","frame":{"x":0,"y":12,"w":502,"h":44},"rotated":false,"trimmed":false,"spriteSourceSize":{"x":0,"y":0,"w":502,"h":44},"sourceSize":{"w":502,"h":44}},{"filename":"msgCheckpoint","frame":{"x":9,"y":346,"w":214,"h":57},"rotated":false,"trimmed":false,"spriteSourceSize":{"x":0,"y":0,"w":214,"h":57},"sourceSize":{"w":214,"h":57}},{"filename":"msgStart1","frame":{"x":9,"y":404,"w":72,"h":46},"rotated":false,"trimmed":false,"spriteSourceSize":{"x":0,"y":0,"w":72,"h":46},"sourceSize":{"w":72,"h":46}},{"filename":"msgStart2","frame":{"x":82,"y":404,"w":72,"h":46},"rotated":false,"trimmed":false,"spriteSourceSize":{"x":0,"y":0,"w":72,"h":46},"sourceSize":{"w":72,"h":46}},{"filename":"msgStart3","frame":{"x":155,"y":404,"w":72,"h":46},"rotated":false,"trimmed":false,"spriteSourceSize":{"x":0,"y":0,"w":72,"h":46},"sourceSize":{"w":72,"h":46}},{"filename":"msgStartGO","frame":{"x":228,"y":404,"w":72,"h":46},"rotated":false,"trimmed":false,"spriteSourceSize":{"x":0,"y":0,"w":72,"h":46},"sourceSize":{"w":72,"h":46}},{"filename":"obsOil_0","frame":{"x":331,"y":57,"w":64,"h":64},"rotated":false,"trimmed":false,"spriteSourceSize":{"x":0,"y":0,"w":64,"h":64},"sourceSize":{"w":64,"h":64}},{"filename":"obsOil_1","frame":{"x":202,"y":57,"w":128,"h":64},"rotated":false,"trimmed":false,"spriteSourceSize":{"x":0,"y":0,"w":128,"h":64},"sourceSize":{"w":128,"h":64}},{"filename":"obsSpeedBar_0","frame":{"x":202,"y":122,"w":64,"h":128},"rotated":false,"trimmed":false,"spriteSourceSize":{"x":0,"y":0,"w":64,"h":128},"sourceSize":{"w":64,"h":128}},{"filename":"obsSpeedBar_1","frame":{"x":267,"y":122,"w":64,"h":128},"rotated":false,"trimmed":false,"spriteSourceSize":{"x":0,"y":0,"w":64,"h":128},"sourceSize":{"w":64,"h":128}},{"filename":"obsTire_0","frame":{"x":468,"y":122,"w":28,"h":28},"rotated":false,"trimmed":false,"spriteSourceSize":{"x":0,"y":0,"w":28,"h":28},"sourceSize":{"w":28,"h":28}},{"filename":"obsTire_1","frame":{"x":468,"y":151,"w":28,"h":28},"rotated":false,"trimmed":false,"spriteSourceSize":{"x":0,"y":0,"w":28,"h":28},"sourceSize":{"w":28,"h":28}},{"filename":"opponentAvatar","frame":{"x":332,"y":122,"w":70,"h":70},"rotated":false,"trimmed":false,"spriteSourceSize":{"x":0,"y":0,"w":70,"h":70},"sourceSize":{"w":70,"h":70}},{"filename":"opponentFrame","frame":{"x":380,"y":251,"w":74,"h":76},"rotated":false,"trimmed":false,"spriteSourceSize":{"x":0,"y":0,"w":74,"h":76},"sourceSize":{"w":74,"h":76}},{"filename":"opponentLine","frame":{"x":0,"y":0,"w":509,"h":11},"rotated":false,"trimmed":false,"spriteSourceSize":{"x":0,"y":0,"w":509,"h":11},"sourceSize":{"w":509,"h":11}},{"filename":"skidLine","frame":{"x":9,"y":451,"w":11,"h":4},"rotated":false,"trimmed":false,"spriteSourceSize":{"x":0,"y":0,"w":11,"h":4},"sourceSize":{"w":11,"h":4}},{"filename":"smokeParticle","frame":{"x":301,"y":437,"w":10,"h":10},"rotated":false,"trimmed":false,"spriteSourceSize":{"x":0,"y":0,"w":10,"h":10},"sourceSize":{"w":10,"h":10}},{"filename":"tilesetTerrain","frame":{"x":9,"y":57,"w":192,"h":288},"rotated":false,"trimmed":false,"spriteSourceSize":{"x":0,"y":0,"w":192,"h":288},"sourceSize":{"w":192,"h":288}}],"meta":{"app":"https://www.leshylabs.com/apps/sstool/","version":"Leshy SpriteSheet Tool v0.8.4","image":"spritesheet.png","size":{"w":509,"h":457},"scale":1}}