<font>
  <info face="font" size="24" bold="0" italic="0" charset="" unicode="" stretchH="100" smooth="1" aa="1" padding="2,2,2,2" spacing="0,0" outline="0"/>
  <common lineHeight="35" base="18" scaleW="166" scaleH="25" pages="1" packed="0"/>
  <pages>
    <page id="0" file="font.png"/>
  </pages>
  <chars count="10">
    <char id="48" x="2" y="2" width="15" height="21" xoffset="1" yoffset="0" xadvance="16" page="0" chnl="15"/>
    <char id="49" x="19" y="2" width="11" height="21" xoffset="1" yoffset="0" xadvance="12" page="0" chnl="15"/>
    <char id="50" x="32" y="2" width="15" height="21" xoffset="0" yoffset="0" xadvance="15" page="0" chnl="15"/>
    <char id="51" x="49" y="2" width="15" height="21" xoffset="1" yoffset="0" xadvance="15" page="0" chnl="15"/>
    <char id="52" x="66" y="2" width="14" height="20" xoffset="0" yoffset="1" xadvance="15" page="0" chnl="15"/>
    <char id="53" x="82" y="2" width="15" height="21" xoffset="1" yoffset="0" xadvance="15" page="0" chnl="15"/>
    <char id="54" x="99" y="2" width="15" height="21" xoffset="1" yoffset="0" xadvance="16" page="0" chnl="15"/>
    <char id="55" x="116" y="2" width="14" height="21" xoffset="2" yoffset="0" xadvance="14" page="0" chnl="15"/>
    <char id="56" x="132" y="2" width="15" height="21" xoffset="0" yoffset="0" xadvance="15" page="0" chnl="15"/>
    <char id="57" x="149" y="2" width="15" height="21" xoffset="1" yoffset="0" xadvance="16" page="0" chnl="15"/>
    <char id="32" x="0" y="0" width="0" height="0" xoffset="1" yoffset="0" xadvance="6" page="0" chnl="15"/>
  </chars>
</font>