<font>
  <info face="font" size="72" bold="0" italic="0" charset="" unicode="" stretchH="100" smooth="1" aa="1" padding="2,2,2,2" spacing="0,0" outline="0"/>
  <common lineHeight="44" base="43" scaleW="380" scaleH="44" pages="1" packed="0"/>
  <pages>
    <page id="0" file="font.png"/>
  </pages>
  <chars count="10">
    <char id="48" x="1" y="0" width="35" height="44" xoffset="1" yoffset="0" xadvance="37" page="0" chnl="15"/>
    <char id="49" x="45" y="0" width="27" height="44" xoffset="1" yoffset="0" xadvance="29" page="0" chnl="15"/>
    <char id="50" x="76" y="0" width="36" height="44" xoffset="1" yoffset="0" xadvance="39" page="0" chnl="15"/>    
    <char id="51" x="116" y="0" width="34" height="44" xoffset="1" yoffset="0" xadvance="36" page="0" chnl="15"/>
    <char id="52" x="153" y="0" width="32" height="44" xoffset="1" yoffset="0" xadvance="34" page="0" chnl="15"/>
    <char id="53" x="192" y="0" width="35" height="44" xoffset="1" yoffset="0" xadvance="37" page="0" chnl="15"/>
    <char id="54" x="229" y="0" width="35" height="44" xoffset="1" yoffset="0" xadvance="37" page="0" chnl="15"/>
    <char id="55" x="270" y="0" width="34" height="44" xoffset="1" yoffset="0" xadvance="36" page="0" chnl="15"/>
    <char id="56" x="305" y="0" width="35" height="44" xoffset="1" yoffset="0" xadvance="37" page="0" chnl="15"/>
    <char id="57" x="343" y="0" width="34" height="44" xoffset="1" yoffset="0" xadvance="36" page="0" chnl="15"/>
    <char id="46" x="392" y="0" width="16" height="44" xoffset="1" yoffset="0" xadvance="18" page="0" chnl="15"/>
    <char id="32" x="0" y="0" width="0" height="0" xoffset="3" yoffset="0" xadvance="20" page="0" chnl="15"/>
  </chars>
  <kernings count="1">
    <kerning first="49" second="49" amount="-5"/>
  </kernings>
</font>