{
    "skeleton": {
        "hash": "B0gvoQHaQqMGKUsR8JY9sDcmA8U", "spine": "3.7.87", "width": 92.36, "height": 91, "images": "./images/", "audio": ""
    }
    ,
    "bones":[ {
        "name": "root"
    }
    ,
    {
        "name": "body", "parent": "root", "x": -0.42, "y": -42.14
    }
    ,
    {
        "name": "emotions", "parent": "body", "x": 34.35, "y": 45.06
    }
    ],
    "slots":[ {
        "name": "pink_ball/ball", "bone": "body", "attachment": "pink_ball/ball"
    }
    ,
    {
        "name": "pink_ball/eyes_open", "bone": "emotions", "attachment": "pink_ball/eyes_open"
    }
    ,
    {
        "name": "eyes_blink", "bone": "emotions"
    }
    ,
    {
        "name": "eyes_fast_slide", "bone": "emotions"
    }
    ,
    {
        "name": "laughing", "bone": "emotions"
    }
    ,
    {
        "name": "eyes_angry", "bone": "emotions"
    }
    ,
    {
        "name": "eyes_scared", "bone": "emotions"
    }
    ],
    "skins": {
        "default": {
            "eyes_angry": {
                "pink_ball/eyes_angry": {
                    "x": -16.07, "y": 0.5, "width": 65, "height": 51
                }
            }
            ,
            "eyes_blink": {
                "pink_ball/blink": {
                    "x": -17.28, "y": 0.5, "width": 62, "height": 15
                }
            }
            ,
            "eyes_fast_slide": {
                "pink_ball/eyes_fast_slide": {
                    "x": -20.78, "y": 0.5, "width": 73, "height": 43
                }
            }
            ,
            "eyes_scared": {
                "pink_ball/scared": {
                    "x": -19.83, "y": -4.13, "width": 61, "height": 84
                }
            }
            ,
            "laughing": {
                "pink_ball/LAUGHING": {
                    "x": -18.03, "y": 8.3, "width": 61, "height": 73
                }
            }
            ,
            "pink_ball/ball": {
                "pink_ball/ball": {
                    "x": -0.05, "y": 43.2, "width": 88, "height": 88
                }
            }
            ,
            "pink_ball/eyes_open": {
                "pink_ball/eyes_open": {
                    "x": -17.55, "y": 10.14, "width": 63, "height": 70
                }
            }
        }
    }
    ,
    "animations": {
        "angry": {
            "slots": {
                "eyes_angry": {
                    "attachment":[ {
                        "time": 0.1, "name": "pink_ball/eyes_angry"
                    }
                    ,
                    {
                        "time": 0.7333, "name": null
                    }
                    ]
                }
                ,
                "pink_ball/eyes_open": {
                    "attachment":[ {
                        "time": 0.1, "name": null
                    }
                    ,
                    {
                        "time": 0.7333, "name": "pink_ball/eyes_open"
                    }
                    ]
                }
            }
            ,
            "bones": {
                "body": {
                    "scale":[ {
                        "time": 0, "x": 1, "y": 1
                    }
                    ,
                    {
                        "time": 0.0667, "x": 1, "y": 1.063
                    }
                    ,
                    {
                        "time": 0.1333, "x": 1.008, "y": 0.865, "curve": "stepped"
                    }
                    ,
                    {
                        "time": 0.6667, "x": 1.008, "y": 0.865
                    }
                    ,
                    {
                        "time": 0.7333, "x": 1, "y": 1
                    }
                    ]
                }
            }
        }
        ,
        "fast_slide": {
            "slots": {
                "eyes_fast_slide": {
                    "attachment":[ {
                        "time": 0.1333, "name": "pink_ball/eyes_fast_slide"
                    }
                    ,
                    {
                        "time": 1, "name": null
                    }
                    ]
                }
                ,
                "pink_ball/eyes_open": {
                    "attachment":[ {
                        "time": 0.1333, "name": null
                    }
                    ,
                    {
                        "time": 1, "name": "pink_ball/eyes_open"
                    }
                    ]
                }
            }
            ,
            "bones": {
                "body": {
                    "scale":[ {
                        "time": 0, "x": 1, "y": 1
                    }
                    ,
                    {
                        "time": 0.0333, "x": 1.001, "y": 1.287
                    }
                    ,
                    {
                        "time": 0.1333, "x": 1.075, "y": 0.7
                    }
                    ,
                    {
                        "time": 0.2, "x": 1.121, "y": 0.654
                    }
                    ,
                    {
                        "time": 0.2667, "x": 1.075, "y": 0.7, "curve": "stepped"
                    }
                    ,
                    {
                        "time": 0.8333, "x": 1.075, "y": 0.7
                    }
                    ,
                    {
                        "time": 1.1667, "x": 1, "y": 1
                    }
                    ]
                }
            }
        }
        ,
        "idle": {
            "slots": {
                "eyes_blink": {
                    "attachment":[ {
                        "time": 0.5, "name": "pink_ball/blink"
                    }
                    ,
                    {
                        "time": 0.6667, "name": null
                    }
                    ]
                }
                ,
                "pink_ball/eyes_open": {
                    "attachment":[ {
                        "time": 0.5, "name": null
                    }
                    ,
                    {
                        "time": 0.6667, "name": "pink_ball/eyes_open"
                    }
                    ]
                }
            }
            ,
            "bones": {
                "body": {
                    "scale":[ {
                        "time": 0, "x": 1, "y": 1
                    }
                    ,
                    {
                        "time": 0.5, "x": 1, "y": 0.914
                    }
                    ,
                    {
                        "time": 1, "x": 1, "y": 1
                    }
                    ]
                }
            }
        }
        ,
        "jump": {
            "slots": {
                "eyes_blink": {
                    "attachment":[ {
                        "time": 0.1667, "name": "pink_ball/blink"
                    }
                    ,
                    {
                        "time": 0.4, "name": null
                    }
                    ]
                }
                ,
                "pink_ball/eyes_open": {
                    "attachment":[ {
                        "time": 0.1667, "name": null
                    }
                    ,
                    {
                        "time": 0.4, "name": "pink_ball/eyes_open"
                    }
                    ]
                }
            }
            ,
            "bones": {
                "body": {
                    "scale":[ {
                        "time": 0, "x": 1, "y": 1
                    }
                    ,
                    {
                        "time": 0.0667, "x": 1.236, "y": 0.658
                    }
                    ,
                    {
                        "time": 0.1667, "x": 0.934, "y": 1.318
                    }
                    ,
                    {
                        "time": 0.3, "x": 0.934, "y": 1.385
                    }
                    ,
                    {
                        "time": 0.4, "x": 0.934, "y": 1.318
                    }
                    ,
                    {
                        "time": 0.5333, "x": 1.236, "y": 0.658
                    }
                    ,
                    {
                        "time": 0.6, "x": 1, "y": 1
                    }
                    ]
                }
            }
        }
        ,
        "laughing": {
            "slots": {
                "laughing": {
                    "attachment":[ {
                        "time": 0, "name": "pink_ball/LAUGHING"
                    }
                    ]
                }
                ,
                "pink_ball/eyes_open": {
                    "attachment":[ {
                        "time": 0, "name": null
                    }
                    ]
                }
            }
            ,
            "bones": {
                "body": {
                    "scale":[ {
                        "time": 0, "x": 1, "y": 1
                    }
                    ,
                    {
                        "time": 0.1333, "x": 0.961, "y": 1.154
                    }
                    ,
                    {
                        "time": 0.2, "x": 1.036, "y": 0.906
                    }
                    ,
                    {
                        "time": 0.3333, "x": 0.961, "y": 1.154
                    }
                    ,
                    {
                        "time": 0.4, "x": 1.036, "y": 0.906
                    }
                    ,
                    {
                        "time": 0.5333, "x": 0.961, "y": 1.154
                    }
                    ,
                    {
                        "time": 0.6, "x": 1.036, "y": 0.906
                    }
                    ]
                }
            }
        }
        ,
        "scared": {
            "slots": {
                "eyes_scared": {
                    "attachment":[ {
                        "time": 0.0333, "name": "pink_ball/scared"
                    }
                    ,
                    {
                        "time": 0.7, "name": null
                    }
                    ]
                }
                ,
                "pink_ball/eyes_open": {
                    "attachment":[ {
                        "time": 0.0333, "name": null
                    }
                    ,
                    {
                        "time": 0.7, "name": "pink_ball/eyes_open"
                    }
                    ]
                }
            }
            ,
            "bones": {
                "body": {
                    "scale":[ {
                        "time": 0, "x": 1, "y": 1
                    }
                    ,
                    {
                        "time": 0.0667, "x": 0.978, "y": 1.182, "curve": "stepped"
                    }
                    ,
                    {
                        "time": 0.6667, "x": 0.978, "y": 1.182
                    }
                    ,
                    {
                        "time": 0.7333, "x": 1, "y": 1
                    }
                    ]
                }
            }
        }
    }
}