<font>
  <info face="font" size="96" bold="0" italic="0" charset="" unicode="" stretchH="100" smooth="1" aa="1" padding="2,2,2,2" spacing="0,0" outline="0"/>
  <common lineHeight="134" base="65" scaleW="505" scaleH="512" pages="1" packed="0"/>
  <pages>
    <page id="0" file="font.png"/>
  </pages>
  <chars count="62">
    <char id="97" x="2" y="2" width="45" height="53" xoffset="0" yoffset="29" xadvance="40" page="0" chnl="15"/>
    <char id="98" x="2" y="57" width="40" height="79" xoffset="2" yoffset="0" xadvance="38" page="0" chnl="15"/>
    <char id="99" x="2" y="138" width="32" height="50" xoffset="1" yoffset="30" xadvance="27" page="0" chnl="15"/>
    <char id="100" x="2" y="190" width="45" height="78" xoffset="0" yoffset="1" xadvance="40" page="0" chnl="15"/>
    <char id="101" x="44" y="57" width="36" height="51" xoffset="1" yoffset="29" xadvance="31" page="0" chnl="15"/>
    <char id="102" x="2" y="270" width="37" height="108" xoffset="-1" yoffset="2" xadvance="29" page="0" chnl="15"/>
    <char id="103" x="2" y="380" width="40" height="82" xoffset="0" yoffset="30" xadvance="36" page="0" chnl="15"/>
    <char id="104" x="44" y="110" width="40" height="78" xoffset="2" yoffset="2" xadvance="36" page="0" chnl="15"/>
    <char id="105" x="82" y="2" width="21" height="71" xoffset="2" yoffset="8" xadvance="18" page="0" chnl="15"/>
    <char id="106" x="41" y="270" width="29" height="105" xoffset="-7" yoffset="11" xadvance="20" page="0" chnl="15"/>
    <char id="107" x="44" y="377" width="41" height="79" xoffset="3" yoffset="4" xadvance="37" page="0" chnl="15"/>
    <char id="108" x="49" y="190" width="21" height="75" xoffset="2" yoffset="7" xadvance="19" page="0" chnl="15"/>
    <char id="109" x="44" y="458" width="64" height="52" xoffset="2" yoffset="29" xadvance="62" page="0" chnl="15"/>
    <char id="110" x="72" y="190" width="44" height="51" xoffset="3" yoffset="30" xadvance="41" page="0" chnl="15"/>
    <char id="111" x="86" y="75" width="40" height="50" xoffset="1" yoffset="30" xadvance="35" page="0" chnl="15"/>
    <char id="112" x="72" y="243" width="39" height="83" xoffset="2" yoffset="27" xadvance="36" page="0" chnl="15"/>
    <char id="113" x="87" y="328" width="41" height="83" xoffset="1" yoffset="33" xadvance="39" page="0" chnl="15"/>
    <char id="114" x="86" y="127" width="35" height="53" xoffset="2" yoffset="28" xadvance="30" page="0" chnl="15"/>
    <char id="115" x="105" y="2" width="27" height="65" xoffset="2" yoffset="22" xadvance="23" page="0" chnl="15"/>
    <char id="116" x="113" y="243" width="40" height="80" xoffset="-2" yoffset="1" xadvance="31" page="0" chnl="15"/>
    <char id="117" x="118" y="182" width="44" height="54" xoffset="2" yoffset="27" xadvance="39" page="0" chnl="15"/>
    <char id="118" x="123" y="127" width="41" height="50" xoffset="1" yoffset="30" xadvance="33" page="0" chnl="15"/>
    <char id="119" x="128" y="69" width="53" height="50" xoffset="1" yoffset="29" xadvance="48" page="0" chnl="15"/>
    <char id="120" x="134" y="2" width="42" height="56" xoffset="-1" yoffset="29" xadvance="35" page="0" chnl="15"/>
    <char id="121" x="110" y="413" width="38" height="82" xoffset="2" yoffset="29" xadvance="37" page="0" chnl="15"/>
    <char id="122" x="178" y="2" width="40" height="55" xoffset="0" yoffset="28" xadvance="33" page="0" chnl="15"/>
    <char id="65" x="130" y="325" width="47" height="79" xoffset="-2" yoffset="8" xadvance="39" page="0" chnl="15"/>
    <char id="66" x="150" y="406" width="44" height="89" xoffset="2" yoffset="3" xadvance="38" page="0" chnl="15"/>
    <char id="67" x="155" y="238" width="39" height="84" xoffset="1" yoffset="7" xadvance="34" page="0" chnl="15"/>
    <char id="68" x="179" y="324" width="39" height="71" xoffset="2" yoffset="12" xadvance="35" page="0" chnl="15"/>
    <char id="69" x="196" y="397" width="45" height="71" xoffset="1" yoffset="11" xadvance="39" page="0" chnl="15"/>
    <char id="70" x="166" y="121" width="52" height="94" xoffset="3" yoffset="1" xadvance="40" page="0" chnl="15"/>
    <char id="71" x="196" y="217" width="49" height="85" xoffset="0" yoffset="4" xadvance="43" page="0" chnl="15"/>
    <char id="72" x="220" y="304" width="42" height="77" xoffset="3" yoffset="10" xadvance="40" page="0" chnl="15"/>
    <char id="73" x="243" y="383" width="21" height="70" xoffset="2" yoffset="13" xadvance="18" page="0" chnl="15"/>
    <char id="74" x="220" y="2" width="35" height="83" xoffset="-7" yoffset="8" xadvance="24" page="0" chnl="15"/>
    <char id="75" x="220" y="87" width="44" height="73" xoffset="3" yoffset="11" xadvance="40" page="0" chnl="15"/>
    <char id="76" x="257" y="2" width="38" height="75" xoffset="4" yoffset="8" xadvance="35" page="0" chnl="15"/>
    <char id="77" x="247" y="162" width="60" height="76" xoffset="-2" yoffset="10" xadvance="54" page="0" chnl="15"/>
    <char id="78" x="264" y="240" width="49" height="85" xoffset="3" yoffset="5" xadvance="47" page="0" chnl="15"/>
    <char id="79" x="264" y="327" width="44" height="54" xoffset="1" yoffset="19" xadvance="40" page="0" chnl="15"/>
    <char id="80" x="266" y="79" width="38" height="81" xoffset="3" yoffset="8" xadvance="35" page="0" chnl="15"/>
    <char id="81" x="266" y="383" width="49" height="79" xoffset="0" yoffset="12" xadvance="39" page="0" chnl="15"/>
    <char id="82" x="306" y="2" width="49" height="78" xoffset="3" yoffset="8" xadvance="45" page="0" chnl="15"/>
    <char id="83" x="309" y="82" width="31" height="86" xoffset="2" yoffset="3" xadvance="29" page="0" chnl="15"/>
    <char id="84" x="315" y="170" width="61" height="80" xoffset="-2" yoffset="2" xadvance="52" page="0" chnl="15"/>
    <char id="85" x="342" y="82" width="45" height="74" xoffset="3" yoffset="11" xadvance="43" page="0" chnl="15"/>
    <char id="86" x="315" y="252" width="54" height="83" xoffset="0" yoffset="5" xadvance="46" page="0" chnl="15"/>
    <char id="87" x="357" y="2" width="59" height="71" xoffset="0" yoffset="13" xadvance="51" page="0" chnl="15"/>
    <char id="88" x="317" y="337" width="47" height="80" xoffset="-2" yoffset="6" xadvance="36" page="0" chnl="15"/>
    <char id="89" x="317" y="419" width="42" height="83" xoffset="3" yoffset="7" xadvance="36" page="0" chnl="15"/>
    <char id="90" x="361" y="419" width="47" height="66" xoffset="0" yoffset="15" xadvance="40" page="0" chnl="15"/>
    <char id="48" x="366" y="337" width="40" height="60" xoffset="0" yoffset="18" xadvance="36" page="0" chnl="15"/>
    <char id="49" x="371" y="252" width="20" height="72" xoffset="3" yoffset="11" xadvance="23" page="0" chnl="15"/>
    <char id="50" x="378" y="158" width="40" height="72" xoffset="-2" yoffset="10" xadvance="33" page="0" chnl="15"/>
    <char id="51" x="393" y="232" width="39" height="92" xoffset="-2" yoffset="9" xadvance="33" page="0" chnl="15"/>
    <char id="52" x="418" y="2" width="45" height="92" xoffset="-3" yoffset="11" xadvance="38" page="0" chnl="15"/>
    <char id="53" x="420" y="96" width="42" height="93" xoffset="0" yoffset="10" xadvance="34" page="0" chnl="15"/>
    <char id="54" x="408" y="326" width="41" height="80" xoffset="0" yoffset="0" xadvance="34" page="0" chnl="15"/>
    <char id="55" x="410" y="408" width="42" height="84" xoffset="0" yoffset="12" xadvance="36" page="0" chnl="15"/>
    <char id="56" x="434" y="191" width="42" height="82" xoffset="-1" yoffset="2" xadvance="36" page="0" chnl="15"/>
    <char id="57" x="464" y="96" width="39" height="83" xoffset="0" yoffset="12" xadvance="35" page="0" chnl="15"/>
    <char id="32" x="0" y="0" width="0" height="0" xoffset="0" yoffset="12" xadvance="24" page="0" chnl="15"/>
  </chars>
</font>