{"frames": [
{
	"filename": "asteroid_A",
	"frame": {"x":683,"y":739,"w":62,"h":63},
	"rotated": false,
	"trimmed": true,
	"spriteSourceSize": {"x":31,"y":33,"w":62,"h":63},
	"sourceSize": {"w":124,"h":124},
	"anchor": {"w":0.40323,"h":0.41129}
},
{
	"filename": "asteroid_B",
	"frame": {"x":555,"y":739,"w":62,"h":63},
	"rotated": false,
	"trimmed": true,
	"spriteSourceSize": {"x":31,"y":33,"w":62,"h":63},
	"sourceSize": {"w":124,"h":124},
	"anchor": {"w":0.40323,"h":0.41129}
},
{
	"filename": "asteroid_C",
	"frame": {"x":363,"y":739,"w":62,"h":63},
	"rotated": false,
	"trimmed": true,
	"spriteSourceSize": {"x":31,"y":33,"w":62,"h":63},
	"sourceSize": {"w":124,"h":124},
	"anchor": {"w":0.40323,"h":0.41129}
},
{
	"filename": "asteroid_D",
	"frame": {"x":491,"y":739,"w":62,"h":63},
	"rotated": false,
	"trimmed": true,
	"spriteSourceSize": {"x":31,"y":33,"w":62,"h":63},
	"sourceSize": {"w":124,"h":124},
	"anchor": {"w":0.40323,"h":0.41129}
},
{
	"filename": "asteroid_E",
	"frame": {"x":619,"y":739,"w":62,"h":63},
	"rotated": false,
	"trimmed": true,
	"spriteSourceSize": {"x":31,"y":33,"w":62,"h":63},
	"sourceSize": {"w":124,"h":124},
	"anchor": {"w":0.40323,"h":0.41129}
},
{
	"filename": "asteroid_F",
	"frame": {"x":427,"y":739,"w":62,"h":63},
	"rotated": false,
	"trimmed": true,
	"spriteSourceSize": {"x":31,"y":33,"w":62,"h":63},
	"sourceSize": {"w":124,"h":124},
	"anchor": {"w":0.40323,"h":0.41129}
},
{
	"filename": "planeta_A",
	"frame": {"x":242,"y":501,"w":124,"h":90},
	"rotated": false,
	"trimmed": true,
	"spriteSourceSize": {"x":0,"y":18,"w":124,"h":90},
	"sourceSize": {"w":124,"h":124},
	"anchor": {"w":0.31452,"h":0.35484}
},
{
	"filename": "planeta_B",
	"frame": {"x":183,"y":685,"w":88,"h":89},
	"rotated": false,
	"trimmed": true,
	"spriteSourceSize": {"x":18,"y":20,"w":88,"h":89},
	"sourceSize": {"w":124,"h":124},
	"anchor": {"w":0.36290,"h":0.37097}
},
{
	"filename": "planeta_C",
	"frame": {"x":924,"y":640,"w":88,"h":89},
	"rotated": false,
	"trimmed": true,
	"spriteSourceSize": {"x":18,"y":20,"w":88,"h":89},
	"sourceSize": {"w":124,"h":124},
	"anchor": {"w":0.34677,"h":0.35484}
},
{
	"filename": "planeta_D",
	"frame": {"x":242,"y":593,"w":124,"h":90},
	"rotated": false,
	"trimmed": true,
	"spriteSourceSize": {"x":0,"y":18,"w":124,"h":90},
	"sourceSize": {"w":124,"h":124},
	"anchor": {"w":0.31452,"h":0.35484}
},
{
	"filename": "planeta_E",
	"frame": {"x":839,"y":731,"w":87,"h":88},
	"rotated": false,
	"trimmed": true,
	"spriteSourceSize": {"x":18,"y":19,"w":87,"h":88},
	"sourceSize": {"w":124,"h":124},
	"anchor": {"w":0.36290,"h":0.36290}
},
{
	"filename": "planeta_F",
	"frame": {"x":93,"y":604,"w":88,"h":89},
	"rotated": false,
	"trimmed": true,
	"spriteSourceSize": {"x":18,"y":20,"w":88,"h":89},
	"sourceSize": {"w":124,"h":124},
	"anchor": {"w":0.36290,"h":0.37097}
},
{
	"filename": "satelit",
	"frame": {"x":1,"y":604,"w":90,"h":91},
	"rotated": false,
	"trimmed": true,
	"spriteSourceSize": {"x":17,"y":19,"w":90,"h":91},
	"sourceSize": {"w":124,"h":124},
	"anchor": {"w":0.36290,"h":0.37097}
},
{
	"filename": "slunce",
	"frame": {"x":242,"y":375,"w":124,"h":124},
	"rotated": false,
	"trimmed": true,
	"spriteSourceSize": {"x":0,"y":0,"w":124,"h":124},
	"sourceSize": {"w":124,"h":124},
	"anchor": {"w":0.21774,"h":0.21774}
},
{
	"filename": "slunecni_zare",
	"frame": {"x":749,"y":540,"w":173,"h":174},
	"rotated": false,
	"trimmed": true,
	"spriteSourceSize": {"x":0,"y":0,"w":173,"h":174},
	"sourceSize": {"w":174,"h":174},
	"anchor": {"w":0.31034,"h":0.31034}
},
{
	"filename": "sputnik",
	"frame": {"x":924,"y":540,"w":96,"h":98},
	"rotated": false,
	"trimmed": true,
	"spriteSourceSize": {"x":14,"y":15,"w":96,"h":98},
	"sourceSize": {"w":124,"h":124},
	"anchor": {"w":0.35484,"h":0.35484}
},
{
	"filename": "ufo",
	"frame": {"x":928,"y":731,"w":86,"h":75},
	"rotated": false,
	"trimmed": true,
	"spriteSourceSize": {"x":19,"y":25,"w":86,"h":75},
	"sourceSize": {"w":124,"h":124},
	"anchor": {"w":0.37097,"h":0.38710}
},
{
	"filename": "explosion00",
	"frame": {"x":273,"y":685,"w":88,"h":88},
	"rotated": false,
	"trimmed": true,
	"spriteSourceSize": {"x":143,"y":143,"w":88,"h":88},
	"sourceSize": {"w":374,"h":374},
	"anchor": {"w":0.50000,"h":0.50000}
},
{
	"filename": "explosion01",
	"frame": {"x":1,"y":697,"w":88,"h":88},
	"rotated": false,
	"trimmed": true,
	"spriteSourceSize": {"x":143,"y":143,"w":88,"h":88},
	"sourceSize": {"w":374,"h":374},
	"anchor": {"w":0.50000,"h":0.50000}
},
{
	"filename": "explosion02",
	"frame": {"x":93,"y":695,"w":88,"h":88},
	"rotated": false,
	"trimmed": true,
	"spriteSourceSize": {"x":143,"y":143,"w":88,"h":88},
	"sourceSize": {"w":374,"h":374},
	"anchor": {"w":0.50000,"h":0.50000}
},
{
	"filename": "explosion03",
	"frame": {"x":749,"y":716,"w":88,"h":88},
	"rotated": false,
	"trimmed": true,
	"spriteSourceSize": {"x":143,"y":143,"w":88,"h":88},
	"sourceSize": {"w":374,"h":374},
	"anchor": {"w":0.50000,"h":0.50000}
},
{
	"filename": "explosion04",
	"frame": {"x":749,"y":288,"w":260,"h":250},
	"rotated": false,
	"trimmed": true,
	"spriteSourceSize": {"x":62,"y":62,"w":260,"h":250},
	"sourceSize": {"w":374,"h":374},
	"anchor": {"w":0.50000,"h":0.50000}
},
{
	"filename": "explosion05",
	"frame": {"x":376,"y":1,"w":370,"h":368},
	"rotated": false,
	"trimmed": true,
	"spriteSourceSize": {"x":2,"y":4,"w":370,"h":368},
	"sourceSize": {"w":374,"h":374},
	"anchor": {"w":0.50000,"h":0.50000}
},
{
	"filename": "explosion06",
	"frame": {"x":376,"y":371,"w":371,"h":366},
	"rotated": false,
	"trimmed": true,
	"spriteSourceSize": {"x":2,"y":7,"w":371,"h":366},
	"sourceSize": {"w":374,"h":374},
	"anchor": {"w":0.50000,"h":0.50000}
},
{
	"filename": "explosion07",
	"frame": {"x":1,"y":1,"w":373,"h":372},
	"rotated": false,
	"trimmed": true,
	"spriteSourceSize": {"x":1,"y":1,"w":373,"h":372},
	"sourceSize": {"w":374,"h":374},
	"anchor": {"w":0.50000,"h":0.50000}
},
{
	"filename": "explosion08",
	"frame": {"x":1,"y":375,"w":239,"h":227},
	"rotated": false,
	"trimmed": true,
	"spriteSourceSize": {"x":65,"y":71,"w":239,"h":227},
	"sourceSize": {"w":374,"h":374},
	"anchor": {"w":0.50000,"h":0.50000}
},
{
	"filename": "explosion09",
	"frame": {"x":748,"y":1,"w":275,"h":285},
	"rotated": false,
	"trimmed": true,
	"spriteSourceSize": {"x":47,"y":42,"w":275,"h":285},
	"sourceSize": {"w":374,"h":374},
	"anchor": {"w":0.50000,"h":0.50000}
}
],
"meta": {
	"app": "Spritor"
}
}
