<font>
  <info aa="1" bold="0" charset="" face="numbers" italic="0" outline="0" padding="2,2,2,2" size="50" smooth="1" spacing="0,0" stretchH="100" unicode=""/>
  <common base="25" lineHeight="50" packed="0" pages="1" scaleH="264" scaleW="115"/>
  <pages>
    <page file="numbers.png" id="0"/>
  </pages>
  <chars count="10">
    <char chnl="15" height="51" id="48" page="0" width="39" x="620" xadvance="42" xoffset="2" y="407" yoffset="0"/>
    <char chnl="15" height="49" id="49" page="0" width="25" x="153" xadvance="42" xoffset="6" y="385" yoffset="1"/>
    <char chnl="15" height="50" id="50" page="0" width="35" x="974" xadvance="42" xoffset="3" y="213" yoffset="0"/>
    <char chnl="15" height="51" id="51" page="0" width="35" x="974" xadvance="42" xoffset="3" y="160" yoffset="0"/>
    <char chnl="15" height="49" id="52" page="0" width="42" x="620" xadvance="42" xoffset="1" y="356" yoffset="1"/>
    <char chnl="15" height="50" id="53" page="0" width="34" x="922" xadvance="42" xoffset="4" y="703" yoffset="1"/>
    <char chnl="15" height="51" id="54" page="0" width="38" x="974" xadvance="42" xoffset="2" y="1" yoffset="0"/>
    <char chnl="15" height="49" id="55" page="0" width="34" x="958" xadvance="42" xoffset="3" y="703" yoffset="1"/>
    <char chnl="15" height="51" id="56" page="0" width="36" x="974" xadvance="42" xoffset="3" y="107" yoffset="0"/>
    <char chnl="15" height="51" id="57" page="0" width="38" x="974" xadvance="42" xoffset="2" y="54" yoffset="0"/>
    <char chnl="15" height="1" id="32" page="0" width="1" x="949" xadvance="18" xoffset="2" y="311" yoffset="0"/>
  </chars>
  <kernings count="36">
    <kerning amount="-3" first="48" second="49"/>
    <kerning amount="1" first="48" second="52"/>
    <kerning amount="-2" first="48" second="55"/>
    <kerning amount="-3" first="49" second="48"/>
    <kerning amount="-7" first="49" second="49"/>
    <kerning amount="-4" first="49" second="50"/>
    <kerning amount="-3" first="49" second="51"/>
    <kerning amount="-3" first="49" second="52"/>
    <kerning amount="-4" first="49" second="53"/>
    <kerning amount="-4" first="49" second="54"/>
    <kerning amount="-6" first="49" second="55"/>
    <kerning amount="-3" first="49" second="56"/>
    <kerning amount="-4" first="49" second="57"/>
    <kerning amount="-4" first="50" second="49"/>
    <kerning amount="0" first="50" second="52"/>
    <kerning amount="-3" first="50" second="55"/>
    <kerning amount="-4" first="51" second="49"/>
    <kerning amount="-1" first="51" second="52"/>
    <kerning amount="-3" first="51" second="55"/>
    <kerning amount="-4" first="52" second="49"/>
    <kerning amount="1" first="52" second="52"/>
    <kerning amount="-3" first="52" second="55"/>
    <kerning amount="-4" first="53" second="49"/>
    <kerning amount="0" first="53" second="52"/>
    <kerning amount="-2" first="53" second="55"/>
    <kerning amount="-5" first="54" second="49"/>
    <kerning amount="-4" first="54" second="55"/>
    <kerning amount="-3" first="55" second="49"/>
    <kerning amount="-2" first="55" second="52"/>
    <kerning amount="-3" first="55" second="54"/>
    <kerning amount="-2" first="55" second="55"/>
    <kerning amount="-4" first="56" second="49"/>
    <kerning amount="-3" first="56" second="55"/>
    <kerning amount="-3" first="57" second="49"/>
    <kerning amount="0" first="57" second="52"/>
    <kerning amount="-2" first="57" second="55"/>
  </kernings>
</font>
