<?xml version="1.0" encoding="UTF-8"?>
<spriter_data scml_version="1.0" generator="BrashMonkey Spriter" generator_version="r9">
    <folder id="0">
        <file id="0" name="kridlo.png" width="79" height="53" pivot_x="0.949367" pivot_y="0.226415"/>
        <file id="1" name="p01.png" width="38" height="46" pivot_x="0.263158" pivot_y="0.76087"/>
        <file id="2" name="p02.png" width="53" height="55" pivot_x="0.566038" pivot_y="0.763636"/>
        <file id="3" name="ridh.png" width="69" height="94" pivot_x="0.217391" pivot_y="0.521277"/>
        <file id="4" name="telo.png" width="171" height="124" pivot_x="0.54386" pivot_y="0.354839"/>
    </folder>
    <entity id="0" name="entity_000">
        <obj_info name="bone_000" type="bone" w="47.9306" h="10"/>
        <obj_info name="bone_001" type="bone" w="39.6813" h="10"/>
        <obj_info name="bone_002" type="bone" w="53.4334" h="10"/>
        <animation id="0" name="NewAnimation" length="1000" interval="100">
            <mainline>
                <key id="0">
                    <bone_ref id="0" timeline="5" key="0"/>
                    <bone_ref id="1" parent="0" timeline="6" key="0"/>
                    <bone_ref id="2" timeline="7" key="0"/>
                    <object_ref id="0" timeline="0" key="0" z_index="0"/>
                    <object_ref id="1" parent="0" timeline="1" key="0" z_index="1"/>
                    <object_ref id="2" parent="1" timeline="2" key="0" z_index="2"/>
                    <object_ref id="3" timeline="3" key="0" z_index="3"/>
                    <object_ref id="4" parent="2" timeline="4" key="0" z_index="4"/>
                </key>
                <key id="1" time="498">
                    <bone_ref id="0" timeline="5" key="1"/>
                    <bone_ref id="1" parent="0" timeline="6" key="1"/>
                    <bone_ref id="2" timeline="7" key="1"/>
                    <object_ref id="0" timeline="0" key="0" z_index="0"/>
                    <object_ref id="1" parent="0" timeline="1" key="1" z_index="1"/>
                    <object_ref id="2" parent="1" timeline="2" key="0" z_index="2"/>
                    <object_ref id="3" timeline="3" key="0" z_index="3"/>
                    <object_ref id="4" parent="2" timeline="4" key="0" z_index="4"/>
                </key>
            </mainline>
            <timeline id="0" name="telo">
                <key id="0" spin="0">
                    <object folder="0" file="4" x="0.486989" y="-0.485126" pivot_x="0.498448" pivot_y="0.499689"/>
                </key>
            </timeline>
            <timeline id="1" name="p02">
                <key id="0" spin="-1">
                    <object folder="0" file="2" x="0.40315" y="0.270405" angle="142.821418" scale_x="1" scale_y="1"/>
                </key>
                <key id="1" time="498">
                    <object folder="0" file="2" x="0.40315" y="0.270405" angle="99.791003" scale_x="1" scale_y="1"/>
                </key>
            </timeline>
            <timeline id="2" name="p01">
                <key id="0" spin="0">
                    <object folder="0" file="1" x="2.645663" y="-0.850875" pivot_x="0.157207" pivot_y="0.848275" angle="75.113733" scale_x="1"/>
                </key>
            </timeline>
            <timeline id="3" name="ridh">
                <key id="0" spin="0">
                    <object folder="0" file="3" x="-9.430166" y="8.732141" pivot_x="0.221429" pivot_y="0.505723"/>
                </key>
            </timeline>
            <timeline id="4" name="kridlo">
                <key id="0" spin="0">
                    <object folder="0" file="0" x="0.090314" y="-0.274213" pivot_x="0.949818" pivot_y="0.213502" angle="205.316672"/>
                </key>
            </timeline>
            <timeline id="5" obj="0" name="bone_000" object_type="bone">
                <key id="0" spin="-1">
                    <bone x="-30.582524" y="-14.07767" angle="236.14899"/>
                </key>
                <key id="1" time="498">
                    <bone x="-30.582524" y="-14.07767" angle="217.303948"/>
                </key>
            </timeline>
            <timeline id="6" obj="1" name="bone_001" object_type="bone">
                <key id="0">
                    <bone x="-22.600979" y="41.539193" angle="48.737277" scale_x="1"/>
                </key>
                <key id="1" time="498" spin="-1">
                    <bone x="-22.600979" y="41.539193" angle="115.490775" scale_x="1"/>
                </key>
            </timeline>
            <timeline id="7" obj="2" name="bone_002" object_type="bone">
                <key id="0" spin="-1">
                    <bone x="20.38835" y="-8.252427" angle="154.683328" scale_x="1" scale_y="0.232808"/>
                </key>
                <key id="1" time="498">
                    <bone x="20.38835" y="-8.252427" angle="131.633539"/>
                </key>
            </timeline>
        </animation>
    </entity>
</spriter_data>
