<font>
  <info aa="1" bold="0" charset="" face="font" italic="0" outline="0" padding="2,2,2,2" size="64" smooth="1" spacing="0,0" stretchH="100" unicode=""/>
  <common base="52" lineHeight="60" packed="0" pages="1" scaleH="380" scaleW="93"/>
  <pages>
    <page file="font.png" id="0"/>
  </pages>
  <chars count="12">
    <char chnl="15" height="52" id="48" page="0" width="37" x="936" xadvance="41" xoffset="0" y="142" yoffset="0"/>
    <char chnl="15" height="52" id="49" page="0" width="22" x="792" xadvance="41" xoffset="9" y="651" yoffset="0"/>
    <char chnl="15" height="52" id="50" page="0" width="32" x="977" xadvance="41" xoffset="5" y="351" yoffset="0"/>
    <char chnl="15" height="52" id="51" page="0" width="32" x="942" xadvance="41" xoffset="4" y="371" yoffset="0"/>
    <char chnl="15" height="51" id="52" page="0" width="35" x="975" xadvance="41" xoffset="2" y="142" yoffset="0"/>
    <char chnl="15" height="52" id="53" page="0" width="34" x="977" xadvance="41" xoffset="3" y="195" yoffset="0"/>
    <char chnl="15" height="52" id="54" page="0" width="33" x="977" xadvance="41" xoffset="3" y="297" yoffset="0"/>
    <char chnl="15" height="51" id="55" page="0" width="31" x="985" xadvance="41" xoffset="5" y="560" yoffset="1"/>
    <char chnl="15" height="52" id="56" page="0" width="32" x="976" xadvance="41" xoffset="3" y="405" yoffset="0"/>
    <char chnl="15" height="52" id="57" page="0" width="32" x="985" xadvance="41" xoffset="4" y="459" yoffset="0"/>
    <char chnl="15" height="52" id="58" page="0" width="21" x="342" xadvance="25" xoffset="2" y="662" yoffset="0"/>
    <char chnl="15" height="1" id="45" page="0" width="1" x="932" xadvance="21" xoffset="0" y="1" yoffset="51"/>
    <char chnl="15" height="1" id="32" page="0" width="1" x="932" xadvance="21" xoffset="0" y="1" yoffset="51"/>
  </chars>
  <kernings count="11">
    <kerning amount="-2" first="48" second="49"/>
    <kerning amount="-3" first="48" second="58"/>
    <kerning amount="-2" first="49" second="50"/>
    <kerning amount="-1" first="50" second="51"/>
    <kerning amount="-3" first="51" second="52"/>
    <kerning amount="-3" first="52" second="53"/>
    <kerning amount="-4" first="52" second="58"/>
    <kerning amount="-1" first="54" second="55"/>
    <kerning amount="-1" first="55" second="56"/>
    <kerning amount="-2" first="56" second="57"/>
    <kerning amount="-2" first="58" second="52"/>
  </kernings>
</font>
