<?xml version="1.0" encoding="UTF-8"?>
<spriter_data scml_version="1.0" generator="BrashMonkey Spriter" generator_version="r7">
    <folder id="0">
        <file id="0" name="hlava.png" width="38" height="46" pivot_x="0.5" pivot_y="0"/>
        <file id="1" name="lytko.png" width="30" height="24" pivot_x="0.8" pivot_y="0.791667"/>
        <file id="2" name="lytkoz.png" width="22" height="30" pivot_x="0.318182" pivot_y="0.766667"/>
        <file id="3" name="ruka.png" width="58" height="24" pivot_x="0.137931" pivot_y="0.708333"/>
        <file id="4" name="rukaz.png" width="38" height="36" pivot_x="0.815789" pivot_y="0.777778"/>
        <file id="5" name="stehno.png" width="28" height="38" pivot_x="0.678571" pivot_y="0.789474"/>
        <file id="6" name="stehnoz.png" width="40" height="28" pivot_x="0.275" pivot_y="0.392857"/>
        <file id="7" name="trup.png" width="26" height="54" pivot_x="0.461538" pivot_y="0.148148"/>
        <file id="8" name="bota.png" width="12" height="26" pivot_x="0.666667" pivot_y="0.692308"/>
        <file id="9" name="hlava2.png" width="38" height="46" pivot_x="0.5" pivot_y="0"/>
        <file id="10" name="trup2.png" width="26" height="54" pivot_x="0.461538" pivot_y="0.148148"/>
        <file id="11" name="trup3.png" width="26" height="54" pivot_x="0.461538" pivot_y="0.148148"/>
        <file id="12" name="hlava3.png" width="38" height="46" pivot_x="0.5" pivot_y="0"/>
        <file id="13" name="lytko3.png" width="30" height="24" pivot_x="0.8" pivot_y="0.791667"/>
        <file id="14" name="lytko2.png" width="30" height="24" pivot_x="0.8" pivot_y="0.791667"/>
        <file id="15" name="lytkoz2.png" width="22" height="30" pivot_x="0.318182" pivot_y="0.766667"/>
        <file id="16" name="ruka2.png" width="58" height="24" pivot_x="0.137931" pivot_y="0.708333"/>
        <file id="17" name="rukaz2.png" width="38" height="36" pivot_x="0.815789" pivot_y="0.777778"/>
        <file id="18" name="stehno2.png" width="28" height="38" pivot_x="0.678571" pivot_y="0.789474"/>
        <file id="19" name="stehnoz2.png" width="40" height="28" pivot_x="0.275" pivot_y="0.392857"/>
        <file id="20" name="lytkoz3.png" width="22" height="30" pivot_x="0.318182" pivot_y="0.766667"/>
        <file id="21" name="ruka3.png" width="58" height="24" pivot_x="0.137931" pivot_y="0.708333"/>
        <file id="22" name="rukaz3.png" width="38" height="36" pivot_x="0.815789" pivot_y="0.777778"/>
        <file id="23" name="stehno3.png" width="28" height="38" pivot_x="0.678571" pivot_y="0.789474"/>
        <file id="24" name="stehnoz3.png" width="40" height="28" pivot_x="0.275" pivot_y="0.392857"/>
    </folder>
    <entity id="0" name="entity_000">
        <obj_info name="trup_000" type="bone" w="44.1675" h="10"/>
        <obj_info name="hlava_001" type="bone" w="25.7361" h="10"/>
        <obj_info name="ruka predni" type="bone" w="33.1674" h="10"/>
        <obj_info name="ruka zadni" type="bone" w="18.8828" h="10"/>
        <obj_info name="stehno_000" type="bone" w="28.6973" h="10"/>
        <obj_info name="lytko_000" type="bone" w="25.1937" h="10"/>
        <obj_info name="bota_001" type="bone" w="14.5747" h="10"/>
        <obj_info name="stehno zadni" type="bone" w="27.8665" h="10"/>
        <obj_info name="lytko zadni" type="bone" w="23.4817" h="10"/>
        <obj_info name="bota zadni" type="bone" w="15.1739" h="10"/>
        <character_map id="0" name="Oponent1">
            <map folder="0" file="0" target_folder="0" target_file="12"/>
            <map folder="0" file="7" target_folder="0" target_file="10"/>
            <map folder="0" file="1" target_folder="0" target_file="14"/>
            <map folder="0" file="2" target_folder="0" target_file="15"/>
            <map folder="0" file="3" target_folder="0" target_file="16"/>
            <map folder="0" file="4" target_folder="0" target_file="17"/>
            <map folder="0" file="5" target_folder="0" target_file="18"/>
            <map folder="0" file="6" target_folder="0" target_file="19"/>
        </character_map>
        <character_map id="1" name="Oponent2">
            <map folder="0" file="0" target_folder="0" target_file="9"/>
            <map folder="0" file="7" target_folder="0" target_file="11"/>
            <map folder="0" file="1" target_folder="0" target_file="13"/>
            <map folder="0" file="2" target_folder="0" target_file="20"/>
            <map folder="0" file="3" target_folder="0" target_file="21"/>
            <map folder="0" file="4" target_folder="0" target_file="22"/>
            <map folder="0" file="5" target_folder="0" target_file="23"/>
            <map folder="0" file="6" target_folder="0" target_file="24"/>
        </character_map>
        <animation id="0" name="running" length="800" interval="100">
            <mainline>
                <key id="0">
                    <bone_ref id="0" timeline="10" key="0"/>
                    <bone_ref id="1" parent="0" timeline="11" key="0"/>
                    <bone_ref id="2" parent="0" timeline="12" key="0"/>
                    <bone_ref id="3" parent="0" timeline="13" key="0"/>
                    <bone_ref id="4" parent="0" timeline="14" key="0"/>
                    <bone_ref id="5" parent="4" timeline="15" key="0"/>
                    <bone_ref id="6" parent="5" timeline="16" key="0"/>
                    <bone_ref id="7" parent="0" timeline="17" key="0"/>
                    <bone_ref id="8" parent="7" timeline="18" key="0"/>
                    <bone_ref id="9" parent="8" timeline="19" key="0"/>
                    <object_ref id="0" parent="8" timeline="7" key="0" z_index="0"/>
                    <object_ref id="1" parent="7" timeline="4" key="0" z_index="1"/>
                    <object_ref id="2" parent="9" timeline="9" key="0" z_index="2"/>
                    <object_ref id="3" parent="3" timeline="3" key="0" z_index="3"/>
                    <object_ref id="4" parent="1" timeline="1" key="0" z_index="4"/>
                    <object_ref id="5" parent="0" timeline="0" key="0" z_index="5"/>
                    <object_ref id="6" parent="5" timeline="6" key="0" z_index="6"/>
                    <object_ref id="7" parent="4" timeline="5" key="0" z_index="7"/>
                    <object_ref id="8" parent="6" timeline="8" key="0" z_index="8"/>
                    <object_ref id="9" parent="2" timeline="2" key="0" z_index="9"/>
                </key>
                <key id="1" time="99" curve_type="bezier" c1="0" c2="0.2701" c3="0.4121" c4="0.995261">
                    <bone_ref id="0" timeline="10" key="0"/>
                    <bone_ref id="1" parent="0" timeline="11" key="0"/>
                    <bone_ref id="2" parent="0" timeline="12" key="0"/>
                    <bone_ref id="3" parent="0" timeline="13" key="0"/>
                    <bone_ref id="4" parent="0" timeline="14" key="1"/>
                    <bone_ref id="5" parent="4" timeline="15" key="1"/>
                    <bone_ref id="6" parent="5" timeline="16" key="1"/>
                    <bone_ref id="7" parent="0" timeline="17" key="0"/>
                    <bone_ref id="8" parent="7" timeline="18" key="1"/>
                    <bone_ref id="9" parent="8" timeline="19" key="1"/>
                    <object_ref id="0" parent="8" timeline="7" key="0" z_index="0"/>
                    <object_ref id="1" parent="7" timeline="4" key="0" z_index="1"/>
                    <object_ref id="2" parent="9" timeline="9" key="0" z_index="2"/>
                    <object_ref id="3" parent="3" timeline="3" key="0" z_index="3"/>
                    <object_ref id="4" parent="1" timeline="1" key="0" z_index="4"/>
                    <object_ref id="5" parent="0" timeline="0" key="0" z_index="5"/>
                    <object_ref id="6" parent="5" timeline="6" key="0" z_index="6"/>
                    <object_ref id="7" parent="4" timeline="5" key="0" z_index="7"/>
                    <object_ref id="8" parent="6" timeline="8" key="0" z_index="8"/>
                    <object_ref id="9" parent="2" timeline="2" key="0" z_index="9"/>
                </key>
                <key id="2" time="199" curve_type="bezier" c1="0.536013" c2="0.2417" c3="0.4154" c4="0.843602">
                    <bone_ref id="0" timeline="10" key="1"/>
                    <bone_ref id="1" parent="0" timeline="11" key="1"/>
                    <bone_ref id="2" parent="0" timeline="12" key="1"/>
                    <bone_ref id="3" parent="0" timeline="13" key="1"/>
                    <bone_ref id="4" parent="0" timeline="14" key="2"/>
                    <bone_ref id="5" parent="4" timeline="15" key="2"/>
                    <bone_ref id="6" parent="5" timeline="16" key="2"/>
                    <bone_ref id="7" parent="0" timeline="17" key="1"/>
                    <bone_ref id="8" parent="7" timeline="18" key="2"/>
                    <bone_ref id="9" parent="8" timeline="19" key="2"/>
                    <object_ref id="0" parent="8" timeline="7" key="0" z_index="0"/>
                    <object_ref id="1" parent="7" timeline="4" key="0" z_index="1"/>
                    <object_ref id="2" parent="9" timeline="9" key="0" z_index="2"/>
                    <object_ref id="3" parent="3" timeline="3" key="0" z_index="3"/>
                    <object_ref id="4" parent="1" timeline="1" key="0" z_index="4"/>
                    <object_ref id="5" parent="0" timeline="0" key="0" z_index="5"/>
                    <object_ref id="6" parent="5" timeline="6" key="0" z_index="6"/>
                    <object_ref id="7" parent="4" timeline="5" key="0" z_index="7"/>
                    <object_ref id="8" parent="6" timeline="8" key="0" z_index="8"/>
                    <object_ref id="9" parent="2" timeline="2" key="0" z_index="9"/>
                </key>
                <key id="3" time="299" curve_type="bezier" c1="0.549414" c2="0.1185" c3="0.6667" c4="0.6667">
                    <bone_ref id="0" timeline="10" key="1"/>
                    <bone_ref id="1" parent="0" timeline="11" key="1"/>
                    <bone_ref id="2" parent="0" timeline="12" key="1"/>
                    <bone_ref id="3" parent="0" timeline="13" key="1"/>
                    <bone_ref id="4" parent="0" timeline="14" key="3"/>
                    <bone_ref id="5" parent="4" timeline="15" key="3"/>
                    <bone_ref id="6" parent="5" timeline="16" key="2"/>
                    <bone_ref id="7" parent="0" timeline="17" key="2"/>
                    <bone_ref id="8" parent="7" timeline="18" key="2"/>
                    <bone_ref id="9" parent="8" timeline="19" key="2"/>
                    <object_ref id="0" parent="8" timeline="7" key="0" z_index="0"/>
                    <object_ref id="1" parent="7" timeline="4" key="0" z_index="1"/>
                    <object_ref id="2" parent="9" timeline="9" key="0" z_index="2"/>
                    <object_ref id="3" parent="3" timeline="3" key="0" z_index="3"/>
                    <object_ref id="4" parent="1" timeline="1" key="0" z_index="4"/>
                    <object_ref id="5" parent="0" timeline="0" key="0" z_index="5"/>
                    <object_ref id="6" parent="5" timeline="6" key="0" z_index="6"/>
                    <object_ref id="7" parent="4" timeline="5" key="0" z_index="7"/>
                    <object_ref id="8" parent="6" timeline="8" key="0" z_index="8"/>
                    <object_ref id="9" parent="2" timeline="2" key="0" z_index="9"/>
                </key>
                <key id="4" time="399" curve_type="bezier" c1="0.4573" c2="0.0616114" c3="0.6667" c4="0.6667">
                    <bone_ref id="0" timeline="10" key="2"/>
                    <bone_ref id="1" parent="0" timeline="11" key="2"/>
                    <bone_ref id="2" parent="0" timeline="12" key="2"/>
                    <bone_ref id="3" parent="0" timeline="13" key="1"/>
                    <bone_ref id="4" parent="0" timeline="14" key="4"/>
                    <bone_ref id="5" parent="4" timeline="15" key="4"/>
                    <bone_ref id="6" parent="5" timeline="16" key="3"/>
                    <bone_ref id="7" parent="0" timeline="17" key="3"/>
                    <bone_ref id="8" parent="7" timeline="18" key="3"/>
                    <bone_ref id="9" parent="8" timeline="19" key="3"/>
                    <object_ref id="0" parent="8" timeline="7" key="0" z_index="0"/>
                    <object_ref id="1" parent="7" timeline="4" key="0" z_index="1"/>
                    <object_ref id="2" parent="9" timeline="9" key="0" z_index="2"/>
                    <object_ref id="3" parent="3" timeline="3" key="0" z_index="3"/>
                    <object_ref id="4" parent="1" timeline="1" key="0" z_index="4"/>
                    <object_ref id="5" parent="0" timeline="0" key="0" z_index="5"/>
                    <object_ref id="6" parent="5" timeline="6" key="0" z_index="6"/>
                    <object_ref id="7" parent="4" timeline="5" key="0" z_index="7"/>
                    <object_ref id="8" parent="6" timeline="8" key="0" z_index="8"/>
                    <object_ref id="9" parent="2" timeline="2" key="0" z_index="9"/>
                </key>
                <key id="5" time="499" curve_type="bezier" c1="0" c2="0.3365" c3="0.6047" c4="0.8341">
                    <bone_ref id="0" timeline="10" key="2"/>
                    <bone_ref id="1" parent="0" timeline="11" key="3"/>
                    <bone_ref id="2" parent="0" timeline="12" key="2"/>
                    <bone_ref id="3" parent="0" timeline="13" key="1"/>
                    <bone_ref id="4" parent="0" timeline="14" key="5"/>
                    <bone_ref id="5" parent="4" timeline="15" key="5"/>
                    <bone_ref id="6" parent="5" timeline="16" key="3"/>
                    <bone_ref id="7" parent="0" timeline="17" key="3"/>
                    <bone_ref id="8" parent="7" timeline="18" key="3"/>
                    <bone_ref id="9" parent="8" timeline="19" key="3"/>
                    <object_ref id="0" parent="8" timeline="7" key="0" z_index="0"/>
                    <object_ref id="1" parent="7" timeline="4" key="0" z_index="1"/>
                    <object_ref id="2" parent="9" timeline="9" key="0" z_index="2"/>
                    <object_ref id="3" parent="3" timeline="3" key="0" z_index="3"/>
                    <object_ref id="4" parent="1" timeline="1" key="0" z_index="4"/>
                    <object_ref id="5" parent="0" timeline="0" key="0" z_index="5"/>
                    <object_ref id="6" parent="5" timeline="6" key="0" z_index="6"/>
                    <object_ref id="7" parent="4" timeline="5" key="0" z_index="7"/>
                    <object_ref id="8" parent="6" timeline="8" key="0" z_index="8"/>
                    <object_ref id="9" parent="2" timeline="2" key="0" z_index="9"/>
                </key>
                <key id="6" time="599" curve_type="bezier" c1="0.3333" c2="0.3333" c3="0.7554" c4="0.236967">
                    <bone_ref id="0" timeline="10" key="3"/>
                    <bone_ref id="1" parent="0" timeline="11" key="4"/>
                    <bone_ref id="2" parent="0" timeline="12" key="3"/>
                    <bone_ref id="3" parent="0" timeline="13" key="2"/>
                    <bone_ref id="4" parent="0" timeline="14" key="6"/>
                    <bone_ref id="5" parent="4" timeline="15" key="6"/>
                    <bone_ref id="6" parent="5" timeline="16" key="4"/>
                    <bone_ref id="7" parent="0" timeline="17" key="4"/>
                    <bone_ref id="8" parent="7" timeline="18" key="4"/>
                    <bone_ref id="9" parent="8" timeline="19" key="4"/>
                    <object_ref id="0" parent="8" timeline="7" key="0" z_index="0"/>
                    <object_ref id="1" parent="7" timeline="4" key="0" z_index="1"/>
                    <object_ref id="2" parent="9" timeline="9" key="0" z_index="2"/>
                    <object_ref id="3" parent="3" timeline="3" key="0" z_index="3"/>
                    <object_ref id="4" parent="1" timeline="1" key="0" z_index="4"/>
                    <object_ref id="5" parent="0" timeline="0" key="0" z_index="5"/>
                    <object_ref id="6" parent="5" timeline="6" key="0" z_index="6"/>
                    <object_ref id="7" parent="4" timeline="5" key="0" z_index="7"/>
                    <object_ref id="8" parent="6" timeline="8" key="0" z_index="8"/>
                    <object_ref id="9" parent="2" timeline="2" key="0" z_index="9"/>
                </key>
                <key id="7" time="699">
                    <bone_ref id="0" timeline="10" key="3"/>
                    <bone_ref id="1" parent="0" timeline="11" key="5"/>
                    <bone_ref id="2" parent="0" timeline="12" key="3"/>
                    <bone_ref id="3" parent="0" timeline="13" key="2"/>
                    <bone_ref id="4" parent="0" timeline="14" key="7"/>
                    <bone_ref id="5" parent="4" timeline="15" key="7"/>
                    <bone_ref id="6" parent="5" timeline="16" key="5"/>
                    <bone_ref id="7" parent="0" timeline="17" key="5"/>
                    <bone_ref id="8" parent="7" timeline="18" key="5"/>
                    <bone_ref id="9" parent="8" timeline="19" key="5"/>
                    <object_ref id="0" parent="8" timeline="7" key="0" z_index="0"/>
                    <object_ref id="1" parent="7" timeline="4" key="0" z_index="1"/>
                    <object_ref id="2" parent="9" timeline="9" key="0" z_index="2"/>
                    <object_ref id="3" parent="3" timeline="3" key="0" z_index="3"/>
                    <object_ref id="4" parent="1" timeline="1" key="0" z_index="4"/>
                    <object_ref id="5" parent="0" timeline="0" key="0" z_index="5"/>
                    <object_ref id="6" parent="5" timeline="6" key="0" z_index="6"/>
                    <object_ref id="7" parent="4" timeline="5" key="0" z_index="7"/>
                    <object_ref id="8" parent="6" timeline="8" key="0" z_index="8"/>
                    <object_ref id="9" parent="2" timeline="2" key="0" z_index="9"/>
                </key>
            </mainline>
            <timeline id="0" name="trup">
                <key id="0" time="199" spin="0">
                    <object folder="0" file="7" x="1.672149" y="-0.822278" angle="270.379437"/>
                </key>
            </timeline>
            <timeline id="1" name="hlava">
                <key id="0" time="199" spin="0">
                    <object folder="0" file="0" x="-0.988942" y="-2.807322" angle="284.476051"/>
                </key>
            </timeline>
            <timeline id="2" name="ruka">
                <key id="0" time="199" spin="0">
                    <object folder="0" file="3" x="1.291149" y="0.511807" angle="21.623196"/>
                </key>
            </timeline>
            <timeline id="3" name="rukaz">
                <key id="0" time="199" spin="0">
                    <object folder="0" file="4" x="1.97368" y="2.124872" angle="153.811889"/>
                </key>
            </timeline>
            <timeline id="4" name="stehnoz">
                <key id="0" time="199" spin="0">
                    <object folder="0" file="6" x="3.245188" y="-0.199363" angle="336.501434"/>
                </key>
            </timeline>
            <timeline id="5" name="stehno">
                <key id="0" time="199" spin="0">
                    <object folder="0" file="5" x="-1.632086" y="1.97356" angle="117.061106"/>
                </key>
            </timeline>
            <timeline id="6" name="lytko">
                <key id="0" time="199" spin="0">
                    <object folder="0" file="1" x="-1.699793" y="-0.52372" angle="145.784298"/>
                </key>
            </timeline>
            <timeline id="7" name="lytkoz">
                <key id="0" time="199" spin="0">
                    <object folder="0" file="2" x="-0.739347" y="0.384461" angle="62.525568"/>
                </key>
            </timeline>
            <timeline id="8" name="bota">
                <key id="0" time="199" spin="0">
                    <object folder="0" file="8" x="-0.344118" y="3.690007" angle="82.333196"/>
                </key>
            </timeline>
            <timeline id="9" name="bota_000">
                <key id="0" time="199" spin="0">
                    <object folder="0" file="8" x="1.901821" y="4.322321" angle="81.626757"/>
                </key>
            </timeline>
            <timeline id="10" obj="0" name="trup_000" object_type="bone">
                <key id="0">
                    <bone x="-0.16567" y="0.920528" angle="82.220883"/>
                </key>
                <key id="1" time="199" spin="-1">
                    <bone x="-0.277777" y="25.271905" angle="94.014717"/>
                </key>
                <key id="2" time="399">
                    <bone x="-0.277777" y="0.833333" angle="81.887904"/>
                </key>
                <key id="3" time="599" spin="-1">
                    <bone x="-0.053562" y="20.241535" angle="89.620563"/>
                </key>
            </timeline>
            <timeline id="11" obj="1" name="hlava_001" object_type="bone">
                <key id="0">
                    <bone x="44.582222" y="0.785455" angle="335.256674"/>
                </key>
                <key id="1" time="199" spin="-1">
                    <bone x="45.262521" y="1.342187" angle="345.903386"/>
                </key>
                <key id="2" time="399">
                    <bone x="43.891756" y="-1.681001" angle="327.752552"/>
                </key>
                <key id="3" time="499">
                    <bone x="44.713869" y="0.297966" angle="341.162007"/>
                </key>
                <key id="4" time="599" spin="-1">
                    <bone x="44.307475" y="1.741515" angle="356.287798"/>
                </key>
                <key id="5" time="699" spin="-1">
                    <bone x="43.605439" y="-0.110617" angle="345.772236"/>
                </key>
            </timeline>
            <timeline id="12" obj="2" name="ruka predni" object_type="bone">
                <key id="0">
                    <bone x="35.073029" y="1.669887" angle="159.589889"/>
                </key>
                <key id="1" time="199" spin="-1">
                    <bone x="36.595347" y="-3.091053" angle="248.756241"/>
                </key>
                <key id="2" time="399" spin="-1">
                    <bone x="37.903878" y="2.056614" angle="159.811786"/>
                </key>
                <key id="3" time="599">
                    <bone x="37.370409" y="5.710569" angle="113.75624"/>
                </key>
            </timeline>
            <timeline id="13" obj="3" name="ruka zadni" object_type="bone">
                <key id="0" spin="-1">
                    <bone x="38.394027" y="-0.823536" angle="176.789117"/>
                </key>
                <key id="1" time="199">
                    <bone x="39.962332" y="5.820329" angle="116.567547"/>
                </key>
                <key id="2" time="599" spin="-1">
                    <bone x="36.809961" y="-7.534173" angle="237.615521"/>
                </key>
            </timeline>
            <timeline id="14" obj="4" name="stehno_000" object_type="bone">
                <key id="0" spin="-1">
                    <bone x="1.756155" y="0.474603" angle="177.721184"/>
                </key>
                <key id="1" time="99" spin="-1">
                    <bone x="1.008685" y="1.488194" angle="159.270528"/>
                </key>
                <key id="2" time="199">
                    <bone x="2.483389" y="2.516501" angle="153.318331"/>
                </key>
                <key id="3" time="299">
                    <bone x="0.920233" y="0.862594" angle="172.181899"/>
                </key>
                <key id="4" time="399">
                    <bone x="0.843432" y="-1.522226" angle="221.084654"/>
                </key>
                <key id="5" time="499">
                    <bone x="1.123503" y="-1.867601" angle="237.427269"/>
                </key>
                <key id="6" time="599" spin="-1">
                    <bone x="1.403575" y="-2.212976" angle="276.598753"/>
                </key>
                <key id="7" time="699" spin="-1">
                    <bone x="0.753908" y="-1.985792" angle="218.073676"/>
                </key>
            </timeline>
            <timeline id="15" obj="5" name="lytko_000" object_type="bone">
                <key id="0" spin="-1">
                    <bone x="29.09136" y="0.930284" angle="349.181834"/>
                </key>
                <key id="1" time="99" spin="-1">
                    <bone x="29.828669" y="0.162655" angle="345.912"/>
                </key>
                <key id="2" time="199" spin="-1">
                    <bone x="30.565979" y="-0.604974" angle="331.276808"/>
                </key>
                <key id="3" time="299" spin="-1">
                    <bone x="28.743521" y="-1.299895" angle="251.577044"/>
                </key>
                <key id="4" time="399">
                    <bone x="26.921063" y="-1.994815" angle="230.800686"/>
                </key>
                <key id="5" time="499">
                    <bone x="27.281572" y="-1.80698" angle="241.451158"/>
                </key>
                <key id="6" time="599">
                    <bone x="27.438128" y="-1.102381" angle="252.10163"/>
                </key>
                <key id="7" time="699">
                    <bone x="28.264744" y="-0.086049" angle="334.968684"/>
                </key>
            </timeline>
            <timeline id="16" obj="6" name="bota_001" object_type="bone">
                <key id="0" spin="-1">
                    <bone x="27.014967" y="2.64567" angle="105.762273"/>
                </key>
                <key id="1" time="99" spin="-1">
                    <bone x="27.814722" y="1.067121" angle="85.759344"/>
                </key>
                <key id="2" time="199">
                    <bone x="28.271698" y="-0.413463" angle="63.451102"/>
                </key>
                <key id="3" time="399" spin="-1">
                    <bone x="27.722502" y="2.371652" angle="102.571585"/>
                </key>
                <key id="4" time="599" spin="-1">
                    <bone x="27.558953" y="0.290157" angle="74.822146"/>
                </key>
                <key id="5" time="699">
                    <bone x="27.391464" y="1.03183" angle="71.545413"/>
                </key>
            </timeline>
            <timeline id="17" obj="7" name="stehno zadni" object_type="bone">
                <key id="0">
                    <bone x="1.67031" y="-0.544506" angle="203.46457"/>
                </key>
                <key id="1" time="199" spin="-1">
                    <bone x="-2.214815" y="-1.125803" angle="293.878002"/>
                </key>
                <key id="2" time="299" spin="-1">
                    <bone x="-0.541746" y="-2.086967" angle="214.560038"/>
                </key>
                <key id="3" time="399" spin="-1">
                    <bone x="1.131322" y="-3.04813" angle="175.251245"/>
                </key>
                <key id="4" time="599">
                    <bone x="-2.214815" y="-1.125803" angle="127.57755"/>
                </key>
                <key id="5" time="699">
                    <bone x="-0.272252" y="-0.835155" angle="159.023836"/>
                </key>
            </timeline>
            <timeline id="18" obj="8" name="lytko zadni" object_type="bone">
                <key id="0">
                    <bone x="28.480671" y="-2.380289" angle="230.955355"/>
                </key>
                <key id="1" time="99">
                    <bone x="28.533559" y="-2.103892" angle="239.785129"/>
                </key>
                <key id="2" time="199">
                    <bone x="28.586447" y="-1.827495" angle="273.975866"/>
                </key>
                <key id="3" time="399" spin="-1">
                    <bone x="30.549034" y="-0.973252" angle="343.163589"/>
                </key>
                <key id="4" time="599" spin="-1">
                    <bone x="30.400114" y="0.76894" angle="331.768317"/>
                </key>
                <key id="5" time="699" spin="-1">
                    <bone x="29.440393" y="-0.805675" angle="260.984573"/>
                </key>
            </timeline>
            <timeline id="19" obj="9" name="bota zadni" object_type="bone">
                <key id="0" spin="-1">
                    <bone x="25.79865" y="4.337357" angle="130.597903"/>
                </key>
                <key id="1" time="99" spin="-1">
                    <bone x="25.440747" y="2.85377" angle="125.864921"/>
                </key>
                <key id="2" time="199">
                    <bone x="25.709571" y="-0.53233" angle="86.275063"/>
                </key>
                <key id="3" time="399" spin="-1">
                    <bone x="26.428424" y="2.719773" angle="114.309033"/>
                </key>
                <key id="4" time="599" spin="-1">
                    <bone x="25.517202" y="1.628638" angle="105.372564"/>
                </key>
                <key id="5" time="699">
                    <bone x="26.168058" y="1.661658" angle="100.14601"/>
                </key>
            </timeline>
        </animation>
        <animation id="1" name="odraz" length="200" interval="100" looping="false">
            <mainline>
                <key id="0" curve_type="bezier" c1="0" c2="0.682464" c3="0.5595" c4="0.995261">
                    <bone_ref id="0" timeline="10" key="0"/>
                    <bone_ref id="1" parent="0" timeline="11" key="0"/>
                    <bone_ref id="2" parent="0" timeline="12" key="0"/>
                    <bone_ref id="3" parent="0" timeline="13" key="0"/>
                    <bone_ref id="4" parent="0" timeline="14" key="0"/>
                    <bone_ref id="5" parent="4" timeline="15" key="0"/>
                    <bone_ref id="6" parent="5" timeline="16" key="0"/>
                    <bone_ref id="7" parent="0" timeline="17" key="0"/>
                    <bone_ref id="8" parent="7" timeline="18" key="0"/>
                    <bone_ref id="9" parent="8" timeline="19" key="0"/>
                    <object_ref id="0" parent="8" timeline="7" key="0" z_index="0"/>
                    <object_ref id="1" parent="7" timeline="4" key="0" z_index="1"/>
                    <object_ref id="2" parent="9" timeline="9" key="0" z_index="2"/>
                    <object_ref id="3" parent="3" timeline="3" key="0" z_index="3"/>
                    <object_ref id="4" parent="1" timeline="1" key="0" z_index="4"/>
                    <object_ref id="5" parent="0" timeline="0" key="0" z_index="5"/>
                    <object_ref id="6" parent="5" timeline="6" key="0" z_index="6"/>
                    <object_ref id="7" parent="4" timeline="5" key="0" z_index="7"/>
                    <object_ref id="8" parent="6" timeline="8" key="0" z_index="8"/>
                    <object_ref id="9" parent="2" timeline="2" key="0" z_index="9"/>
                </key>
                <key id="1" time="40" curve_type="bezier" c1="0" c2="0.682464" c3="0.5595" c4="0.995261">
                    <bone_ref id="0" timeline="10" key="1"/>
                    <bone_ref id="1" parent="0" timeline="11" key="1"/>
                    <bone_ref id="2" parent="0" timeline="12" key="1"/>
                    <bone_ref id="3" parent="0" timeline="13" key="1"/>
                    <bone_ref id="4" parent="0" timeline="14" key="1"/>
                    <bone_ref id="5" parent="4" timeline="15" key="1"/>
                    <bone_ref id="6" parent="5" timeline="16" key="1"/>
                    <bone_ref id="7" parent="0" timeline="17" key="1"/>
                    <bone_ref id="8" parent="7" timeline="18" key="1"/>
                    <bone_ref id="9" parent="8" timeline="19" key="1"/>
                    <object_ref id="0" parent="8" timeline="7" key="1" z_index="0"/>
                    <object_ref id="1" parent="7" timeline="4" key="1" z_index="1"/>
                    <object_ref id="2" parent="9" timeline="9" key="1" z_index="2"/>
                    <object_ref id="3" parent="3" timeline="3" key="1" z_index="3"/>
                    <object_ref id="4" parent="1" timeline="1" key="1" z_index="4"/>
                    <object_ref id="5" parent="0" timeline="0" key="1" z_index="5"/>
                    <object_ref id="6" parent="5" timeline="6" key="1" z_index="6"/>
                    <object_ref id="7" parent="4" timeline="5" key="1" z_index="7"/>
                    <object_ref id="8" parent="6" timeline="8" key="1" z_index="8"/>
                    <object_ref id="9" parent="2" timeline="2" key="1" z_index="9"/>
                </key>
                <key id="2" time="180" curve_type="bezier" c1="0" c2="0.8341" c3="0.6667" c4="0.6667">
                    <bone_ref id="0" timeline="10" key="2"/>
                    <bone_ref id="1" parent="0" timeline="11" key="2"/>
                    <bone_ref id="2" parent="0" timeline="12" key="2"/>
                    <bone_ref id="3" parent="0" timeline="13" key="2"/>
                    <bone_ref id="4" parent="0" timeline="14" key="2"/>
                    <bone_ref id="5" parent="4" timeline="15" key="2"/>
                    <bone_ref id="6" parent="5" timeline="16" key="2"/>
                    <bone_ref id="7" parent="0" timeline="17" key="2"/>
                    <bone_ref id="8" parent="7" timeline="18" key="2"/>
                    <bone_ref id="9" parent="8" timeline="19" key="2"/>
                    <object_ref id="0" parent="8" timeline="7" key="2" z_index="0"/>
                    <object_ref id="1" parent="7" timeline="4" key="2" z_index="1"/>
                    <object_ref id="2" parent="9" timeline="9" key="2" z_index="2"/>
                    <object_ref id="3" parent="3" timeline="3" key="2" z_index="3"/>
                    <object_ref id="4" parent="1" timeline="1" key="2" z_index="4"/>
                    <object_ref id="5" parent="0" timeline="0" key="2" z_index="5"/>
                    <object_ref id="6" parent="5" timeline="6" key="2" z_index="6"/>
                    <object_ref id="7" parent="4" timeline="5" key="2" z_index="7"/>
                    <object_ref id="8" parent="6" timeline="8" key="2" z_index="8"/>
                    <object_ref id="9" parent="2" timeline="2" key="2" z_index="9"/>
                </key>
            </mainline>
            <timeline id="0" name="trup">
                <key id="0" spin="0">
                    <object folder="0" file="7" x="1.672149" y="-0.822278" angle="270.379437"/>
                </key>
                <key id="1" time="40" spin="0">
                    <object folder="0" file="7" x="1.672149" y="-0.822278" angle="270.379437"/>
                </key>
                <key id="2" time="180" spin="0">
                    <object folder="0" file="7" x="1.672149" y="-0.822278" angle="270.379437"/>
                </key>
            </timeline>
            <timeline id="1" name="hlava">
                <key id="0" spin="0">
                    <object folder="0" file="0" x="-0.988942" y="-2.807322" angle="284.476051"/>
                </key>
                <key id="1" time="40" spin="0">
                    <object folder="0" file="0" x="-0.988942" y="-2.807322" angle="284.476051"/>
                </key>
                <key id="2" time="180" spin="0">
                    <object folder="0" file="0" x="-0.988942" y="-2.807322" angle="284.476051"/>
                </key>
            </timeline>
            <timeline id="2" name="ruka">
                <key id="0" spin="0">
                    <object folder="0" file="3" x="1.291149" y="0.511807" angle="21.623196"/>
                </key>
                <key id="1" time="40" spin="0">
                    <object folder="0" file="3" x="1.291149" y="0.511807" angle="21.623196"/>
                </key>
                <key id="2" time="180" spin="0">
                    <object folder="0" file="3" x="1.291149" y="0.511807" angle="21.623196"/>
                </key>
            </timeline>
            <timeline id="3" name="rukaz">
                <key id="0" spin="0">
                    <object folder="0" file="4" x="1.97368" y="2.124872" angle="153.811889"/>
                </key>
                <key id="1" time="40" spin="0">
                    <object folder="0" file="4" x="1.97368" y="2.124872" angle="153.811889"/>
                </key>
                <key id="2" time="180" spin="0">
                    <object folder="0" file="4" x="1.97368" y="2.124872" angle="153.811889"/>
                </key>
            </timeline>
            <timeline id="4" name="stehnoz">
                <key id="0" spin="0">
                    <object folder="0" file="6" x="3.245188" y="-0.199363" angle="336.501434"/>
                </key>
                <key id="1" time="40" spin="0">
                    <object folder="0" file="6" x="3.245188" y="-0.199363" angle="336.501434"/>
                </key>
                <key id="2" time="180" spin="0">
                    <object folder="0" file="6" x="3.245188" y="-0.199363" angle="336.501434"/>
                </key>
            </timeline>
            <timeline id="5" name="stehno">
                <key id="0" spin="0">
                    <object folder="0" file="5" x="-1.632086" y="1.97356" angle="117.061106"/>
                </key>
                <key id="1" time="40" spin="0">
                    <object folder="0" file="5" x="-1.632086" y="1.97356" angle="117.061106"/>
                </key>
                <key id="2" time="180" spin="0">
                    <object folder="0" file="5" x="-1.632086" y="1.97356" angle="117.061106"/>
                </key>
            </timeline>
            <timeline id="6" name="lytko">
                <key id="0" spin="0">
                    <object folder="0" file="1" x="-1.699793" y="-0.52372" angle="145.784298"/>
                </key>
                <key id="1" time="40" spin="0">
                    <object folder="0" file="1" x="-1.699793" y="-0.52372" angle="145.784298"/>
                </key>
                <key id="2" time="180" spin="0">
                    <object folder="0" file="1" x="-1.699793" y="-0.52372" angle="145.784298"/>
                </key>
            </timeline>
            <timeline id="7" name="lytkoz">
                <key id="0" spin="0">
                    <object folder="0" file="2" x="-0.739347" y="0.384461" angle="62.525568"/>
                </key>
                <key id="1" time="40" spin="0">
                    <object folder="0" file="2" x="-0.739347" y="0.384461" angle="62.525568"/>
                </key>
                <key id="2" time="180" spin="0">
                    <object folder="0" file="2" x="-0.739347" y="0.384461" angle="62.525568"/>
                </key>
            </timeline>
            <timeline id="8" name="bota">
                <key id="0" spin="0">
                    <object folder="0" file="8" x="-0.344118" y="3.690007" angle="82.333196"/>
                </key>
                <key id="1" time="40" spin="0">
                    <object folder="0" file="8" x="-0.344118" y="3.690007" angle="82.333196"/>
                </key>
                <key id="2" time="180" spin="0">
                    <object folder="0" file="8" x="-0.344118" y="3.690007" angle="82.333196"/>
                </key>
            </timeline>
            <timeline id="9" name="bota_000">
                <key id="0" spin="0">
                    <object folder="0" file="8" x="1.901821" y="4.322321" angle="81.626757"/>
                </key>
                <key id="1" time="40" spin="0">
                    <object folder="0" file="8" x="1.901821" y="4.322321" angle="81.626757"/>
                </key>
                <key id="2" time="180" spin="0">
                    <object folder="0" file="8" x="1.901821" y="4.322321" angle="81.626757"/>
                </key>
            </timeline>
            <timeline id="10" obj="0" name="trup_000" object_type="bone">
                <key id="0" spin="0">
                    <bone x="-0.277777" y="0.833333" angle="81.887904"/>
                </key>
                <key id="1" time="40" spin="-1">
                    <bone x="-1.239316" y="-6.858975" angle="81.887904"/>
                </key>
                <key id="2" time="180">
                    <bone x="-1.891963" y="4.204772" angle="27.275243"/>
                </key>
            </timeline>
            <timeline id="11" obj="1" name="hlava_001" object_type="bone">
                <key id="0">
                    <bone x="43.891756" y="-1.681001" angle="327.752552"/>
                </key>
                <key id="1" time="40">
                    <bone x="43.093509" y="0.593103" angle="341.162007"/>
                </key>
                <key id="2" time="180" spin="-1">
                    <bone x="44.271723" y="0.845585" angle="40.520566"/>
                </key>
            </timeline>
            <timeline id="12" obj="2" name="ruka predni" object_type="bone">
                <key id="0" spin="-1">
                    <bone x="37.903878" y="2.056614" angle="159.811786"/>
                </key>
                <key id="1" time="40">
                    <bone x="37.685789" y="1.19867" angle="113.368273"/>
                </key>
                <key id="2" time="180">
                    <bone x="40.26679" y="5.254818" angle="117.031464"/>
                </key>
            </timeline>
            <timeline id="13" obj="3" name="ruka zadni" object_type="bone">
                <key id="0" spin="-1">
                    <bone x="39.801047" y="1.290464" angle="214.457302"/>
                </key>
                <key id="1" time="40">
                    <bone x="39.720405" y="-0.974469" angle="128.650522"/>
                </key>
                <key id="2" time="180">
                    <bone x="37.289164" y="1.52423" angle="132.006859"/>
                </key>
            </timeline>
            <timeline id="14" obj="4" name="stehno_000" object_type="bone">
                <key id="0">
                    <bone x="0.843432" y="-1.522226" angle="221.084654"/>
                </key>
                <key id="1" time="40">
                    <bone x="1.123503" y="-1.867601" angle="237.427269"/>
                </key>
                <key id="2" time="180" spin="-1">
                    <bone x="-0.473724" y="-4.609233" angle="342.694563"/>
                </key>
            </timeline>
            <timeline id="15" obj="5" name="lytko_000" object_type="bone">
                <key id="0">
                    <bone x="26.921063" y="-1.994815" angle="230.800686"/>
                </key>
                <key id="1" time="40">
                    <bone x="27.281572" y="-1.80698" angle="241.451158"/>
                </key>
                <key id="2" time="180" spin="-1">
                    <bone x="28.923466" y="-0.035207" angle="332.929784"/>
                </key>
            </timeline>
            <timeline id="16" obj="6" name="bota_001" object_type="bone">
                <key id="0" spin="0">
                    <bone x="27.722502" y="2.371652" angle="102.571585"/>
                </key>
                <key id="1" time="40" spin="-1">
                    <bone x="27.722502" y="2.371652" angle="102.571585"/>
                </key>
                <key id="2" time="180">
                    <bone x="25.334178" y="-3.146155" angle="32.510462"/>
                </key>
            </timeline>
            <timeline id="17" obj="7" name="stehno zadni" object_type="bone">
                <key id="0">
                    <bone x="1.131322" y="-3.04813" angle="175.251245"/>
                </key>
                <key id="1" time="40">
                    <bone x="1.131322" y="-3.04813" angle="189.428556"/>
                </key>
                <key id="2" time="180" spin="-1">
                    <bone x="3.939858" y="-1.745368" angle="292.2964"/>
                </key>
            </timeline>
            <timeline id="18" obj="8" name="lytko zadni" object_type="bone">
                <key id="0" spin="-1">
                    <bone x="30.549034" y="-0.973252" angle="343.163589"/>
                </key>
                <key id="1" time="40" spin="-1">
                    <bone x="30.549034" y="-0.973252" angle="301.775405"/>
                </key>
                <key id="2" time="180">
                    <bone x="28.317245" y="-1.031152" angle="221.419467"/>
                </key>
            </timeline>
            <timeline id="19" obj="9" name="bota zadni" object_type="bone">
                <key id="0">
                    <bone x="26.428424" y="2.719773" angle="114.309033"/>
                </key>
                <key id="1" time="40" spin="-1">
                    <bone x="25.079769" y="4.172527" angle="136.771483"/>
                </key>
                <key id="2" time="180">
                    <bone x="24.088527" y="-3.828418" angle="46.273451"/>
                </key>
            </timeline>
        </animation>
        <animation id="2" name="doskok" length="350" interval="100" looping="false">
            <mainline>
                <key id="0" curve_type="bezier" c1="0" c2="0.8341" c3="0.6667" c4="0.6667">
                    <bone_ref id="0" timeline="10" key="0"/>
                    <bone_ref id="1" parent="0" timeline="11" key="0"/>
                    <bone_ref id="2" parent="0" timeline="12" key="0"/>
                    <bone_ref id="3" parent="0" timeline="13" key="0"/>
                    <bone_ref id="4" parent="0" timeline="14" key="0"/>
                    <bone_ref id="5" parent="4" timeline="15" key="0"/>
                    <bone_ref id="6" parent="5" timeline="16" key="0"/>
                    <bone_ref id="7" parent="0" timeline="17" key="0"/>
                    <bone_ref id="8" parent="7" timeline="18" key="0"/>
                    <bone_ref id="9" parent="8" timeline="19" key="0"/>
                    <object_ref id="0" parent="8" timeline="7" key="0" z_index="0"/>
                    <object_ref id="1" parent="7" timeline="4" key="0" z_index="1"/>
                    <object_ref id="2" parent="9" timeline="9" key="0" z_index="2"/>
                    <object_ref id="3" parent="3" timeline="3" key="0" z_index="3"/>
                    <object_ref id="4" parent="1" timeline="1" key="0" z_index="4"/>
                    <object_ref id="5" parent="0" timeline="0" key="0" z_index="5"/>
                    <object_ref id="6" parent="5" timeline="6" key="0" z_index="6"/>
                    <object_ref id="7" parent="4" timeline="5" key="0" z_index="7"/>
                    <object_ref id="8" parent="6" timeline="8" key="0" z_index="8"/>
                    <object_ref id="9" parent="2" timeline="2" key="0" z_index="9"/>
                </key>
                <key id="1" time="140" curve_type="bezier" c1="0.6198" c2="0" c3="1" c4="0.412322">
                    <bone_ref id="0" timeline="10" key="1"/>
                    <bone_ref id="1" parent="0" timeline="11" key="0"/>
                    <bone_ref id="2" parent="0" timeline="12" key="1"/>
                    <bone_ref id="3" parent="0" timeline="13" key="1"/>
                    <bone_ref id="4" parent="0" timeline="14" key="1"/>
                    <bone_ref id="5" parent="4" timeline="15" key="0"/>
                    <bone_ref id="6" parent="5" timeline="16" key="1"/>
                    <bone_ref id="7" parent="0" timeline="17" key="1"/>
                    <bone_ref id="8" parent="7" timeline="18" key="1"/>
                    <bone_ref id="9" parent="8" timeline="19" key="1"/>
                    <object_ref id="0" parent="8" timeline="7" key="0" z_index="0"/>
                    <object_ref id="1" parent="7" timeline="4" key="0" z_index="1"/>
                    <object_ref id="2" parent="9" timeline="9" key="0" z_index="2"/>
                    <object_ref id="3" parent="3" timeline="3" key="0" z_index="3"/>
                    <object_ref id="4" parent="1" timeline="1" key="0" z_index="4"/>
                    <object_ref id="5" parent="0" timeline="0" key="0" z_index="5"/>
                    <object_ref id="6" parent="5" timeline="6" key="0" z_index="6"/>
                    <object_ref id="7" parent="4" timeline="5" key="0" z_index="7"/>
                    <object_ref id="8" parent="6" timeline="8" key="0" z_index="8"/>
                    <object_ref id="9" parent="2" timeline="2" key="0" z_index="9"/>
                </key>
                <key id="2" time="249" curve_type="bezier" c1="0" c2="0.8246" c3="0.596315" c4="0.995261">
                    <bone_ref id="0" timeline="10" key="2"/>
                    <bone_ref id="1" parent="0" timeline="11" key="1"/>
                    <bone_ref id="2" parent="0" timeline="12" key="2"/>
                    <bone_ref id="3" parent="0" timeline="13" key="2"/>
                    <bone_ref id="4" parent="0" timeline="14" key="2"/>
                    <bone_ref id="5" parent="4" timeline="15" key="1"/>
                    <bone_ref id="6" parent="5" timeline="16" key="2"/>
                    <bone_ref id="7" parent="0" timeline="17" key="2"/>
                    <bone_ref id="8" parent="7" timeline="18" key="2"/>
                    <bone_ref id="9" parent="8" timeline="19" key="2"/>
                    <object_ref id="0" parent="8" timeline="7" key="1" z_index="0"/>
                    <object_ref id="1" parent="7" timeline="4" key="1" z_index="1"/>
                    <object_ref id="2" parent="9" timeline="9" key="1" z_index="2"/>
                    <object_ref id="3" parent="3" timeline="3" key="1" z_index="3"/>
                    <object_ref id="4" parent="1" timeline="1" key="1" z_index="4"/>
                    <object_ref id="5" parent="0" timeline="0" key="1" z_index="5"/>
                    <object_ref id="6" parent="5" timeline="6" key="1" z_index="6"/>
                    <object_ref id="7" parent="4" timeline="5" key="1" z_index="7"/>
                    <object_ref id="8" parent="6" timeline="8" key="1" z_index="8"/>
                    <object_ref id="9" parent="2" timeline="2" key="1" z_index="9"/>
                </key>
                <key id="3" time="350" curve_type="bezier" c1="0" c2="0.8246" c3="0.596315" c4="0.995261">
                    <bone_ref id="0" timeline="10" key="3"/>
                    <bone_ref id="1" parent="0" timeline="11" key="2"/>
                    <bone_ref id="2" parent="0" timeline="12" key="3"/>
                    <bone_ref id="3" parent="0" timeline="13" key="3"/>
                    <bone_ref id="4" parent="0" timeline="14" key="3"/>
                    <bone_ref id="5" parent="4" timeline="15" key="2"/>
                    <bone_ref id="6" parent="5" timeline="16" key="3"/>
                    <bone_ref id="7" parent="0" timeline="17" key="3"/>
                    <bone_ref id="8" parent="7" timeline="18" key="3"/>
                    <bone_ref id="9" parent="8" timeline="19" key="3"/>
                    <object_ref id="0" parent="8" timeline="7" key="2" z_index="0"/>
                    <object_ref id="1" parent="7" timeline="4" key="2" z_index="1"/>
                    <object_ref id="2" parent="9" timeline="9" key="2" z_index="2"/>
                    <object_ref id="3" parent="3" timeline="3" key="2" z_index="3"/>
                    <object_ref id="4" parent="1" timeline="1" key="2" z_index="4"/>
                    <object_ref id="5" parent="0" timeline="0" key="2" z_index="5"/>
                    <object_ref id="6" parent="5" timeline="6" key="2" z_index="6"/>
                    <object_ref id="7" parent="4" timeline="5" key="2" z_index="7"/>
                    <object_ref id="8" parent="6" timeline="8" key="2" z_index="8"/>
                    <object_ref id="9" parent="2" timeline="2" key="2" z_index="9"/>
                </key>
            </mainline>
            <timeline id="0" name="trup">
                <key id="0" spin="0">
                    <object folder="0" file="7" x="1.672149" y="-0.822278" angle="270.379437"/>
                </key>
                <key id="1" time="249" spin="0">
                    <object folder="0" file="7" x="1.672149" y="-0.822278" angle="270.379437"/>
                </key>
                <key id="2" time="350" spin="0">
                    <object folder="0" file="7" x="1.672149" y="-0.822278" angle="270.379437"/>
                </key>
            </timeline>
            <timeline id="1" name="hlava">
                <key id="0" spin="0">
                    <object folder="0" file="0" x="-0.988942" y="-2.807322" angle="284.476051"/>
                </key>
                <key id="1" time="249" spin="0">
                    <object folder="0" file="0" x="-0.988942" y="-2.807322" angle="284.476051"/>
                </key>
                <key id="2" time="350" spin="0">
                    <object folder="0" file="0" x="-0.988942" y="-2.807322" angle="284.476051"/>
                </key>
            </timeline>
            <timeline id="2" name="ruka">
                <key id="0" spin="0">
                    <object folder="0" file="3" x="1.291149" y="0.511807" angle="21.623196"/>
                </key>
                <key id="1" time="249" spin="0">
                    <object folder="0" file="3" x="1.291149" y="0.511807" angle="21.623196"/>
                </key>
                <key id="2" time="350" spin="0">
                    <object folder="0" file="3" x="1.291149" y="0.511807" angle="21.623196"/>
                </key>
            </timeline>
            <timeline id="3" name="rukaz">
                <key id="0" spin="0">
                    <object folder="0" file="4" x="1.97368" y="2.124872" angle="153.811889"/>
                </key>
                <key id="1" time="249" spin="0">
                    <object folder="0" file="4" x="1.97368" y="2.124872" angle="153.811889"/>
                </key>
                <key id="2" time="350" spin="0">
                    <object folder="0" file="4" x="1.97368" y="2.124872" angle="153.811889"/>
                </key>
            </timeline>
            <timeline id="4" name="stehnoz">
                <key id="0" spin="0">
                    <object folder="0" file="6" x="3.245188" y="-0.199363" angle="336.501434"/>
                </key>
                <key id="1" time="249" spin="0">
                    <object folder="0" file="6" x="3.245188" y="-0.199363" angle="336.501434"/>
                </key>
                <key id="2" time="350" spin="0">
                    <object folder="0" file="6" x="3.245188" y="-0.199363" angle="336.501434"/>
                </key>
            </timeline>
            <timeline id="5" name="stehno">
                <key id="0" spin="0">
                    <object folder="0" file="5" x="-1.632086" y="1.97356" angle="117.061106"/>
                </key>
                <key id="1" time="249" spin="0">
                    <object folder="0" file="5" x="-1.632086" y="1.97356" angle="117.061106"/>
                </key>
                <key id="2" time="350" spin="0">
                    <object folder="0" file="5" x="-1.632086" y="1.97356" angle="117.061106"/>
                </key>
            </timeline>
            <timeline id="6" name="lytko">
                <key id="0" spin="0">
                    <object folder="0" file="1" x="-1.699793" y="-0.52372" angle="145.784298"/>
                </key>
                <key id="1" time="249" spin="0">
                    <object folder="0" file="1" x="-1.699793" y="-0.52372" angle="145.784298"/>
                </key>
                <key id="2" time="350" spin="0">
                    <object folder="0" file="1" x="-1.699793" y="-0.52372" angle="145.784298"/>
                </key>
            </timeline>
            <timeline id="7" name="lytkoz">
                <key id="0" spin="0">
                    <object folder="0" file="2" x="-0.739347" y="0.384461" angle="62.525568"/>
                </key>
                <key id="1" time="249" spin="0">
                    <object folder="0" file="2" x="-0.739347" y="0.384461" angle="62.525568"/>
                </key>
                <key id="2" time="350" spin="0">
                    <object folder="0" file="2" x="-0.739347" y="0.384461" angle="62.525568"/>
                </key>
            </timeline>
            <timeline id="8" name="bota">
                <key id="0" spin="0">
                    <object folder="0" file="8" x="-0.344118" y="3.690007" angle="82.333196"/>
                </key>
                <key id="1" time="249" spin="0">
                    <object folder="0" file="8" x="-0.344118" y="3.690007" angle="82.333196"/>
                </key>
                <key id="2" time="350" spin="0">
                    <object folder="0" file="8" x="1.821582" y="3.609866" angle="82.333196"/>
                </key>
            </timeline>
            <timeline id="9" name="bota_000">
                <key id="0" spin="0">
                    <object folder="0" file="8" x="1.901821" y="4.322321" angle="81.626757"/>
                </key>
                <key id="1" time="249" spin="0">
                    <object folder="0" file="8" x="1.901821" y="4.322321" angle="81.626757"/>
                </key>
                <key id="2" time="350" spin="0">
                    <object folder="0" file="8" x="1.901821" y="4.322321" angle="81.626757"/>
                </key>
            </timeline>
            <timeline id="10" obj="0" name="trup_000" object_type="bone">
                <key id="0">
                    <bone x="-1.891963" y="4.204772" angle="27.275243"/>
                </key>
                <key id="1" time="140">
                    <bone x="-2.617952" y="1.125122" angle="57.19585"/>
                </key>
                <key id="2" time="249" spin="0">
                    <bone x="-3.228715" y="0.833595" angle="72.87903"/>
                </key>
                <key id="3" time="350" spin="-1">
                    <bone x="-3.84791" y="3.311579" angle="72.87903"/>
                </key>
            </timeline>
            <timeline id="11" obj="1" name="hlava_001" object_type="bone">
                <key id="0" spin="-1">
                    <bone x="44.271723" y="0.845585" angle="40.520566"/>
                </key>
                <key id="1" time="249">
                    <bone x="44.271723" y="0.845585" angle="326.647465"/>
                </key>
                <key id="2" time="350">
                    <bone x="44.271723" y="0.845585" angle="1.354783"/>
                </key>
            </timeline>
            <timeline id="12" obj="2" name="ruka predni" object_type="bone">
                <key id="0">
                    <bone x="40.26679" y="5.254818" angle="117.031464"/>
                </key>
                <key id="1" time="140" spin="-1">
                    <bone x="39.544091" y="2.94731" angle="165.917962"/>
                </key>
                <key id="2" time="249">
                    <bone x="37.912597" y="3.245246" angle="134.337864"/>
                </key>
                <key id="3" time="350" spin="-1">
                    <bone x="38.680248" y="-0.558323" angle="163.923082"/>
                </key>
            </timeline>
            <timeline id="13" obj="3" name="ruka zadni" object_type="bone">
                <key id="0">
                    <bone x="37.289164" y="1.52423" angle="132.006859"/>
                </key>
                <key id="1" time="140">
                    <bone x="36.429207" y="-2.352861" angle="194.460026"/>
                </key>
                <key id="2" time="249" spin="-1">
                    <bone x="33.323177" y="-0.634215" angle="201.223998"/>
                </key>
                <key id="3" time="350" spin="-1">
                    <bone x="38.886032" y="2.291383" angle="163.332455"/>
                </key>
            </timeline>
            <timeline id="14" obj="4" name="stehno_000" object_type="bone">
                <key id="0" spin="-1">
                    <bone x="-0.473724" y="-4.609233" angle="342.694563"/>
                </key>
                <key id="1" time="140" spin="-1">
                    <bone x="0.868119" y="-6.691034" angle="293.157752"/>
                </key>
                <key id="2" time="249" spin="-1">
                    <bone x="-1.613837" y="-3.892091" angle="224.97984"/>
                </key>
                <key id="3" time="350">
                    <bone x="0.388615" y="-1.97944" angle="218.482893"/>
                </key>
            </timeline>
            <timeline id="15" obj="5" name="lytko_000" object_type="bone">
                <key id="0">
                    <bone x="28.923466" y="-0.035207" angle="332.929784"/>
                </key>
                <key id="1" time="249" spin="-1">
                    <bone x="28.923466" y="-0.035207" angle="342.662152"/>
                </key>
                <key id="2" time="350">
                    <bone x="28.923466" y="-0.035207" angle="321.177566"/>
                </key>
            </timeline>
            <timeline id="16" obj="6" name="bota_001" object_type="bone">
                <key id="0">
                    <bone x="25.334178" y="-3.146155" angle="32.510462"/>
                </key>
                <key id="1" time="140" spin="0">
                    <bone x="28.312267" y="-0.925012" angle="64.539042"/>
                </key>
                <key id="2" time="249">
                    <bone x="28.312267" y="-0.925012" angle="64.539042"/>
                </key>
                <key id="3" time="350" spin="-1">
                    <bone x="28.312267" y="-0.925012" angle="88.095179"/>
                </key>
            </timeline>
            <timeline id="17" obj="7" name="stehno zadni" object_type="bone">
                <key id="0" spin="-1">
                    <bone x="3.939858" y="-1.745368" angle="292.2964"/>
                </key>
                <key id="1" time="140" spin="-1">
                    <bone x="1.389384" y="-0.074263" angle="281.483301"/>
                </key>
                <key id="2" time="249">
                    <bone x="1.389384" y="-0.074263" angle="262.392588"/>
                </key>
                <key id="3" time="350">
                    <bone x="1.361386" y="-1.294899" angle="276.325932"/>
                </key>
            </timeline>
            <timeline id="18" obj="8" name="lytko zadni" object_type="bone">
                <key id="0">
                    <bone x="28.317245" y="-1.031152" angle="221.419467"/>
                </key>
                <key id="1" time="140" spin="0">
                    <bone x="28.317245" y="-1.031152" angle="240.364355"/>
                </key>
                <key id="2" time="249" spin="0">
                    <bone x="28.317245" y="-1.031152" angle="240.364355"/>
                </key>
                <key id="3" time="350" spin="-1">
                    <bone x="28.317245" y="-1.031152" angle="240.364355"/>
                </key>
            </timeline>
            <timeline id="19" obj="9" name="bota zadni" object_type="bone">
                <key id="0">
                    <bone x="24.088527" y="-3.828418" angle="46.273451"/>
                </key>
                <key id="1" time="140" spin="0">
                    <bone x="25.14786" y="-1.232736" angle="81.183207"/>
                </key>
                <key id="2" time="249" spin="0">
                    <bone x="25.14786" y="-1.232736" angle="81.183207"/>
                </key>
                <key id="3" time="350" spin="-1">
                    <bone x="25.14786" y="-1.232736" angle="81.183207"/>
                </key>
            </timeline>
        </animation>
        <animation id="3" name="idle" length="250" interval="100" looping="false">
            <mainline>
                <key id="0">
                    <bone_ref id="0" timeline="0" key="0"/>
                    <bone_ref id="1" parent="0" timeline="1" key="0"/>
                    <bone_ref id="2" parent="0" timeline="2" key="0"/>
                    <bone_ref id="3" parent="0" timeline="3" key="0"/>
                    <bone_ref id="4" parent="0" timeline="4" key="0"/>
                    <bone_ref id="5" parent="4" timeline="5" key="0"/>
                    <bone_ref id="6" parent="5" timeline="6" key="0"/>
                    <bone_ref id="7" parent="0" timeline="7" key="0"/>
                    <bone_ref id="8" parent="7" timeline="8" key="0"/>
                    <bone_ref id="9" parent="8" timeline="9" key="0"/>
                    <object_ref id="0" parent="8" timeline="10" key="0" z_index="0"/>
                    <object_ref id="1" parent="7" timeline="11" key="0" z_index="1"/>
                    <object_ref id="2" parent="9" timeline="12" key="0" z_index="2"/>
                    <object_ref id="3" parent="3" timeline="13" key="0" z_index="3"/>
                    <object_ref id="4" parent="1" timeline="14" key="0" z_index="4"/>
                    <object_ref id="5" parent="0" timeline="15" key="0" z_index="5"/>
                    <object_ref id="6" parent="5" timeline="16" key="0" z_index="6"/>
                    <object_ref id="7" parent="4" timeline="17" key="0" z_index="7"/>
                    <object_ref id="8" parent="6" timeline="18" key="0" z_index="8"/>
                    <object_ref id="9" parent="2" timeline="19" key="0" z_index="9"/>
                </key>
                <key id="1" time="120">
                    <bone_ref id="0" timeline="0" key="0"/>
                    <bone_ref id="1" parent="0" timeline="1" key="0"/>
                    <bone_ref id="2" parent="0" timeline="2" key="0"/>
                    <bone_ref id="3" parent="0" timeline="3" key="0"/>
                    <bone_ref id="4" parent="0" timeline="4" key="1"/>
                    <bone_ref id="5" parent="4" timeline="5" key="1"/>
                    <bone_ref id="6" parent="5" timeline="6" key="1"/>
                    <bone_ref id="7" parent="0" timeline="7" key="1"/>
                    <bone_ref id="8" parent="7" timeline="8" key="1"/>
                    <bone_ref id="9" parent="8" timeline="9" key="1"/>
                    <object_ref id="0" parent="8" timeline="10" key="0" z_index="0"/>
                    <object_ref id="1" parent="7" timeline="11" key="0" z_index="1"/>
                    <object_ref id="2" parent="9" timeline="12" key="0" z_index="2"/>
                    <object_ref id="3" parent="3" timeline="13" key="0" z_index="3"/>
                    <object_ref id="4" parent="1" timeline="14" key="0" z_index="4"/>
                    <object_ref id="5" parent="0" timeline="15" key="0" z_index="5"/>
                    <object_ref id="6" parent="5" timeline="16" key="0" z_index="6"/>
                    <object_ref id="7" parent="4" timeline="17" key="0" z_index="7"/>
                    <object_ref id="8" parent="6" timeline="18" key="0" z_index="8"/>
                    <object_ref id="9" parent="2" timeline="19" key="0" z_index="9"/>
                </key>
                <key id="2" time="180">
                    <bone_ref id="0" timeline="0" key="0"/>
                    <bone_ref id="1" parent="0" timeline="1" key="1"/>
                    <bone_ref id="2" parent="0" timeline="2" key="1"/>
                    <bone_ref id="3" parent="0" timeline="3" key="1"/>
                    <bone_ref id="4" parent="0" timeline="4" key="2"/>
                    <bone_ref id="5" parent="4" timeline="5" key="2"/>
                    <bone_ref id="6" parent="5" timeline="6" key="2"/>
                    <bone_ref id="7" parent="0" timeline="7" key="2"/>
                    <bone_ref id="8" parent="7" timeline="8" key="2"/>
                    <bone_ref id="9" parent="8" timeline="9" key="2"/>
                    <object_ref id="0" parent="8" timeline="10" key="0" z_index="0"/>
                    <object_ref id="1" parent="7" timeline="11" key="0" z_index="1"/>
                    <object_ref id="2" parent="9" timeline="12" key="0" z_index="2"/>
                    <object_ref id="3" parent="3" timeline="13" key="0" z_index="3"/>
                    <object_ref id="4" parent="1" timeline="14" key="0" z_index="4"/>
                    <object_ref id="5" parent="0" timeline="15" key="0" z_index="5"/>
                    <object_ref id="6" parent="5" timeline="16" key="0" z_index="6"/>
                    <object_ref id="7" parent="4" timeline="17" key="0" z_index="7"/>
                    <object_ref id="8" parent="6" timeline="18" key="0" z_index="8"/>
                    <object_ref id="9" parent="2" timeline="19" key="0" z_index="9"/>
                </key>
                <key id="3" time="250">
                    <bone_ref id="0" timeline="0" key="1"/>
                    <bone_ref id="1" parent="0" timeline="1" key="2"/>
                    <bone_ref id="2" parent="0" timeline="2" key="2"/>
                    <bone_ref id="3" parent="0" timeline="3" key="2"/>
                    <bone_ref id="4" parent="0" timeline="4" key="3"/>
                    <bone_ref id="5" parent="4" timeline="5" key="3"/>
                    <bone_ref id="6" parent="5" timeline="6" key="3"/>
                    <bone_ref id="7" parent="0" timeline="7" key="3"/>
                    <bone_ref id="8" parent="7" timeline="8" key="3"/>
                    <bone_ref id="9" parent="8" timeline="9" key="3"/>
                    <object_ref id="0" parent="8" timeline="10" key="1" z_index="0"/>
                    <object_ref id="1" parent="7" timeline="11" key="1" z_index="1"/>
                    <object_ref id="2" parent="9" timeline="12" key="1" z_index="2"/>
                    <object_ref id="3" parent="3" timeline="13" key="1" z_index="3"/>
                    <object_ref id="4" parent="1" timeline="14" key="1" z_index="4"/>
                    <object_ref id="5" parent="0" timeline="15" key="1" z_index="5"/>
                    <object_ref id="6" parent="5" timeline="16" key="1" z_index="6"/>
                    <object_ref id="7" parent="4" timeline="17" key="1" z_index="7"/>
                    <object_ref id="8" parent="6" timeline="18" key="1" z_index="8"/>
                    <object_ref id="9" parent="2" timeline="19" key="1" z_index="9"/>
                </key>
            </mainline>
            <timeline id="0" obj="0" name="trup_000" object_type="bone">
                <key id="0">
                    <bone x="-10.879956" y="-24.972329" angle="36.304053"/>
                </key>
                <key id="1" time="250" spin="-1">
                    <bone x="-0.16567" y="0.920528" angle="82.220883"/>
                </key>
            </timeline>
            <timeline id="1" obj="1" name="hlava_001" object_type="bone">
                <key id="0">
                    <bone x="45.078023" y="2.70221" angle="324.223561"/>
                </key>
                <key id="1" time="180" spin="-1">
                    <bone x="44.721046" y="1.322146" angle="342.601401"/>
                </key>
                <key id="2" time="250" spin="-1">
                    <bone x="44.582222" y="0.785455" angle="335.256674"/>
                </key>
            </timeline>
            <timeline id="2" obj="2" name="ruka predni" object_type="bone">
                <key id="0" spin="-1">
                    <bone x="35.583987" y="-1.670818" angle="241.473485"/>
                </key>
                <key id="1" time="180">
                    <bone x="39.26109" y="3.205515" angle="149.160963"/>
                </key>
                <key id="2" time="250">
                    <bone x="35.073029" y="1.669887" angle="159.589889"/>
                </key>
            </timeline>
            <timeline id="3" obj="3" name="ruka zadni" object_type="bone">
                <key id="0">
                    <bone x="36.540811" y="-6.761245" angle="187.236102"/>
                </key>
                <key id="1" time="180" spin="-1">
                    <bone x="37.875126" y="-2.486095" angle="205.051515"/>
                </key>
                <key id="2" time="250">
                    <bone x="38.394027" y="-0.823536" angle="176.789117"/>
                </key>
            </timeline>
            <timeline id="4" obj="4" name="stehno_000" object_type="bone">
                <key id="0" spin="-1">
                    <bone x="0.122459" y="-6.98081" angle="331.676508"/>
                </key>
                <key id="1" time="120">
                    <bone x="-1.040186" y="-4.451421" angle="307.495615"/>
                </key>
                <key id="2" time="180" spin="-1">
                    <bone x="-1.002565" y="-3.973244" angle="307.671246"/>
                </key>
                <key id="3" time="250">
                    <bone x="1.756155" y="0.474603" angle="177.721184"/>
                </key>
            </timeline>
            <timeline id="5" obj="5" name="lytko_000" object_type="bone">
                <key id="0">
                    <bone x="25.922979" y="-1.642724" angle="245.164601"/>
                </key>
                <key id="1" time="120" spin="-1">
                    <bone x="28.192369" y="-1.225449" angle="245.955236"/>
                </key>
                <key id="2" time="180">
                    <bone x="28.549333" y="-1.220405" angle="232.459904"/>
                </key>
                <key id="3" time="250" spin="-1">
                    <bone x="29.09136" y="0.930284" angle="349.181834"/>
                </key>
            </timeline>
            <timeline id="6" obj="6" name="bota_001" object_type="bone">
                <key id="0" spin="-1">
                    <bone x="27.748182" y="3.454821" angle="112.412521"/>
                </key>
                <key id="1" time="120" spin="-1">
                    <bone x="27.995539" y="2.260423" angle="91.163678"/>
                </key>
                <key id="2" time="180">
                    <bone x="27.456378" y="-0.70416" angle="69.188445"/>
                </key>
                <key id="3" time="250">
                    <bone x="27.014967" y="2.64567" angle="105.762273"/>
                </key>
            </timeline>
            <timeline id="7" obj="7" name="stehno zadni" object_type="bone">
                <key id="0" spin="-1">
                    <bone x="1.67031" y="-0.544506" angle="255.189776"/>
                </key>
                <key id="1" time="120" spin="-1">
                    <bone x="2.179774" y="-1.793311" angle="203.622163"/>
                </key>
                <key id="2" time="180">
                    <bone x="2.036738" y="-2.775825" angle="177.838357"/>
                </key>
                <key id="3" time="250">
                    <bone x="1.67031" y="-0.544506" angle="203.46457"/>
                </key>
            </timeline>
            <timeline id="8" obj="8" name="lytko zadni" object_type="bone">
                <key id="0">
                    <bone x="28.480671" y="-2.380289" angle="216.805879"/>
                </key>
                <key id="1" time="120">
                    <bone x="29.924581" y="-1.504713" angle="294.581145"/>
                </key>
                <key id="2" time="180" spin="-1">
                    <bone x="30.577653" y="0.201292" angle="330.313092"/>
                </key>
                <key id="3" time="250" spin="-1">
                    <bone x="28.480671" y="-2.380289" angle="230.955355"/>
                </key>
            </timeline>
            <timeline id="9" obj="9" name="bota zadni" object_type="bone">
                <key id="0" spin="-1">
                    <bone x="26.963647" y="4.573657" angle="125.790364"/>
                </key>
                <key id="1" time="120" spin="-1">
                    <bone x="26.278565" y="2.821938" angle="118.859261"/>
                </key>
                <key id="2" time="180">
                    <bone x="26.194759" y="0.481349" angle="93.235701"/>
                </key>
                <key id="3" time="250" spin="-1">
                    <bone x="25.79865" y="4.337357" angle="130.597903"/>
                </key>
            </timeline>
            <timeline id="10" name="lytkoz">
                <key id="0" spin="0">
                    <object folder="0" file="2" x="-0.739347" y="0.384461" angle="62.525568"/>
                </key>
                <key id="1" time="250" spin="0">
                    <object folder="0" file="2" x="-0.739347" y="0.384461" angle="62.525568"/>
                </key>
            </timeline>
            <timeline id="11" name="stehnoz">
                <key id="0" spin="0">
                    <object folder="0" file="6" x="3.245188" y="-0.199363" angle="336.501434"/>
                </key>
                <key id="1" time="250" spin="0">
                    <object folder="0" file="6" x="3.245188" y="-0.199363" angle="336.501434"/>
                </key>
            </timeline>
            <timeline id="12" name="bota_000">
                <key id="0" spin="0">
                    <object folder="0" file="8" x="1.901821" y="4.322321" angle="81.626757"/>
                </key>
                <key id="1" time="250" spin="0">
                    <object folder="0" file="8" x="1.901821" y="4.322321" angle="81.626757"/>
                </key>
            </timeline>
            <timeline id="13" name="rukaz">
                <key id="0" spin="-1">
                    <object folder="0" file="4" x="1.97368" y="2.124872" angle="205.10302"/>
                </key>
                <key id="1" time="250">
                    <object folder="0" file="4" x="1.97368" y="2.124872" angle="153.811889"/>
                </key>
            </timeline>
            <timeline id="14" name="hlava">
                <key id="0" spin="0">
                    <object folder="0" file="0" x="-0.988942" y="-2.807322" angle="284.476051"/>
                </key>
                <key id="1" time="250" spin="0">
                    <object folder="0" file="0" x="-0.988942" y="-2.807322" angle="284.476051"/>
                </key>
            </timeline>
            <timeline id="15" name="trup">
                <key id="0" spin="0">
                    <object folder="0" file="7" x="1.672149" y="-0.822278" angle="270.379437"/>
                </key>
                <key id="1" time="250" spin="0">
                    <object folder="0" file="7" x="1.672149" y="-0.822278" angle="270.379437"/>
                </key>
            </timeline>
            <timeline id="16" name="lytko">
                <key id="0" spin="0">
                    <object folder="0" file="1" x="-1.699793" y="-0.52372" angle="145.784298"/>
                </key>
                <key id="1" time="250" spin="0">
                    <object folder="0" file="1" x="-1.699793" y="-0.52372" angle="145.784298"/>
                </key>
            </timeline>
            <timeline id="17" name="stehno">
                <key id="0" spin="0">
                    <object folder="0" file="5" x="-1.632086" y="1.97356" angle="117.061106"/>
                </key>
                <key id="1" time="250" spin="0">
                    <object folder="0" file="5" x="-1.632086" y="1.97356" angle="117.061106"/>
                </key>
            </timeline>
            <timeline id="18" name="bota">
                <key id="0" spin="0">
                    <object folder="0" file="8" x="-0.344118" y="3.690007" angle="82.333196"/>
                </key>
                <key id="1" time="250" spin="0">
                    <object folder="0" file="8" x="-0.344118" y="3.690007" angle="82.333196"/>
                </key>
            </timeline>
            <timeline id="19" name="ruka">
                <key id="0" spin="0">
                    <object folder="0" file="3" x="1.291149" y="0.511807" angle="21.623196"/>
                </key>
                <key id="1" time="250" spin="0">
                    <object folder="0" file="3" x="1.291149" y="0.511807" angle="21.623196"/>
                </key>
            </timeline>
        </animation>
    </entity>
</spriter_data>
