{"frames": [
{
	"filename": "cedule",
	"frame": {"x":643,"y":1,"w":287,"h":138},
	"rotated": false,
	"trimmed": true,
	"spriteSourceSize": {"x":0,"y":0,"w":287,"h":138},
	"sourceSize": {"w":287,"h":138},
	"anchor": {"w":0.37979,"h":0.85507}
},
{
	"filename": "draha",
	"frame": {"x":1,"y":1,"w":640,"h":386},
	"rotated": false,
	"trimmed": true,
	"spriteSourceSize": {"x":0,"y":0,"w":640,"h":386},
	"sourceSize": {"w":640,"h":386},
	"anchor": {"w":0.50000,"h":0.50000}
},
{
	"filename": "prekazky1",
	"frame": {"x":915,"y":508,"w":68,"h":141},
	"rotated": false,
	"trimmed": true,
	"spriteSourceSize": {"x":0,"y":0,"w":68,"h":141},
	"sourceSize": {"w":128,"h":141},
	"anchor": {"w":0.39844,"h":0.70213}
},
{
	"filename": "prekazky2",
	"frame": {"x":745,"y":508,"w":77,"h":141},
	"rotated": false,
	"trimmed": true,
	"spriteSourceSize": {"x":1,"y":0,"w":77,"h":141},
	"sourceSize": {"w":128,"h":141},
	"anchor": {"w":0.39844,"h":0.70213}
},
{
	"filename": "prekazky3",
	"frame": {"x":936,"y":1,"w":87,"h":139},
	"rotated": false,
	"trimmed": true,
	"spriteSourceSize": {"x":3,"y":2,"w":87,"h":139},
	"sourceSize": {"w":128,"h":141},
	"anchor": {"w":0.39844,"h":0.70213}
},
{
	"filename": "prekazky4",
	"frame": {"x":643,"y":508,"w":100,"h":120},
	"rotated": false,
	"trimmed": true,
	"spriteSourceSize": {"x":17,"y":21,"w":100,"h":120},
	"sourceSize": {"w":128,"h":141},
	"anchor": {"w":0.39844,"h":0.70213}
},
{
	"filename": "prekazkyspadla",
	"frame": {"x":824,"y":508,"w":89,"h":120},
	"rotated": false,
	"trimmed": true,
	"spriteSourceSize": {"x":39,"y":21,"w":89,"h":120},
	"sourceSize": {"w":128,"h":141},
	"anchor": {"w":0.39844,"h":0.70213}
},
{
	"filename": "reklama",
	"frame": {"x":1,"y":648,"w":222,"h":45},
	"rotated": false,
	"trimmed": true,
	"spriteSourceSize": {"x":0,"y":0,"w":222,"h":45},
	"sourceSize": {"w":222,"h":45},
	"anchor": {"w":0.40541,"h":0.95556}
},
{
	"filename": "vrch",
	"frame": {"x":1,"y":389,"w":640,"h":257},
	"rotated": false,
	"trimmed": true,
	"spriteSourceSize": {"x":0,"y":0,"w":640,"h":257},
	"sourceSize": {"w":640,"h":257},
	"anchor": {"w":0.50000,"h":0.49805}
},
{
	"filename": "pasek",
	"frame": {"x":225,"y":648,"w":194,"h":12},
	"rotated": false,
	"trimmed": true,
	"spriteSourceSize": {"x":0,"y":0,"w":194,"h":12},
	"sourceSize": {"w":194,"h":12},
	"anchor": {"w":1.54124,"h":0.83333}
},
{
	"filename": "bota",
	"frame": {"x":1012,"y":142,"w":11,"h":26},
	"rotated": false,
	"trimmed": true,
	"spriteSourceSize": {"x":0,"y":0,"w":11,"h":26},
	"sourceSize": {"w":12,"h":26},
	"anchor": {"w":0.50000,"h":0.50000}
},
{
	"filename": "hlava",
	"frame": {"x":977,"y":249,"w":38,"h":46},
	"rotated": false,
	"trimmed": true,
	"spriteSourceSize": {"x":0,"y":0,"w":38,"h":46},
	"sourceSize": {"w":38,"h":46},
	"anchor": {"w":0.50000,"h":0.50000}
},
{
	"filename": "hlava2",
	"frame": {"x":985,"y":513,"w":36,"h":45},
	"rotated": false,
	"trimmed": true,
	"spriteSourceSize": {"x":2,"y":1,"w":36,"h":45},
	"sourceSize": {"w":38,"h":46},
	"anchor": {"w":0.50000,"h":0.50000}
},
{
	"filename": "hlava3",
	"frame": {"x":985,"y":613,"w":37,"h":42},
	"rotated": false,
	"trimmed": true,
	"spriteSourceSize": {"x":1,"y":4,"w":37,"h":42},
	"sourceSize": {"w":38,"h":46},
	"anchor": {"w":0.50000,"h":0.50000}
},
{
	"filename": "lytko",
	"frame": {"x":390,"y":691,"w":29,"h":24},
	"rotated": false,
	"trimmed": true,
	"spriteSourceSize": {"x":0,"y":0,"w":29,"h":24},
	"sourceSize": {"w":30,"h":24},
	"anchor": {"w":0.50000,"h":0.50000}
},
{
	"filename": "lytko2",
	"frame": {"x":421,"y":691,"w":29,"h":24},
	"rotated": false,
	"trimmed": true,
	"spriteSourceSize": {"x":0,"y":0,"w":29,"h":24},
	"sourceSize": {"w":30,"h":24},
	"anchor": {"w":0.50000,"h":0.50000}
},
{
	"filename": "lytko3",
	"frame": {"x":452,"y":691,"w":29,"h":24},
	"rotated": false,
	"trimmed": true,
	"spriteSourceSize": {"x":0,"y":0,"w":29,"h":24},
	"sourceSize": {"w":30,"h":24},
	"anchor": {"w":0.50000,"h":0.50000}
},
{
	"filename": "lytkoz",
	"frame": {"x":1001,"y":683,"w":21,"h":30},
	"rotated": false,
	"trimmed": true,
	"spriteSourceSize": {"x":0,"y":0,"w":21,"h":30},
	"sourceSize": {"w":22,"h":30},
	"anchor": {"w":0.50000,"h":0.50000}
},
{
	"filename": "lytkoz2",
	"frame": {"x":31,"y":695,"w":21,"h":30},
	"rotated": false,
	"trimmed": true,
	"spriteSourceSize": {"x":0,"y":0,"w":21,"h":30},
	"sourceSize": {"w":22,"h":30},
	"anchor": {"w":0.50000,"h":0.50000}
},
{
	"filename": "lytkoz3",
	"frame": {"x":54,"y":695,"w":21,"h":30},
	"rotated": false,
	"trimmed": true,
	"spriteSourceSize": {"x":0,"y":0,"w":21,"h":30},
	"sourceSize": {"w":22,"h":30},
	"anchor": {"w":0.50000,"h":0.50000}
},
{
	"filename": "ruka",
	"frame": {"x":733,"y":651,"w":57,"h":24},
	"rotated": false,
	"trimmed": true,
	"spriteSourceSize": {"x":0,"y":0,"w":57,"h":24},
	"sourceSize": {"w":58,"h":24},
	"anchor": {"w":0.50000,"h":0.50000}
},
{
	"filename": "ruka2",
	"frame": {"x":906,"y":651,"w":57,"h":24},
	"rotated": false,
	"trimmed": true,
	"spriteSourceSize": {"x":0,"y":0,"w":57,"h":24},
	"sourceSize": {"w":58,"h":24},
	"anchor": {"w":0.50000,"h":0.50000}
},
{
	"filename": "ruka3",
	"frame": {"x":965,"y":657,"w":57,"h":24},
	"rotated": false,
	"trimmed": true,
	"spriteSourceSize": {"x":0,"y":0,"w":57,"h":24},
	"sourceSize": {"w":58,"h":24},
	"anchor": {"w":0.50000,"h":0.50000}
},
{
	"filename": "rukaz",
	"frame": {"x":225,"y":662,"w":37,"h":36},
	"rotated": false,
	"trimmed": true,
	"spriteSourceSize": {"x":0,"y":0,"w":37,"h":36},
	"sourceSize": {"w":38,"h":36},
	"anchor": {"w":0.50000,"h":0.50000}
},
{
	"filename": "rukaz2",
	"frame": {"x":264,"y":662,"w":37,"h":36},
	"rotated": false,
	"trimmed": true,
	"spriteSourceSize": {"x":0,"y":0,"w":37,"h":36},
	"sourceSize": {"w":38,"h":36},
	"anchor": {"w":0.50000,"h":0.50000}
},
{
	"filename": "rukaz3",
	"frame": {"x":303,"y":662,"w":37,"h":36},
	"rotated": false,
	"trimmed": true,
	"spriteSourceSize": {"x":0,"y":0,"w":37,"h":36},
	"sourceSize": {"w":38,"h":36},
	"anchor": {"w":0.50000,"h":0.50000}
},
{
	"filename": "stehno",
	"frame": {"x":491,"y":662,"w":28,"h":37},
	"rotated": false,
	"trimmed": true,
	"spriteSourceSize": {"x":0,"y":0,"w":28,"h":37},
	"sourceSize": {"w":28,"h":38},
	"anchor": {"w":0.50000,"h":0.50000}
},
{
	"filename": "stehno2",
	"frame": {"x":521,"y":662,"w":28,"h":37},
	"rotated": false,
	"trimmed": true,
	"spriteSourceSize": {"x":0,"y":0,"w":28,"h":37},
	"sourceSize": {"w":28,"h":38},
	"anchor": {"w":0.50000,"h":0.50000}
},
{
	"filename": "stehno3",
	"frame": {"x":816,"y":671,"w":28,"h":37},
	"rotated": false,
	"trimmed": true,
	"spriteSourceSize": {"x":0,"y":0,"w":28,"h":37},
	"sourceSize": {"w":28,"h":38},
	"anchor": {"w":0.50000,"h":0.50000}
},
{
	"filename": "stehnoz",
	"frame": {"x":365,"y":662,"w":40,"h":27},
	"rotated": false,
	"trimmed": true,
	"spriteSourceSize": {"x":0,"y":0,"w":40,"h":27},
	"sourceSize": {"w":40,"h":28},
	"anchor": {"w":0.50000,"h":0.50000}
},
{
	"filename": "stehnoz2",
	"frame": {"x":407,"y":662,"w":40,"h":27},
	"rotated": false,
	"trimmed": true,
	"spriteSourceSize": {"x":0,"y":0,"w":40,"h":27},
	"sourceSize": {"w":40,"h":28},
	"anchor": {"w":0.50000,"h":0.50000}
},
{
	"filename": "stehnoz3",
	"frame": {"x":449,"y":662,"w":40,"h":27},
	"rotated": false,
	"trimmed": true,
	"spriteSourceSize": {"x":0,"y":0,"w":40,"h":27},
	"sourceSize": {"w":40,"h":28},
	"anchor": {"w":0.50000,"h":0.50000}
},
{
	"filename": "trup",
	"frame": {"x":556,"y":648,"w":26,"h":54},
	"rotated": false,
	"trimmed": true,
	"spriteSourceSize": {"x":0,"y":0,"w":26,"h":54},
	"sourceSize": {"w":26,"h":54},
	"anchor": {"w":0.50000,"h":0.50000}
},
{
	"filename": "trup2",
	"frame": {"x":584,"y":648,"w":26,"h":54},
	"rotated": false,
	"trimmed": true,
	"spriteSourceSize": {"x":0,"y":0,"w":26,"h":54},
	"sourceSize": {"w":26,"h":54},
	"anchor": {"w":0.50000,"h":0.50000}
},
{
	"filename": "trup3",
	"frame": {"x":612,"y":648,"w":26,"h":54},
	"rotated": false,
	"trimmed": true,
	"spriteSourceSize": {"x":0,"y":0,"w":26,"h":54},
	"sourceSize": {"w":26,"h":54},
	"anchor": {"w":0.50000,"h":0.50000}
},
{
	"filename": "stin",
	"frame": {"x":421,"y":648,"w":133,"h":12},
	"rotated": false,
	"trimmed": true,
	"spriteSourceSize": {"x":0,"y":0,"w":133,"h":12},
	"sourceSize": {"w":134,"h":12},
	"anchor": {"w":0.50000,"h":0.50000}
},
{
	"filename": "empty",
	"frame": {"x":932,"y":1,"w":1,"h":1},
	"rotated": false,
	"trimmed": true,
	"spriteSourceSize": {"x":7,"y":7,"w":1,"h":1},
	"sourceSize": {"w":8,"h":8},
	"anchor": {"w":0.50000,"h":0.50000}
},
{
	"filename": "font",
	"frame": {"x":936,"y":142,"w":37,"h":52},
	"rotated": false,
	"trimmed": true,
	"spriteSourceSize": {"x":0,"y":0,"w":37,"h":52},
	"sourceSize": {"w":37,"h":52},
	"anchor": {"w":0.48649,"h":0.50000}
},
{
	"filename": "font",
	"frame": {"x":792,"y":651,"w":22,"h":52},
	"rotated": false,
	"trimmed": true,
	"spriteSourceSize": {"x":0,"y":0,"w":22,"h":52},
	"sourceSize": {"w":22,"h":52},
	"anchor": {"w":0.50000,"h":0.50000}
},
{
	"filename": "font",
	"frame": {"x":977,"y":351,"w":32,"h":52},
	"rotated": false,
	"trimmed": true,
	"spriteSourceSize": {"x":0,"y":0,"w":32,"h":52},
	"sourceSize": {"w":32,"h":52},
	"anchor": {"w":0.50000,"h":0.50000}
},
{
	"filename": "font",
	"frame": {"x":942,"y":371,"w":32,"h":52},
	"rotated": false,
	"trimmed": true,
	"spriteSourceSize": {"x":0,"y":0,"w":32,"h":52},
	"sourceSize": {"w":32,"h":52},
	"anchor": {"w":0.50000,"h":0.50000}
},
{
	"filename": "font",
	"frame": {"x":975,"y":142,"w":35,"h":51},
	"rotated": false,
	"trimmed": true,
	"spriteSourceSize": {"x":0,"y":0,"w":35,"h":51},
	"sourceSize": {"w":35,"h":51},
	"anchor": {"w":0.48571,"h":0.49020}
},
{
	"filename": "font",
	"frame": {"x":977,"y":195,"w":34,"h":52},
	"rotated": false,
	"trimmed": true,
	"spriteSourceSize": {"x":0,"y":0,"w":34,"h":52},
	"sourceSize": {"w":34,"h":52},
	"anchor": {"w":0.50000,"h":0.50000}
},
{
	"filename": "font",
	"frame": {"x":977,"y":297,"w":33,"h":52},
	"rotated": false,
	"trimmed": true,
	"spriteSourceSize": {"x":0,"y":0,"w":33,"h":52},
	"sourceSize": {"w":33,"h":52},
	"anchor": {"w":0.48485,"h":0.50000}
},
{
	"filename": "font",
	"frame": {"x":985,"y":560,"w":31,"h":51},
	"rotated": false,
	"trimmed": true,
	"spriteSourceSize": {"x":0,"y":0,"w":31,"h":51},
	"sourceSize": {"w":31,"h":51},
	"anchor": {"w":0.48387,"h":0.49020}
},
{
	"filename": "font",
	"frame": {"x":976,"y":405,"w":32,"h":52},
	"rotated": false,
	"trimmed": true,
	"spriteSourceSize": {"x":0,"y":0,"w":32,"h":52},
	"sourceSize": {"w":32,"h":52},
	"anchor": {"w":0.50000,"h":0.50000}
},
{
	"filename": "font",
	"frame": {"x":985,"y":459,"w":32,"h":52},
	"rotated": false,
	"trimmed": true,
	"spriteSourceSize": {"x":0,"y":0,"w":32,"h":52},
	"sourceSize": {"w":32,"h":52},
	"anchor": {"w":0.50000,"h":0.50000}
},
{
	"filename": "font",
	"frame": {"x":342,"y":662,"w":21,"h":52},
	"rotated": false,
	"trimmed": true,
	"spriteSourceSize": {"x":0,"y":0,"w":21,"h":52},
	"sourceSize": {"w":21,"h":52},
	"anchor": {"w":0.47619,"h":0.50000}
},
{
	"filename": "font",
	"frame": {"x":932,"y":1,"w":1,"h":1},
	"rotated": false,
	"trimmed": true,
	"spriteSourceSize": {"x":0,"y":0,"w":1,"h":1},
	"sourceSize": {"w":1,"h":1},
	"anchor": {"w":0.00000,"h":0.00000}
},
{
	"filename": "font",
	"frame": {"x":932,"y":1,"w":1,"h":1},
	"rotated": false,
	"trimmed": true,
	"spriteSourceSize": {"x":0,"y":0,"w":1,"h":1},
	"sourceSize": {"w":1,"h":1},
	"anchor": {"w":0.00000,"h":0.00000}
},
{
	"filename": "PERFECT",
	"frame": {"x":643,"y":445,"w":318,"h":61},
	"rotated": false,
	"trimmed": true,
	"spriteSourceSize": {"x":0,"y":12,"w":318,"h":61},
	"sourceSize": {"w":318,"h":86},
	"anchor": {"w":0.50000,"h":0.50000}
},
{
	"filename": "SUPER",
	"frame": {"x":643,"y":371,"w":297,"h":72},
	"rotated": false,
	"trimmed": true,
	"spriteSourceSize": {"x":10,"y":7,"w":297,"h":72},
	"sourceSize": {"w":318,"h":86},
	"anchor": {"w":0.50000,"h":0.50000}
},
{
	"filename": "WOW",
	"frame": {"x":643,"y":141,"w":291,"h":86},
	"rotated": false,
	"trimmed": true,
	"spriteSourceSize": {"x":13,"y":0,"w":291,"h":86},
	"sourceSize": {"w":318,"h":86},
	"anchor": {"w":0.50000,"h":0.50000}
},
{
	"filename": "konfeta1",
	"frame": {"x":942,"y":425,"w":26,"h":14},
	"rotated": false,
	"trimmed": true,
	"spriteSourceSize": {"x":0,"y":0,"w":26,"h":14},
	"sourceSize": {"w":26,"h":14},
	"anchor": {"w":0.50000,"h":0.50000}
},
{
	"filename": "konfeta2",
	"frame": {"x":96,"y":695,"w":26,"h":14},
	"rotated": false,
	"trimmed": true,
	"spriteSourceSize": {"x":0,"y":0,"w":26,"h":14},
	"sourceSize": {"w":26,"h":14},
	"anchor": {"w":0.50000,"h":0.50000}
},
{
	"filename": "konfeta3",
	"frame": {"x":124,"y":695,"w":26,"h":14},
	"rotated": false,
	"trimmed": true,
	"spriteSourceSize": {"x":0,"y":0,"w":26,"h":14},
	"sourceSize": {"w":26,"h":14},
	"anchor": {"w":0.50000,"h":0.50000}
},
{
	"filename": "smileyBad",
	"frame": {"x":824,"y":630,"w":39,"h":39},
	"rotated": false,
	"trimmed": true,
	"spriteSourceSize": {"x":0,"y":0,"w":39,"h":39},
	"sourceSize": {"w":40,"h":40},
	"anchor": {"w":0.47500,"h":0.47500}
},
{
	"filename": "smileyGood",
	"frame": {"x":865,"y":630,"w":39,"h":39},
	"rotated": false,
	"trimmed": true,
	"spriteSourceSize": {"x":0,"y":0,"w":39,"h":39},
	"sourceSize": {"w":40,"h":40},
	"anchor": {"w":0.47500,"h":0.47500}
},
{
	"filename": "score1",
	"frame": {"x":1,"y":695,"w":28,"h":24},
	"rotated": false,
	"trimmed": true,
	"spriteSourceSize": {"x":0,"y":0,"w":28,"h":24},
	"sourceSize": {"w":28,"h":24},
	"anchor": {"w":0.50000,"h":0.50000}
},
{
	"filename": "score2",
	"frame": {"x":936,"y":196,"w":33,"h":24},
	"rotated": false,
	"trimmed": true,
	"spriteSourceSize": {"x":0,"y":0,"w":33,"h":24},
	"sourceSize": {"w":34,"h":24},
	"anchor": {"w":0.50000,"h":0.50000}
},
{
	"filename": "redFont_0",
	"frame": {"x":846,"y":671,"w":26,"h":35},
	"rotated": false,
	"trimmed": true,
	"spriteSourceSize": {"x":0,"y":0,"w":26,"h":35},
	"sourceSize": {"w":26,"h":35},
	"anchor": {"w":0.50000,"h":0.48571}
},
{
	"filename": "redFont_1",
	"frame": {"x":963,"y":459,"w":17,"h":35},
	"rotated": false,
	"trimmed": true,
	"spriteSourceSize": {"x":0,"y":0,"w":17,"h":35},
	"sourceSize": {"w":17,"h":35},
	"anchor": {"w":0.47059,"h":0.48571}
},
{
	"filename": "redFont_2",
	"frame": {"x":760,"y":677,"w":23,"h":35},
	"rotated": false,
	"trimmed": true,
	"spriteSourceSize": {"x":0,"y":0,"w":23,"h":35},
	"sourceSize": {"w":23,"h":35},
	"anchor": {"w":0.47826,"h":0.48571}
},
{
	"filename": "redFont_3",
	"frame": {"x":901,"y":677,"w":23,"h":35},
	"rotated": false,
	"trimmed": true,
	"spriteSourceSize": {"x":0,"y":0,"w":23,"h":35},
	"sourceSize": {"w":23,"h":35},
	"anchor": {"w":0.47826,"h":0.48571}
},
{
	"filename": "redFont_4",
	"frame": {"x":874,"y":671,"w":25,"h":35},
	"rotated": false,
	"trimmed": true,
	"spriteSourceSize": {"x":0,"y":0,"w":25,"h":35},
	"sourceSize": {"w":25,"h":35},
	"anchor": {"w":0.48000,"h":0.48571}
},
{
	"filename": "redFont_5",
	"frame": {"x":733,"y":677,"w":25,"h":35},
	"rotated": false,
	"trimmed": true,
	"spriteSourceSize": {"x":0,"y":0,"w":25,"h":35},
	"sourceSize": {"w":25,"h":35},
	"anchor": {"w":0.48000,"h":0.48571}
},
{
	"filename": "redFont_6",
	"frame": {"x":926,"y":677,"w":23,"h":35},
	"rotated": false,
	"trimmed": true,
	"spriteSourceSize": {"x":0,"y":0,"w":23,"h":35},
	"sourceSize": {"w":23,"h":35},
	"anchor": {"w":0.47826,"h":0.48571}
},
{
	"filename": "redFont_7",
	"frame": {"x":365,"y":691,"w":23,"h":34},
	"rotated": false,
	"trimmed": true,
	"spriteSourceSize": {"x":0,"y":0,"w":23,"h":34},
	"sourceSize": {"w":23,"h":34},
	"anchor": {"w":0.47826,"h":0.50000}
},
{
	"filename": "redFont_8",
	"frame": {"x":951,"y":683,"w":23,"h":35},
	"rotated": false,
	"trimmed": true,
	"spriteSourceSize": {"x":0,"y":0,"w":23,"h":35},
	"sourceSize": {"w":23,"h":35},
	"anchor": {"w":0.47826,"h":0.48571}
},
{
	"filename": "redFont_9",
	"frame": {"x":976,"y":683,"w":23,"h":35},
	"rotated": false,
	"trimmed": true,
	"spriteSourceSize": {"x":0,"y":0,"w":23,"h":35},
	"sourceSize": {"w":23,"h":35},
	"anchor": {"w":0.47826,"h":0.48571}
},
{
	"filename": "redFont",
	"frame": {"x":77,"y":695,"w":17,"h":35},
	"rotated": false,
	"trimmed": true,
	"spriteSourceSize": {"x":0,"y":0,"w":17,"h":35},
	"sourceSize": {"w":17,"h":35},
	"anchor": {"w":0.47059,"h":0.48571}
},
{
	"filename": "redFont",
	"frame": {"x":932,"y":1,"w":1,"h":1},
	"rotated": false,
	"trimmed": true,
	"spriteSourceSize": {"x":0,"y":0,"w":1,"h":1},
	"sourceSize": {"w":1,"h":1},
	"anchor": {"w":0.00000,"h":0.00000}
},
{
	"filename": "redFont",
	"frame": {"x":932,"y":1,"w":1,"h":1},
	"rotated": false,
	"trimmed": true,
	"spriteSourceSize": {"x":0,"y":0,"w":1,"h":1},
	"sourceSize": {"w":1,"h":1},
	"anchor": {"w":0.00000,"h":0.00000}
},
{
	"filename": "tut0",
	"frame": {"x":818,"y":229,"w":157,"h":140},
	"rotated": false,
	"trimmed": true,
	"spriteSourceSize": {"x":21,"y":24,"w":157,"h":140},
	"sourceSize": {"w":186,"h":164},
	"anchor": {"w":0.32796,"h":0.51220}
},
{
	"filename": "tut1",
	"frame": {"x":643,"y":229,"w":173,"h":133},
	"rotated": false,
	"trimmed": true,
	"spriteSourceSize": {"x":0,"y":3,"w":173,"h":133},
	"sourceSize": {"w":186,"h":164},
	"anchor": {"w":0.25806,"h":0.38415}
},
{
	"filename": "sipka",
	"frame": {"x":643,"y":630,"w":88,"h":68},
	"rotated": false,
	"trimmed": true,
	"spriteSourceSize": {"x":0,"y":0,"w":88,"h":68},
	"sourceSize": {"w":88,"h":68},
	"anchor": {"w":0.50000,"h":0.50000}
}
],
"meta": {
	"app": "Spritor"
}
}
