<font>
  <info aa="1" bold="0" charset="" face="font" italic="0" outline="0" padding="2,2,2,2" size="32" smooth="1" spacing="0,0" stretchH="100" unicode=""/>
  <common base="23" lineHeight="24" packed="0" pages="1" scaleH="174" scaleW="51"/>
  <pages>
    <page file="font.png" id="0"/>
  </pages>
  <chars count="11">
    <char chnl="15" height="17" id="43" page="0" width="16" x="1001" xadvance="18" xoffset="1" y="121" yoffset="4"/>
    <char chnl="15" height="24" id="48" page="0" width="15" x="531" xadvance="18" xoffset="2" y="306" yoffset="0"/>
    <char chnl="15" height="23" id="49" page="0" width="11" x="984" xadvance="13" xoffset="2" y="139" yoffset="0"/>
    <char chnl="15" height="23" id="50" page="0" width="15" x="984" xadvance="18" xoffset="1" y="114" yoffset="0"/>
    <char chnl="15" height="24" id="51" page="0" width="15" x="548" xadvance="17" xoffset="1" y="306" yoffset="0"/>
    <char chnl="15" height="23" id="52" page="0" width="17" x="494" xadvance="19" xoffset="1" y="306" yoffset="0"/>
    <char chnl="15" height="23" id="53" page="0" width="14" x="627" xadvance="17" xoffset="1" y="142" yoffset="0"/>
    <char chnl="15" height="24" id="54" page="0" width="15" x="1002" xadvance="18" xoffset="2" y="43" yoffset="0"/>
    <char chnl="15" height="23" id="55" page="0" width="16" x="513" xadvance="18" xoffset="1" y="306" yoffset="0"/>
    <char chnl="15" height="24" id="56" page="0" width="15" x="1002" xadvance="18" xoffset="1" y="69" yoffset="0"/>
    <char chnl="15" height="24" id="57" page="0" width="15" x="1002" xadvance="18" xoffset="1" y="95" yoffset="0"/>
    <char chnl="15" height="1" id="32" page="0" width="1" x="945" xadvance="8" xoffset="1" y="157" yoffset="0"/>
  </chars>
</font>
