{"frames": [

{
	"filename": "loading_bottom",
	"frame": {"x":1,"y":114,"w":313,"h":10},
	"rotated": false,
	"trimmed": true,
	"spriteSourceSize": {"x":2,"y":0,"w":313,"h":10},
	"sourceSize": {"w":317,"h":10},
	"pivot": {"x":0.5,"y":0.5}
},
{
	"filename": "loading_top",
	"frame": {"x":1,"y":101,"w":317,"h":11},
	"rotated": false,
	"trimmed": false,
	"spriteSourceSize": {"x":0,"y":0,"w":317,"h":11},
	"sourceSize": {"w":317,"h":11},
	"pivot": {"x":0.5,"y":0.5}
},
{
	"filename": "logo",
	"frame": {"x":1,"y":1,"w":364,"h":98},
	"rotated": false,
	"trimmed": true,
	"spriteSourceSize": {"x":16,"y":51,"w":364,"h":98},
	"sourceSize": {"w":400,"h":200},
	"pivot": {"x":0.5,"y":0.5}
}],
"meta": {
	"app": "http://www.codeandweb.com/texturepacker",
	"version": "1.0",
	"image": "atlas.png",
	"format": "RGBA8888",
	"size": {"w":366,"h":125},
	"scale": "1",
	"smartupdate": "$TexturePacker:SmartUpdate:05895d0dbd9b589103f48248a97d6c33:0d312beb4e1c12ce51f02cf636c0682f:cbce6b53f0f49e0bf15173c25c41f876$"
}
}
