<?xml version="1.0" encoding="UTF-8"?>
<spriter_data scml_version="1.0" generator="BrashMonkey Spriter" generator_version="r7">
    <folder id="0">
        <file id="0" name="telo.png" width="18" height="35" pivot_x="0" pivot_y="1"/>
        <file id="1" name="hlava.png" width="45" height="35" pivot_x="0" pivot_y="1"/>
        <file id="2" name="ruka1.png" width="21" height="18" pivot_x="0" pivot_y="1"/>
        <file id="3" name="ruka2.png" width="21" height="18" pivot_x="0" pivot_y="1"/>
        <file id="4" name="noha_vrchni.png" width="6" height="18" pivot_x="0" pivot_y="1"/>
        <file id="5" name="noha_spodni.png" width="6" height="22" pivot_x="0" pivot_y="1"/>
    </folder>
    <entity id="0" name="panak">
        <obj_info name="bone_000" type="bone" w="43.4483" h="10"/>
        <obj_info name="bone_001" type="bone" w="22.7783" h="10"/>
        <obj_info name="bone_002" type="bone" w="21.5025" h="10"/>
        <obj_info name="bone_003" type="bone" w="27.0416" h="10"/>
        <obj_info name="bone_004" type="bone" w="26.069" h="10"/>
        <obj_info name="bone_005" type="bone" w="27.5906" h="10"/>
        <obj_info name="bone_006" type="bone" w="26.8246" h="10"/>
        <obj_info name="bone_007" type="bone" w="28.7136" h="10"/>
        <animation id="0" name="beh" length="1000" interval="100">
            <mainline>
                <key id="0" curve_type="bezier" c1="0.608" c2="0" c3="0.6667" c4="0.6667">
                    <bone_ref id="0" timeline="8" key="0"/>
                    <bone_ref id="1" parent="0" timeline="9" key="0"/>
                    <bone_ref id="2" parent="0" timeline="10" key="0"/>
                    <bone_ref id="3" parent="0" timeline="11" key="0"/>
                    <bone_ref id="4" parent="0" timeline="12" key="0"/>
                    <bone_ref id="5" parent="4" timeline="13" key="0"/>
                    <bone_ref id="6" parent="0" timeline="14" key="0"/>
                    <bone_ref id="7" parent="6" timeline="15" key="0"/>
                    <object_ref id="0" parent="7" timeline="5" key="0" z_index="0"/>
                    <object_ref id="1" parent="6" timeline="4" key="0" z_index="1"/>
                    <object_ref id="2" parent="5" timeline="6" key="0" z_index="2"/>
                    <object_ref id="3" parent="4" timeline="7" key="0" z_index="3"/>
                    <object_ref id="4" parent="2" timeline="3" key="0" z_index="4"/>
                    <object_ref id="5" parent="0" timeline="0" key="0" z_index="5"/>
                    <object_ref id="6" parent="3" timeline="1" key="0" z_index="6"/>
                    <object_ref id="7" parent="1" timeline="2" key="0" z_index="7"/>
                </key>
                <key id="1" time="250">
                    <bone_ref id="0" timeline="8" key="1"/>
                    <bone_ref id="1" parent="0" timeline="9" key="1"/>
                    <bone_ref id="2" parent="0" timeline="10" key="1"/>
                    <bone_ref id="3" parent="0" timeline="11" key="1"/>
                    <bone_ref id="4" parent="0" timeline="12" key="0"/>
                    <bone_ref id="5" parent="4" timeline="13" key="1"/>
                    <bone_ref id="6" parent="0" timeline="14" key="1"/>
                    <bone_ref id="7" parent="6" timeline="15" key="1"/>
                    <object_ref id="0" parent="7" timeline="5" key="0" z_index="0"/>
                    <object_ref id="1" parent="6" timeline="4" key="0" z_index="1"/>
                    <object_ref id="2" parent="5" timeline="6" key="0" z_index="2"/>
                    <object_ref id="3" parent="4" timeline="7" key="0" z_index="3"/>
                    <object_ref id="4" parent="2" timeline="3" key="0" z_index="4"/>
                    <object_ref id="5" parent="0" timeline="0" key="0" z_index="5"/>
                    <object_ref id="6" parent="3" timeline="1" key="0" z_index="6"/>
                    <object_ref id="7" parent="1" timeline="2" key="0" z_index="7"/>
                </key>
                <key id="2" time="500" curve_type="bezier" c1="0.608" c2="0" c3="0.6667" c4="0.6667">
                    <bone_ref id="0" timeline="8" key="2"/>
                    <bone_ref id="1" parent="0" timeline="9" key="2"/>
                    <bone_ref id="2" parent="0" timeline="10" key="2"/>
                    <bone_ref id="3" parent="0" timeline="11" key="2"/>
                    <bone_ref id="4" parent="0" timeline="12" key="1"/>
                    <bone_ref id="5" parent="4" timeline="13" key="2"/>
                    <bone_ref id="6" parent="0" timeline="14" key="2"/>
                    <bone_ref id="7" parent="6" timeline="15" key="2"/>
                    <object_ref id="0" parent="7" timeline="5" key="0" z_index="0"/>
                    <object_ref id="1" parent="6" timeline="4" key="0" z_index="1"/>
                    <object_ref id="2" parent="5" timeline="6" key="0" z_index="2"/>
                    <object_ref id="3" parent="4" timeline="7" key="0" z_index="3"/>
                    <object_ref id="4" parent="2" timeline="3" key="0" z_index="4"/>
                    <object_ref id="5" parent="0" timeline="0" key="0" z_index="5"/>
                    <object_ref id="6" parent="3" timeline="1" key="0" z_index="6"/>
                    <object_ref id="7" parent="1" timeline="2" key="0" z_index="7"/>
                </key>
                <key id="3" time="700">
                    <bone_ref id="0" timeline="8" key="3"/>
                    <bone_ref id="1" parent="0" timeline="9" key="2"/>
                    <bone_ref id="2" parent="0" timeline="10" key="2"/>
                    <bone_ref id="3" parent="0" timeline="11" key="3"/>
                    <bone_ref id="4" parent="0" timeline="12" key="2"/>
                    <bone_ref id="5" parent="4" timeline="13" key="3"/>
                    <bone_ref id="6" parent="0" timeline="14" key="2"/>
                    <bone_ref id="7" parent="6" timeline="15" key="3"/>
                    <object_ref id="0" parent="7" timeline="5" key="0" z_index="0"/>
                    <object_ref id="1" parent="6" timeline="4" key="0" z_index="1"/>
                    <object_ref id="2" parent="5" timeline="6" key="0" z_index="2"/>
                    <object_ref id="3" parent="4" timeline="7" key="0" z_index="3"/>
                    <object_ref id="4" parent="2" timeline="3" key="0" z_index="4"/>
                    <object_ref id="5" parent="0" timeline="0" key="0" z_index="5"/>
                    <object_ref id="6" parent="3" timeline="1" key="0" z_index="6"/>
                    <object_ref id="7" parent="1" timeline="2" key="0" z_index="7"/>
                </key>
            </mainline>
            <timeline id="0" name="telo">
                <key id="0" spin="0">
                    <object folder="0" file="0" x="54.574813" y="10.149425" angle="270" scale_x="1.643478"/>
                </key>
            </timeline>
            <timeline id="1" name="hlava">
                <key id="0" spin="0">
                    <object folder="0" file="1" x="29.975148" y="24.13484" angle="284.272513"/>
                </key>
            </timeline>
            <timeline id="2" name="ruka1">
                <key id="0" spin="0">
                    <object folder="0" file="2" x="1.534024" y="-2.76528" angle="90.546776"/>
                </key>
            </timeline>
            <timeline id="3" name="ruka2">
                <key id="0" spin="0">
                    <object folder="0" file="3" x="1.186708" y="-4.073294" angle="92.504331"/>
                </key>
            </timeline>
            <timeline id="4" name="noha_vrchni">
                <key id="0" spin="0">
                    <object folder="0" file="4" x="-4.137031" y="-2.827586" angle="90" scale_x="1.643478"/>
                </key>
            </timeline>
            <timeline id="5" name="noha_spodni">
                <key id="0" spin="0">
                    <object folder="0" file="5" x="-7.442879" y="-2.597701" angle="90" scale_x="1.643478"/>
                </key>
            </timeline>
            <timeline id="6" name="noha_spodni_000">
                <key id="0" spin="0">
                    <object folder="0" file="5" x="-6.436417" y="-3.108423" angle="91.569355" scale_x="1.643478"/>
                </key>
            </timeline>
            <timeline id="7" name="noha_vrchni_000">
                <key id="0" spin="0">
                    <object folder="0" file="4" x="-2.493553" y="-2.712644" angle="90" scale_x="1.643478"/>
                </key>
            </timeline>
            <timeline id="8" obj="0" name="bone_000" object_type="bone">
                <key id="0" spin="0">
                    <bone x="1.149425" y="36.793103" angle="90" scale_x="0.608466"/>
                </key>
                <key id="1" time="250" spin="0">
                    <bone x="0.923692" y="31.826963" angle="90" scale_x="0.608466"/>
                </key>
                <key id="2" time="500" spin="0">
                    <bone x="0.998936" y="36.416881" angle="90" scale_x="0.608466"/>
                </key>
                <key id="3" time="700" spin="0">
                    <bone x="1.059132" y="32.052697" angle="90" scale_x="0.608466"/>
                </key>
            </timeline>
            <timeline id="9" obj="1" name="bone_001" object_type="bone">
                <key id="0">
                    <bone x="43.070465" y="3.149425" angle="82.902629" scale_x="1.643478"/>
                </key>
                <key id="1" time="250">
                    <bone x="41.426987" y="2.649425" angle="140.662575" scale_x="1.643478"/>
                </key>
                <key id="2" time="500" spin="-1">
                    <bone x="39.572045" y="-0.559378" angle="215.616144" scale_x="1.643478"/>
                </key>
            </timeline>
            <timeline id="10" obj="2" name="bone_002" object_type="bone">
                <key id="0" spin="-1">
                    <bone x="43.070465" y="-3.107911" angle="208.757121" scale_x="1.643478"/>
                </key>
                <key id="1" time="250" spin="-1">
                    <bone x="43.070465" y="1.149425" angle="172.547329" scale_x="1.643478"/>
                </key>
                <key id="2" time="500">
                    <bone x="43.070465" y="3.149425" angle="80.321858" scale_x="1.643478"/>
                </key>
            </timeline>
            <timeline id="11" obj="3" name="bone_003" object_type="bone">
                <key id="0">
                    <bone x="44.713943" y="0.149425" angle="345.727487" scale_x="1.643478"/>
                </key>
                <key id="1" time="250" spin="-1">
                    <bone x="41.313643" y="-1.91954" angle="351.413829" scale_x="1.643478"/>
                </key>
                <key id="2" time="500" spin="-1">
                    <bone x="40.025939" y="-2.465193" angle="343.72712" scale_x="1.643478"/>
                </key>
                <key id="3" time="700">
                    <bone x="40.331334" y="-0.057471" angle="337.577753" scale_x="1.643478"/>
                </key>
            </timeline>
            <timeline id="12" obj="4" name="bone_004" object_type="bone">
                <key id="0">
                    <bone x="1.133433" y="6.436782" angle="153.161353"/>
                </key>
                <key id="1" time="500" spin="-1">
                    <bone x="1.133433" y="-2" angle="215.669945"/>
                </key>
                <key id="2" time="700" spin="-1">
                    <bone x="1.133433" y="1.374713" angle="198.727824"/>
                </key>
            </timeline>
            <timeline id="13" obj="5" name="bone_005" object_type="bone">
                <key id="0">
                    <bone x="27.831052" y="-0.604925" angle="263.984907"/>
                </key>
                <key id="1" time="250">
                    <bone x="27.089055" y="0.287356" angle="279.027849"/>
                </key>
                <key id="2" time="500" spin="-1">
                    <bone x="27.089055" y="0.287356" angle="352.279645"/>
                </key>
                <key id="3" time="700" spin="-1">
                    <bone x="27.089055" y="0.287356" angle="344.381547"/>
                </key>
            </timeline>
            <timeline id="14" obj="6" name="bone_006" object_type="bone">
                <key id="0" spin="-1">
                    <bone x="1.133433" y="-3.678161" angle="218.796552"/>
                </key>
                <key id="1" time="250" spin="-1">
                    <bone x="1.322339" y="-0.344828" angle="203.054872"/>
                </key>
                <key id="2" time="500">
                    <bone x="1.511244" y="2.988506" angle="139.544927"/>
                </key>
            </timeline>
            <timeline id="15" obj="7" name="bone_007" object_type="bone">
                <key id="0" spin="-1">
                    <bone x="28.224547" y="-0.392819" angle="351.525367"/>
                </key>
                <key id="1" time="250" spin="-1">
                    <bone x="27.46601" y="-0.635778" angle="345.472766"/>
                </key>
                <key id="2" time="500" spin="-1">
                    <bone x="23.700151" y="-1.230632" angle="280.737511"/>
                </key>
                <key id="3" time="700">
                    <bone x="25.50991" y="-0.895507" angle="270.582248"/>
                </key>
            </timeline>
        </animation>
        <animation id="1" name="vyskok" length="1000" interval="100" looping="false">
            <mainline>
                <key id="0" curve_type="bezier" c1="0.9531" c2="0" c3="0.6667" c4="0.6667">
                    <bone_ref id="0" timeline="8" key="0"/>
                    <bone_ref id="1" parent="0" timeline="9" key="0"/>
                    <bone_ref id="2" parent="0" timeline="10" key="0"/>
                    <bone_ref id="3" parent="0" timeline="11" key="0"/>
                    <bone_ref id="4" parent="0" timeline="12" key="0"/>
                    <bone_ref id="5" parent="4" timeline="13" key="0"/>
                    <bone_ref id="6" parent="0" timeline="14" key="0"/>
                    <bone_ref id="7" parent="6" timeline="15" key="0"/>
                    <object_ref id="0" parent="7" timeline="5" key="0" z_index="0"/>
                    <object_ref id="1" parent="6" timeline="4" key="0" z_index="1"/>
                    <object_ref id="2" parent="5" timeline="6" key="0" z_index="2"/>
                    <object_ref id="3" parent="4" timeline="7" key="0" z_index="3"/>
                    <object_ref id="4" parent="2" timeline="3" key="0" z_index="4"/>
                    <object_ref id="5" parent="0" timeline="0" key="0" z_index="5"/>
                    <object_ref id="6" parent="3" timeline="1" key="0" z_index="6"/>
                    <object_ref id="7" parent="1" timeline="2" key="0" z_index="7"/>
                </key>
                <key id="1" time="100" curve_type="bezier" c1="0.9531" c2="0" c3="0.6667" c4="0.6667">
                    <bone_ref id="0" timeline="8" key="1"/>
                    <bone_ref id="1" parent="0" timeline="9" key="1"/>
                    <bone_ref id="2" parent="0" timeline="10" key="1"/>
                    <bone_ref id="3" parent="0" timeline="11" key="1"/>
                    <bone_ref id="4" parent="0" timeline="12" key="1"/>
                    <bone_ref id="5" parent="4" timeline="13" key="1"/>
                    <bone_ref id="6" parent="0" timeline="14" key="1"/>
                    <bone_ref id="7" parent="6" timeline="15" key="1"/>
                    <object_ref id="0" parent="7" timeline="5" key="0" z_index="0"/>
                    <object_ref id="1" parent="6" timeline="4" key="0" z_index="1"/>
                    <object_ref id="2" parent="5" timeline="6" key="0" z_index="2"/>
                    <object_ref id="3" parent="4" timeline="7" key="0" z_index="3"/>
                    <object_ref id="4" parent="2" timeline="3" key="0" z_index="4"/>
                    <object_ref id="5" parent="0" timeline="0" key="0" z_index="5"/>
                    <object_ref id="6" parent="3" timeline="1" key="0" z_index="6"/>
                    <object_ref id="7" parent="1" timeline="2" key="0" z_index="7"/>
                </key>
                <key id="2" time="497" curve_type="bezier" c1="0.608" c2="0" c3="0.6667" c4="0.6667">
                    <bone_ref id="0" timeline="8" key="2"/>
                    <bone_ref id="1" parent="0" timeline="9" key="2"/>
                    <bone_ref id="2" parent="0" timeline="10" key="2"/>
                    <bone_ref id="3" parent="0" timeline="11" key="2"/>
                    <bone_ref id="4" parent="0" timeline="12" key="2"/>
                    <bone_ref id="5" parent="4" timeline="13" key="2"/>
                    <bone_ref id="6" parent="0" timeline="14" key="2"/>
                    <bone_ref id="7" parent="6" timeline="15" key="2"/>
                    <object_ref id="0" parent="7" timeline="5" key="1" z_index="0"/>
                    <object_ref id="1" parent="6" timeline="4" key="1" z_index="1"/>
                    <object_ref id="2" parent="5" timeline="6" key="1" z_index="2"/>
                    <object_ref id="3" parent="4" timeline="7" key="1" z_index="3"/>
                    <object_ref id="4" parent="2" timeline="3" key="1" z_index="4"/>
                    <object_ref id="5" parent="0" timeline="0" key="1" z_index="5"/>
                    <object_ref id="6" parent="3" timeline="1" key="1" z_index="6"/>
                    <object_ref id="7" parent="1" timeline="2" key="1" z_index="7"/>
                </key>
            </mainline>
            <timeline id="0" name="telo">
                <key id="0" spin="0">
                    <object folder="0" file="0" x="54.574813" y="10.149425" angle="270" scale_x="1.643478"/>
                </key>
                <key id="1" time="497" spin="0">
                    <object folder="0" file="0" x="54.574813" y="10.149425" angle="270" scale_x="1.643478"/>
                </key>
            </timeline>
            <timeline id="1" name="hlava">
                <key id="0" spin="0">
                    <object folder="0" file="1" x="29.975148" y="24.13484" angle="284.272513"/>
                </key>
                <key id="1" time="497" spin="0">
                    <object folder="0" file="1" x="29.975148" y="24.13484" angle="284.272513"/>
                </key>
            </timeline>
            <timeline id="2" name="ruka1">
                <key id="0" spin="0">
                    <object folder="0" file="2" x="1.534024" y="-2.76528" angle="90.546776"/>
                </key>
                <key id="1" time="497" spin="0">
                    <object folder="0" file="2" x="1.534024" y="-2.76528" angle="90.546776"/>
                </key>
            </timeline>
            <timeline id="3" name="ruka2">
                <key id="0" spin="0">
                    <object folder="0" file="3" x="1.186708" y="-4.073294" angle="92.504331"/>
                </key>
                <key id="1" time="497" spin="0">
                    <object folder="0" file="3" x="1.186708" y="-4.073294" angle="92.504331"/>
                </key>
            </timeline>
            <timeline id="4" name="noha_vrchni">
                <key id="0" spin="0">
                    <object folder="0" file="4" x="-4.137031" y="-2.827586" angle="90" scale_x="1.643478"/>
                </key>
                <key id="1" time="497" spin="0">
                    <object folder="0" file="4" x="-4.137031" y="-2.827586" angle="90" scale_x="1.643478"/>
                </key>
            </timeline>
            <timeline id="5" name="noha_spodni">
                <key id="0" spin="0">
                    <object folder="0" file="5" x="-7.442879" y="-2.597701" angle="90" scale_x="1.643478"/>
                </key>
                <key id="1" time="497" spin="0">
                    <object folder="0" file="5" x="-7.442879" y="-2.597701" angle="90" scale_x="1.643478"/>
                </key>
            </timeline>
            <timeline id="6" name="noha_spodni_000">
                <key id="0" spin="0">
                    <object folder="0" file="5" x="-6.436417" y="-3.108423" angle="91.569355" scale_x="1.643478"/>
                </key>
                <key id="1" time="497" spin="0">
                    <object folder="0" file="5" x="-6.436417" y="-3.108423" angle="91.569355" scale_x="1.643478"/>
                </key>
            </timeline>
            <timeline id="7" name="noha_vrchni_000">
                <key id="0" spin="0">
                    <object folder="0" file="4" x="-2.493553" y="-2.712644" angle="90" scale_x="1.643478"/>
                </key>
                <key id="1" time="497" spin="0">
                    <object folder="0" file="4" x="-2.493553" y="-2.712644" angle="90" scale_x="1.643478"/>
                </key>
            </timeline>
            <timeline id="8" obj="0" name="bone_000" object_type="bone">
                <key id="0" spin="0">
                    <bone x="1.149425" y="32.553702" angle="90" scale_x="0.608466"/>
                </key>
                <key id="1" time="100" spin="0">
                    <bone x="1.398802" y="28.566186" angle="90" scale_x="0.608466"/>
                </key>
                <key id="2" time="497" spin="0">
                    <bone x="1.149425" y="33.847593" angle="90" scale_x="0.608466"/>
                </key>
            </timeline>
            <timeline id="9" obj="1" name="bone_001" object_type="bone">
                <key id="0">
                    <bone x="43.070465" y="3.149425" angle="121.412561" scale_x="1.643478"/>
                </key>
                <key id="1" time="100" spin="-1">
                    <bone x="41.023714" y="3.149425" angle="131.965753" scale_x="1.643478"/>
                </key>
                <key id="2" time="497">
                    <bone x="45.11969" y="3.149425" angle="89.030776" scale_x="1.643478"/>
                </key>
            </timeline>
            <timeline id="10" obj="2" name="bone_002" object_type="bone">
                <key id="0" spin="-1">
                    <bone x="43.070465" y="-3.107911" angle="208.757121" scale_x="1.643478"/>
                </key>
                <key id="1" time="100">
                    <bone x="40.206498" y="-3.357288" angle="204.980602" scale_x="1.643478"/>
                </key>
                <key id="2" time="497" spin="-1">
                    <bone x="47.168914" y="-3.107911" angle="258.654075" scale_x="1.643478"/>
                </key>
            </timeline>
            <timeline id="11" obj="3" name="bone_003" object_type="bone">
                <key id="0" spin="-1">
                    <bone x="44.713943" y="0.149425" angle="345.727487" scale_x="1.643478"/>
                </key>
                <key id="1" time="100">
                    <bone x="42.342285" y="-1.199316" angle="341.830911" scale_x="1.643478"/>
                </key>
                <key id="2" time="497" spin="-1">
                    <bone x="49.222238" y="-1.596211" angle="13.655862" scale_x="1.643478"/>
                </key>
            </timeline>
            <timeline id="12" obj="4" name="bone_004" object_type="bone">
                <key id="0" spin="-1">
                    <bone x="1.133433" y="4.691146" angle="176.816842"/>
                </key>
                <key id="1" time="100" spin="-1">
                    <bone x="3.262648" y="4.192393" angle="175.523717"/>
                </key>
                <key id="2" time="497">
                    <bone x="-0.505947" y="4.691146" angle="160.776847"/>
                </key>
            </timeline>
            <timeline id="13" obj="5" name="bone_005" object_type="bone">
                <key id="0" spin="-1">
                    <bone x="27.831052" y="-0.604925" angle="350.633103"/>
                </key>
                <key id="1" time="100" spin="-1">
                    <bone x="27.831052" y="-0.604925" angle="319.001334"/>
                </key>
                <key id="2" time="497">
                    <bone x="27.831052" y="-0.604925" angle="270.853168"/>
                </key>
            </timeline>
            <timeline id="14" obj="6" name="bone_006" object_type="bone">
                <key id="0">
                    <bone x="1.133433" y="-2.680655" angle="191.94391"/>
                </key>
                <key id="1" time="100">
                    <bone x="3.672493" y="-2.181902" angle="203.049662"/>
                </key>
                <key id="2" time="497" spin="-1">
                    <bone x="-0.505947" y="-2.680655" angle="203.438103"/>
                </key>
            </timeline>
            <timeline id="15" obj="7" name="bone_007" object_type="bone">
                <key id="0" spin="-1">
                    <bone x="28.224547" y="-0.392819" angle="351.525367"/>
                </key>
                <key id="1" time="100" spin="-1">
                    <bone x="28.224547" y="-0.392819" angle="324.970395"/>
                </key>
                <key id="2" time="497">
                    <bone x="28.224547" y="-0.392819" angle="274.562734"/>
                </key>
            </timeline>
        </animation>
        <animation id="2" name="zasah" length="1000" interval="100" looping="false">
            <mainline>
                <key id="0" curve_type="bezier" c1="0.9531" c2="0" c3="0.6667" c4="0.6667">
                    <bone_ref id="0" timeline="8" key="0"/>
                    <bone_ref id="1" parent="0" timeline="9" key="0"/>
                    <bone_ref id="2" parent="0" timeline="10" key="0"/>
                    <bone_ref id="3" parent="0" timeline="11" key="0"/>
                    <bone_ref id="4" parent="0" timeline="12" key="0"/>
                    <bone_ref id="5" parent="4" timeline="13" key="0"/>
                    <bone_ref id="6" parent="0" timeline="14" key="0"/>
                    <bone_ref id="7" parent="6" timeline="15" key="0"/>
                    <object_ref id="0" parent="7" timeline="5" key="0" z_index="0"/>
                    <object_ref id="1" parent="6" timeline="4" key="0" z_index="1"/>
                    <object_ref id="2" parent="5" timeline="6" key="0" z_index="2"/>
                    <object_ref id="3" parent="4" timeline="7" key="0" z_index="3"/>
                    <object_ref id="4" parent="2" timeline="3" key="0" z_index="4"/>
                    <object_ref id="5" parent="0" timeline="0" key="0" z_index="5"/>
                    <object_ref id="6" parent="3" timeline="1" key="0" z_index="6"/>
                    <object_ref id="7" parent="1" timeline="2" key="0" z_index="7"/>
                </key>
                <key id="1" time="200" curve_type="bezier" c1="0.9531" c2="0" c3="0.6667" c4="0.6667">
                    <bone_ref id="0" timeline="8" key="1"/>
                    <bone_ref id="1" parent="0" timeline="9" key="1"/>
                    <bone_ref id="2" parent="0" timeline="10" key="1"/>
                    <bone_ref id="3" parent="0" timeline="11" key="1"/>
                    <bone_ref id="4" parent="0" timeline="12" key="1"/>
                    <bone_ref id="5" parent="4" timeline="13" key="1"/>
                    <bone_ref id="6" parent="0" timeline="14" key="1"/>
                    <bone_ref id="7" parent="6" timeline="15" key="1"/>
                    <object_ref id="0" parent="7" timeline="5" key="1" z_index="0"/>
                    <object_ref id="1" parent="6" timeline="4" key="1" z_index="1"/>
                    <object_ref id="2" parent="5" timeline="6" key="1" z_index="2"/>
                    <object_ref id="3" parent="4" timeline="7" key="1" z_index="3"/>
                    <object_ref id="4" parent="2" timeline="3" key="1" z_index="4"/>
                    <object_ref id="5" parent="0" timeline="0" key="1" z_index="5"/>
                    <object_ref id="6" parent="3" timeline="1" key="1" z_index="6"/>
                    <object_ref id="7" parent="1" timeline="2" key="1" z_index="7"/>
                </key>
                <key id="2" time="399" curve_type="bezier" c1="0.9531" c2="0" c3="0.6667" c4="0.6667">
                    <bone_ref id="0" timeline="8" key="2"/>
                    <bone_ref id="1" parent="0" timeline="9" key="2"/>
                    <bone_ref id="2" parent="0" timeline="10" key="2"/>
                    <bone_ref id="3" parent="0" timeline="11" key="2"/>
                    <bone_ref id="4" parent="0" timeline="12" key="2"/>
                    <bone_ref id="5" parent="4" timeline="13" key="2"/>
                    <bone_ref id="6" parent="0" timeline="14" key="2"/>
                    <bone_ref id="7" parent="6" timeline="15" key="2"/>
                    <object_ref id="0" parent="7" timeline="5" key="2" z_index="0"/>
                    <object_ref id="1" parent="6" timeline="4" key="2" z_index="1"/>
                    <object_ref id="2" parent="5" timeline="6" key="2" z_index="2"/>
                    <object_ref id="3" parent="4" timeline="7" key="2" z_index="3"/>
                    <object_ref id="4" parent="2" timeline="3" key="2" z_index="4"/>
                    <object_ref id="5" parent="0" timeline="0" key="2" z_index="5"/>
                    <object_ref id="6" parent="3" timeline="1" key="2" z_index="6"/>
                    <object_ref id="7" parent="1" timeline="2" key="2" z_index="7"/>
                </key>
                <key id="3" time="700" curve_type="bezier" c1="0.9531" c2="0" c3="0.6667" c4="0.6667">
                    <bone_ref id="0" timeline="8" key="3"/>
                    <bone_ref id="1" parent="0" timeline="9" key="3"/>
                    <bone_ref id="2" parent="0" timeline="10" key="3"/>
                    <bone_ref id="3" parent="0" timeline="11" key="3"/>
                    <bone_ref id="4" parent="0" timeline="12" key="3"/>
                    <bone_ref id="5" parent="4" timeline="13" key="3"/>
                    <bone_ref id="6" parent="0" timeline="14" key="3"/>
                    <bone_ref id="7" parent="6" timeline="15" key="3"/>
                    <object_ref id="0" parent="7" timeline="5" key="3" z_index="0"/>
                    <object_ref id="1" parent="6" timeline="4" key="3" z_index="1"/>
                    <object_ref id="2" parent="5" timeline="6" key="3" z_index="2"/>
                    <object_ref id="3" parent="4" timeline="7" key="3" z_index="3"/>
                    <object_ref id="4" parent="2" timeline="3" key="3" z_index="4"/>
                    <object_ref id="5" parent="0" timeline="0" key="3" z_index="5"/>
                    <object_ref id="6" parent="3" timeline="1" key="3" z_index="6"/>
                    <object_ref id="7" parent="1" timeline="2" key="3" z_index="7"/>
                </key>
            </mainline>
            <timeline id="0" name="telo">
                <key id="0" spin="0">
                    <object folder="0" file="0" x="54.574813" y="10.149425" angle="270" scale_x="1.643478"/>
                </key>
                <key id="1" time="200" spin="0">
                    <object folder="0" file="0" x="54.574813" y="10.149425" angle="270" scale_x="1.643478"/>
                </key>
                <key id="2" time="399" spin="0">
                    <object folder="0" file="0" x="54.574813" y="10.149425" angle="270" scale_x="1.643478"/>
                </key>
                <key id="3" time="700" spin="0">
                    <object folder="0" file="0" x="54.574813" y="10.149425" angle="270" scale_x="1.643478"/>
                </key>
            </timeline>
            <timeline id="1" name="hlava">
                <key id="0" spin="0">
                    <object folder="0" file="1" x="29.975148" y="24.13484" angle="284.272513"/>
                </key>
                <key id="1" time="200" spin="0">
                    <object folder="0" file="1" x="29.975148" y="24.13484" angle="284.272513"/>
                </key>
                <key id="2" time="399" spin="0">
                    <object folder="0" file="1" x="29.813391" y="22.936983" angle="284.272513"/>
                </key>
                <key id="3" time="700" spin="0">
                    <object folder="0" file="1" x="29.975148" y="24.13484" angle="284.272513"/>
                </key>
            </timeline>
            <timeline id="2" name="ruka1">
                <key id="0" spin="0">
                    <object folder="0" file="2" x="1.534024" y="-2.76528" angle="90.546776"/>
                </key>
                <key id="1" time="200" spin="0">
                    <object folder="0" file="2" x="1.534024" y="-2.76528" angle="90.546776"/>
                </key>
                <key id="2" time="399" spin="0">
                    <object folder="0" file="2" x="1.534024" y="-2.76528" angle="90.546776"/>
                </key>
                <key id="3" time="700" spin="0">
                    <object folder="0" file="2" x="1.534024" y="-2.76528" angle="90.546776"/>
                </key>
            </timeline>
            <timeline id="3" name="ruka2">
                <key id="0" spin="0">
                    <object folder="0" file="3" x="1.186708" y="-4.073294" angle="92.504331"/>
                </key>
                <key id="1" time="200" spin="0">
                    <object folder="0" file="3" x="1.186708" y="-4.073294" angle="92.504331"/>
                </key>
                <key id="2" time="399" spin="0">
                    <object folder="0" file="3" x="1.186708" y="-4.073294" angle="92.504331"/>
                </key>
                <key id="3" time="700" spin="0">
                    <object folder="0" file="3" x="1.186708" y="-4.073294" angle="92.504331"/>
                </key>
            </timeline>
            <timeline id="4" name="noha_vrchni">
                <key id="0" spin="0">
                    <object folder="0" file="4" x="-4.137031" y="-2.827586" angle="90" scale_x="1.643478"/>
                </key>
                <key id="1" time="200" spin="0">
                    <object folder="0" file="4" x="-4.137031" y="-2.827586" angle="90" scale_x="1.643478"/>
                </key>
                <key id="2" time="399" spin="0">
                    <object folder="0" file="4" x="-4.137031" y="-2.827586" angle="90" scale_x="1.643478"/>
                </key>
                <key id="3" time="700" spin="0">
                    <object folder="0" file="4" x="-4.137031" y="-2.827586" angle="90" scale_x="1.643478"/>
                </key>
            </timeline>
            <timeline id="5" name="noha_spodni">
                <key id="0" spin="0">
                    <object folder="0" file="5" x="-7.442879" y="-2.597701" angle="90" scale_x="1.643478"/>
                </key>
                <key id="1" time="200" spin="0">
                    <object folder="0" file="5" x="-7.442879" y="-2.597701" angle="90" scale_x="1.643478"/>
                </key>
                <key id="2" time="399" spin="0">
                    <object folder="0" file="5" x="-7.442879" y="-2.597701" angle="90" scale_x="1.643478"/>
                </key>
                <key id="3" time="700" spin="0">
                    <object folder="0" file="5" x="-7.442879" y="-2.597701" angle="90" scale_x="1.643478"/>
                </key>
            </timeline>
            <timeline id="6" name="noha_spodni_000">
                <key id="0" spin="0">
                    <object folder="0" file="5" x="-6.436417" y="-3.108423" angle="91.569355" scale_x="1.643478"/>
                </key>
                <key id="1" time="200" spin="0">
                    <object folder="0" file="5" x="-6.436417" y="-3.108423" angle="91.569355" scale_x="1.643478"/>
                </key>
                <key id="2" time="399" spin="0">
                    <object folder="0" file="5" x="-6.436417" y="-3.108423" angle="91.569355" scale_x="1.643478"/>
                </key>
                <key id="3" time="700" spin="0">
                    <object folder="0" file="5" x="-6.436417" y="-3.108423" angle="91.569355" scale_x="1.643478"/>
                </key>
            </timeline>
            <timeline id="7" name="noha_vrchni_000">
                <key id="0" spin="0">
                    <object folder="0" file="4" x="-2.493553" y="-2.712644" angle="90" scale_x="1.643478"/>
                </key>
                <key id="1" time="200" spin="0">
                    <object folder="0" file="4" x="-2.493553" y="-2.712644" angle="90" scale_x="1.643478"/>
                </key>
                <key id="2" time="399" spin="0">
                    <object folder="0" file="4" x="-2.493553" y="-2.712644" angle="90" scale_x="1.643478"/>
                </key>
                <key id="3" time="700" spin="0">
                    <object folder="0" file="4" x="-2.493553" y="-2.712644" angle="90" scale_x="1.643478"/>
                </key>
            </timeline>
            <timeline id="8" obj="0" name="bone_000" object_type="bone">
                <key id="0" spin="-1">
                    <bone x="1.149425" y="32.553702" angle="90" scale_x="0.608466"/>
                </key>
                <key id="1" time="200">
                    <bone x="1.149425" y="32.553702" angle="85.026" scale_x="0.608466"/>
                </key>
                <key id="2" time="399" spin="-1">
                    <bone x="1.325792" y="37.491974" angle="111.520961" scale_x="0.608466"/>
                </key>
                <key id="3" time="700" spin="0">
                    <bone x="1.149425" y="40.284375" angle="90" scale_x="0.608466"/>
                </key>
            </timeline>
            <timeline id="9" obj="1" name="bone_001" object_type="bone">
                <key id="0" spin="0">
                    <bone x="43.070465" y="3.149425" angle="125.174918" scale_x="1.643478"/>
                </key>
                <key id="1" time="200" spin="-1">
                    <bone x="43.070465" y="3.149425" angle="125.174918" scale_x="1.643478"/>
                </key>
                <key id="2" time="399" spin="-1">
                    <bone x="40.670485" y="3.17402" angle="103.653956" scale_x="1.643478"/>
                </key>
                <key id="3" time="700">
                    <bone x="45.11969" y="3.149425" angle="89.030776" scale_x="1.643478"/>
                </key>
            </timeline>
            <timeline id="10" obj="2" name="bone_002" object_type="bone">
                <key id="0" spin="-1">
                    <bone x="42.789529" y="-2.766031" angle="181.156578" scale_x="1.643478"/>
                </key>
                <key id="1" time="200" spin="-1">
                    <bone x="43.070465" y="-3.107911" angle="178.596129" scale_x="1.643478"/>
                </key>
                <key id="2" time="399">
                    <bone x="37.322361" y="1.650834" angle="122.389174" scale_x="1.643478"/>
                </key>
                <key id="3" time="700" spin="-1">
                    <bone x="47.168914" y="-3.107911" angle="258.654075" scale_x="1.643478"/>
                </key>
            </timeline>
            <timeline id="11" obj="3" name="bone_003" object_type="bone">
                <key id="0" spin="-1">
                    <bone x="44.713943" y="0.149425" angle="11.122359" scale_x="1.643478"/>
                </key>
                <key id="1" time="200">
                    <bone x="41.623644" y="0.491305" angle="341.180471" scale_x="1.643478"/>
                </key>
                <key id="2" time="399" spin="-1">
                    <bone x="44.713943" y="-1.901857" angle="17.391964" scale_x="1.643478"/>
                </key>
                <key id="3" time="700">
                    <bone x="48.844427" y="-0.676671" angle="353.367064" scale_x="1.643478"/>
                </key>
            </timeline>
            <timeline id="12" obj="4" name="bone_004" object_type="bone">
                <key id="0">
                    <bone x="1.133433" y="4.691146" angle="176.816842"/>
                </key>
                <key id="1" time="200">
                    <bone x="1.133433" y="4.691146" angle="184.774387"/>
                </key>
                <key id="2" time="399" spin="-1">
                    <bone x="1.133433" y="4.691146" angle="204.809515"/>
                </key>
                <key id="3" time="700">
                    <bone x="-0.505947" y="4.691146" angle="160.776847"/>
                </key>
            </timeline>
            <timeline id="13" obj="5" name="bone_005" object_type="bone">
                <key id="0" spin="0">
                    <bone x="27.831052" y="-0.604925" angle="350.633103"/>
                </key>
                <key id="1" time="200" spin="-1">
                    <bone x="27.831052" y="-0.604925" angle="350.633103"/>
                </key>
                <key id="2" time="399" spin="-1">
                    <bone x="27.831052" y="-0.604925" angle="315.229528"/>
                </key>
                <key id="3" time="700">
                    <bone x="27.831052" y="-0.604925" angle="270.853168"/>
                </key>
            </timeline>
            <timeline id="14" obj="6" name="bone_006" object_type="bone">
                <key id="0">
                    <bone x="1.133433" y="-2.680655" angle="191.94391"/>
                </key>
                <key id="1" time="200">
                    <bone x="1.133433" y="-2.680655" angle="198.758067"/>
                </key>
                <key id="2" time="399" spin="-1">
                    <bone x="1.133433" y="-2.680655" angle="217.613711"/>
                </key>
                <key id="3" time="700" spin="-1">
                    <bone x="-0.505947" y="-2.680655" angle="203.438103"/>
                </key>
            </timeline>
            <timeline id="15" obj="7" name="bone_007" object_type="bone">
                <key id="0" spin="0">
                    <bone x="28.224547" y="-0.392819" angle="351.525367"/>
                </key>
                <key id="1" time="200" spin="0">
                    <bone x="28.224547" y="-0.392819" angle="351.525367"/>
                </key>
                <key id="2" time="399" spin="-1">
                    <bone x="28.224547" y="-0.392819" angle="351.525367"/>
                </key>
                <key id="3" time="700">
                    <bone x="28.224547" y="-0.392819" angle="274.562734"/>
                </key>
            </timeline>
        </animation>
        <animation id="3" name="padani" length="1000" interval="100" looping="false">
            <mainline>
                <key id="0" curve_type="bezier" c1="0.9447" c2="0" c3="0.6667" c4="0.6667">
                    <bone_ref id="0" timeline="8" key="0"/>
                    <bone_ref id="1" parent="0" timeline="9" key="0"/>
                    <bone_ref id="2" parent="0" timeline="10" key="0"/>
                    <bone_ref id="3" parent="0" timeline="11" key="0"/>
                    <bone_ref id="4" parent="0" timeline="12" key="0"/>
                    <bone_ref id="5" parent="4" timeline="13" key="0"/>
                    <bone_ref id="6" parent="0" timeline="14" key="0"/>
                    <bone_ref id="7" parent="6" timeline="15" key="0"/>
                    <object_ref id="0" parent="7" timeline="5" key="0" z_index="0"/>
                    <object_ref id="1" parent="6" timeline="4" key="0" z_index="1"/>
                    <object_ref id="2" parent="5" timeline="6" key="0" z_index="2"/>
                    <object_ref id="3" parent="4" timeline="7" key="0" z_index="3"/>
                    <object_ref id="4" parent="2" timeline="3" key="0" z_index="4"/>
                    <object_ref id="5" parent="0" timeline="0" key="0" z_index="5"/>
                    <object_ref id="6" parent="3" timeline="1" key="0" z_index="6"/>
                    <object_ref id="7" parent="1" timeline="2" key="0" z_index="7"/>
                </key>
                <key id="1" time="496" curve_type="bezier" c1="0.9447" c2="0" c3="0.6667" c4="0.6667">
                    <bone_ref id="0" timeline="8" key="1"/>
                    <bone_ref id="1" parent="0" timeline="9" key="1"/>
                    <bone_ref id="2" parent="0" timeline="10" key="1"/>
                    <bone_ref id="3" parent="0" timeline="11" key="1"/>
                    <bone_ref id="4" parent="0" timeline="12" key="1"/>
                    <bone_ref id="5" parent="4" timeline="13" key="1"/>
                    <bone_ref id="6" parent="0" timeline="14" key="1"/>
                    <bone_ref id="7" parent="6" timeline="15" key="1"/>
                    <object_ref id="0" parent="7" timeline="5" key="1" z_index="0"/>
                    <object_ref id="1" parent="6" timeline="4" key="1" z_index="1"/>
                    <object_ref id="2" parent="5" timeline="6" key="1" z_index="2"/>
                    <object_ref id="3" parent="4" timeline="7" key="1" z_index="3"/>
                    <object_ref id="4" parent="2" timeline="3" key="1" z_index="4"/>
                    <object_ref id="5" parent="0" timeline="0" key="1" z_index="5"/>
                    <object_ref id="6" parent="3" timeline="1" key="1" z_index="6"/>
                    <object_ref id="7" parent="1" timeline="2" key="1" z_index="7"/>
                </key>
            </mainline>
            <timeline id="0" name="telo">
                <key id="0" spin="0">
                    <object folder="0" file="0" x="54.574813" y="10.149425" angle="270" scale_x="1.643478"/>
                </key>
                <key id="1" time="496" spin="0">
                    <object folder="0" file="0" x="54.574813" y="10.149425" angle="270" scale_x="1.643478"/>
                </key>
            </timeline>
            <timeline id="1" name="hlava">
                <key id="0" spin="0">
                    <object folder="0" file="1" x="29.975148" y="24.13484" angle="284.272513"/>
                </key>
                <key id="1" time="496" spin="0">
                    <object folder="0" file="1" x="29.975148" y="24.13484" angle="284.272513"/>
                </key>
            </timeline>
            <timeline id="2" name="ruka1">
                <key id="0" spin="0">
                    <object folder="0" file="2" x="1.534024" y="-2.76528" angle="90.546776"/>
                </key>
                <key id="1" time="496" spin="0">
                    <object folder="0" file="2" x="1.534024" y="-2.76528" angle="90.546776"/>
                </key>
            </timeline>
            <timeline id="3" name="ruka2">
                <key id="0" spin="0">
                    <object folder="0" file="3" x="1.186708" y="-4.073294" angle="92.504331"/>
                </key>
                <key id="1" time="496" spin="0">
                    <object folder="0" file="3" x="1.186708" y="-4.073294" angle="92.504331"/>
                </key>
            </timeline>
            <timeline id="4" name="noha_vrchni">
                <key id="0" spin="0">
                    <object folder="0" file="4" x="-4.137031" y="-2.827586" angle="90" scale_x="1.643478"/>
                </key>
                <key id="1" time="496" spin="0">
                    <object folder="0" file="4" x="-4.137031" y="-2.827586" angle="90" scale_x="1.643478"/>
                </key>
            </timeline>
            <timeline id="5" name="noha_spodni">
                <key id="0" spin="0">
                    <object folder="0" file="5" x="-7.442879" y="-2.597701" angle="90" scale_x="1.643478"/>
                </key>
                <key id="1" time="496" spin="0">
                    <object folder="0" file="5" x="-7.442879" y="-2.597701" angle="90" scale_x="1.643478"/>
                </key>
            </timeline>
            <timeline id="6" name="noha_spodni_000">
                <key id="0" spin="0">
                    <object folder="0" file="5" x="-6.436417" y="-3.108423" angle="91.569355" scale_x="1.643478"/>
                </key>
                <key id="1" time="496" spin="0">
                    <object folder="0" file="5" x="-6.436417" y="-3.108423" angle="91.569355" scale_x="1.643478"/>
                </key>
            </timeline>
            <timeline id="7" name="noha_vrchni_000">
                <key id="0" spin="0">
                    <object folder="0" file="4" x="-2.493553" y="-2.712644" angle="90" scale_x="1.643478"/>
                </key>
                <key id="1" time="496" spin="0">
                    <object folder="0" file="4" x="-2.493553" y="-2.712644" angle="90" scale_x="1.643478"/>
                </key>
            </timeline>
            <timeline id="8" obj="0" name="bone_000" object_type="bone">
                <key id="0" spin="0">
                    <bone x="1.149425" y="33.84759" angle="90" scale_x="0.608466"/>
                </key>
                <key id="1" time="496" spin="0">
                    <bone x="1.39695" y="33.84759" angle="90" scale_x="0.608466"/>
                </key>
            </timeline>
            <timeline id="9" obj="1" name="bone_001" object_type="bone">
                <key id="0" spin="-1">
                    <bone x="45.11969" y="3.149425" angle="89.030776" scale_x="1.643478"/>
                </key>
                <key id="1" time="496">
                    <bone x="43.085684" y="3.644475" angle="74.495864" scale_x="1.643478"/>
                </key>
            </timeline>
            <timeline id="10" obj="2" name="bone_002" object_type="bone">
                <key id="0" spin="-1">
                    <bone x="47.168914" y="-3.107911" angle="258.654075" scale_x="1.643478"/>
                </key>
                <key id="1" time="496">
                    <bone x="41.066895" y="-4.59306" angle="220.411159" scale_x="1.643478"/>
                </key>
            </timeline>
            <timeline id="11" obj="3" name="bone_003" object_type="bone">
                <key id="0" spin="-1">
                    <bone x="49.222238" y="-1.596211" angle="13.655862" scale_x="1.643478"/>
                </key>
                <key id="1" time="496">
                    <bone x="45.561026" y="2.364185" angle="331.047513" scale_x="1.643478"/>
                </key>
            </timeline>
            <timeline id="12" obj="4" name="bone_004" object_type="bone">
                <key id="0" spin="0">
                    <bone x="-0.505947" y="4.691146" angle="160.776847"/>
                </key>
                <key id="1" time="496" spin="0">
                    <bone x="-0.505947" y="5.92877" angle="160.776847"/>
                </key>
            </timeline>
            <timeline id="13" obj="5" name="bone_005" object_type="bone">
                <key id="0">
                    <bone x="27.831052" y="-0.604925" angle="270.853168"/>
                </key>
                <key id="1" time="496" spin="-1">
                    <bone x="27.831052" y="-0.604925" angle="339.768612"/>
                </key>
            </timeline>
            <timeline id="14" obj="6" name="bone_006" object_type="bone">
                <key id="0">
                    <bone x="-0.505947" y="-2.680655" angle="203.438103"/>
                </key>
                <key id="1" time="496" spin="-1">
                    <bone x="-0.505947" y="-2.680655" angle="214.786023"/>
                </key>
            </timeline>
            <timeline id="15" obj="7" name="bone_007" object_type="bone">
                <key id="0">
                    <bone x="28.224547" y="-0.392819" angle="274.562734"/>
                </key>
                <key id="1" time="496" spin="-1">
                    <bone x="28.647402" y="-1.043932" angle="335.075345"/>
                </key>
            </timeline>
        </animation>
        <animation id="4" name="padani voda" length="1000" interval="100" looping="false">
            <mainline>
                <key id="0">
                    <bone_ref id="0" timeline="8" key="0"/>
                    <bone_ref id="1" parent="0" timeline="9" key="0"/>
                    <bone_ref id="2" parent="0" timeline="10" key="0"/>
                    <bone_ref id="3" parent="0" timeline="11" key="0"/>
                    <bone_ref id="4" parent="0" timeline="12" key="0"/>
                    <bone_ref id="5" parent="4" timeline="13" key="0"/>
                    <bone_ref id="6" parent="0" timeline="14" key="0"/>
                    <bone_ref id="7" parent="6" timeline="15" key="0"/>
                    <object_ref id="0" parent="7" timeline="5" key="0" z_index="0"/>
                    <object_ref id="1" parent="6" timeline="4" key="0" z_index="1"/>
                    <object_ref id="2" parent="5" timeline="6" key="0" z_index="2"/>
                    <object_ref id="3" parent="4" timeline="7" key="0" z_index="3"/>
                    <object_ref id="4" parent="2" timeline="3" key="0" z_index="4"/>
                    <object_ref id="5" parent="0" timeline="0" key="0" z_index="5"/>
                    <object_ref id="6" parent="3" timeline="1" key="0" z_index="6"/>
                    <object_ref id="7" parent="1" timeline="2" key="0" z_index="7"/>
                </key>
                <key id="1" time="238" curve_type="bezier" c1="0.6131" c2="0" c3="0.6667" c4="0.6667">
                    <bone_ref id="0" timeline="8" key="0"/>
                    <bone_ref id="1" parent="0" timeline="9" key="0"/>
                    <bone_ref id="2" parent="0" timeline="10" key="0"/>
                    <bone_ref id="3" parent="0" timeline="11" key="0"/>
                    <bone_ref id="4" parent="0" timeline="12" key="0"/>
                    <bone_ref id="5" parent="4" timeline="13" key="1"/>
                    <bone_ref id="6" parent="0" timeline="14" key="0"/>
                    <bone_ref id="7" parent="6" timeline="15" key="1"/>
                    <object_ref id="0" parent="7" timeline="5" key="0" z_index="0"/>
                    <object_ref id="1" parent="6" timeline="4" key="0" z_index="1"/>
                    <object_ref id="2" parent="5" timeline="6" key="0" z_index="2"/>
                    <object_ref id="3" parent="4" timeline="7" key="0" z_index="3"/>
                    <object_ref id="4" parent="2" timeline="3" key="0" z_index="4"/>
                    <object_ref id="5" parent="0" timeline="0" key="0" z_index="5"/>
                    <object_ref id="6" parent="3" timeline="1" key="0" z_index="6"/>
                    <object_ref id="7" parent="1" timeline="2" key="1" z_index="7"/>
                </key>
                <key id="2" time="496" curve_type="bezier" c1="0.9447" c2="0" c3="0.6667" c4="0.6667">
                    <bone_ref id="0" timeline="8" key="1"/>
                    <bone_ref id="1" parent="0" timeline="9" key="1"/>
                    <bone_ref id="2" parent="0" timeline="10" key="1"/>
                    <bone_ref id="3" parent="0" timeline="11" key="1"/>
                    <bone_ref id="4" parent="0" timeline="12" key="1"/>
                    <bone_ref id="5" parent="4" timeline="13" key="2"/>
                    <bone_ref id="6" parent="0" timeline="14" key="1"/>
                    <bone_ref id="7" parent="6" timeline="15" key="2"/>
                    <object_ref id="0" parent="7" timeline="5" key="1" z_index="0"/>
                    <object_ref id="1" parent="6" timeline="4" key="1" z_index="1"/>
                    <object_ref id="2" parent="5" timeline="6" key="1" z_index="2"/>
                    <object_ref id="3" parent="4" timeline="7" key="1" z_index="3"/>
                    <object_ref id="4" parent="2" timeline="3" key="1" z_index="4"/>
                    <object_ref id="5" parent="0" timeline="0" key="1" z_index="5"/>
                    <object_ref id="6" parent="3" timeline="1" key="1" z_index="6"/>
                    <object_ref id="7" parent="1" timeline="2" key="2" z_index="7"/>
                </key>
            </mainline>
            <timeline id="0" name="telo">
                <key id="0" spin="0">
                    <object folder="0" file="0" x="54.574813" y="10.149425" angle="270" scale_x="1.643478"/>
                </key>
                <key id="1" time="496" spin="0">
                    <object folder="0" file="0" x="54.574813" y="10.149425" angle="270" scale_x="1.643478"/>
                </key>
            </timeline>
            <timeline id="1" name="hlava">
                <key id="0" spin="0">
                    <object folder="0" file="1" x="29.975148" y="24.13484" angle="284.272513"/>
                </key>
                <key id="1" time="496" spin="0">
                    <object folder="0" file="1" x="29.975148" y="24.13484" angle="284.272513"/>
                </key>
            </timeline>
            <timeline id="2" name="ruka1">
                <key id="0" spin="0">
                    <object folder="0" file="2" x="1.534024" y="-2.76528" angle="90.546776"/>
                </key>
                <key id="1" time="238" spin="0">
                    <object folder="0" file="2" x="1.33776" y="-1.687078" angle="90.546776" scale_x="0.426618"/>
                </key>
                <key id="2" time="496" spin="0">
                    <object folder="0" file="2" x="1.335749" y="2.21312" angle="90.546776" scale_x="-0.856676"/>
                </key>
            </timeline>
            <timeline id="3" name="ruka2">
                <key id="0" spin="0">
                    <object folder="0" file="3" x="1.186708" y="-4.073294" angle="92.504331"/>
                </key>
                <key id="1" time="496" spin="0">
                    <object folder="0" file="3" x="1.186708" y="-4.073294" angle="92.504331"/>
                </key>
            </timeline>
            <timeline id="4" name="noha_vrchni">
                <key id="0" spin="0">
                    <object folder="0" file="4" x="-4.137031" y="-2.827586" angle="90" scale_x="1.643478"/>
                </key>
                <key id="1" time="496" spin="0">
                    <object folder="0" file="4" x="-4.137031" y="-2.827586" angle="90" scale_x="1.643478"/>
                </key>
            </timeline>
            <timeline id="5" name="noha_spodni">
                <key id="0" spin="0">
                    <object folder="0" file="5" x="-7.442879" y="-2.597701" angle="90" scale_x="1.643478"/>
                </key>
                <key id="1" time="496" spin="0">
                    <object folder="0" file="5" x="-7.442879" y="-2.597701" angle="90" scale_x="1.643478" a="0"/>
                </key>
            </timeline>
            <timeline id="6" name="noha_spodni_000">
                <key id="0" spin="0">
                    <object folder="0" file="5" x="-6.436417" y="-3.108423" angle="91.569355" scale_x="1.643478"/>
                </key>
                <key id="1" time="496" spin="0">
                    <object folder="0" file="5" x="-6.436417" y="-3.108423" angle="91.569355" scale_x="1.643478"/>
                </key>
            </timeline>
            <timeline id="7" name="noha_vrchni_000">
                <key id="0" spin="0">
                    <object folder="0" file="4" x="-2.493553" y="-2.712644" angle="90" scale_x="1.643478"/>
                </key>
                <key id="1" time="496" spin="0">
                    <object folder="0" file="4" x="-2.493553" y="-2.712644" angle="90" scale_x="1.643478"/>
                </key>
            </timeline>
            <timeline id="8" obj="0" name="bone_000" object_type="bone">
                <key id="0" spin="0">
                    <bone x="1.149425" y="40.284375" angle="90" scale_x="0.608466"/>
                </key>
                <key id="1" time="496" spin="0">
                    <bone x="1.644475" y="-2.042358" angle="90" scale_x="0.608466"/>
                </key>
            </timeline>
            <timeline id="9" obj="1" name="bone_001" object_type="bone">
                <key id="0" spin="-1">
                    <bone x="45.11969" y="3.149425" angle="89.030776" scale_x="1.643478"/>
                </key>
                <key id="1" time="496">
                    <bone x="43.085684" y="3.644475" angle="74.495864" scale_x="1.643478"/>
                </key>
            </timeline>
            <timeline id="10" obj="2" name="bone_002" object_type="bone">
                <key id="0" spin="-1">
                    <bone x="47.168914" y="-3.107911" angle="258.654075" scale_x="1.643478"/>
                </key>
                <key id="1" time="496">
                    <bone x="41.066895" y="-4.59306" angle="220.411159" scale_x="1.643478"/>
                </key>
            </timeline>
            <timeline id="11" obj="3" name="bone_003" object_type="bone">
                <key id="0" spin="-1">
                    <bone x="48.844427" y="-0.676671" angle="353.367064" scale_x="1.643478"/>
                </key>
                <key id="1" time="496">
                    <bone x="44.049783" y="3.283725" angle="320.8634" scale_x="1.643478"/>
                </key>
            </timeline>
            <timeline id="12" obj="4" name="bone_004" object_type="bone">
                <key id="0" spin="0">
                    <bone x="-0.505947" y="4.691146" angle="160.776847"/>
                </key>
                <key id="1" time="496" spin="0">
                    <bone x="-0.505947" y="5.92877" angle="160.776847" a="0"/>
                </key>
            </timeline>
            <timeline id="13" obj="5" name="bone_005" object_type="bone">
                <key id="0">
                    <bone x="27.831052" y="-0.604925" angle="270.853168"/>
                </key>
                <key id="1" time="238">
                    <bone x="27.831052" y="-0.604925" angle="278.078174" a="0.48485"/>
                </key>
                <key id="2" time="496" spin="-1">
                    <bone x="27.831052" y="-0.604925" angle="339.768612"/>
                </key>
            </timeline>
            <timeline id="14" obj="6" name="bone_006" object_type="bone">
                <key id="0">
                    <bone x="-0.505947" y="-2.680655" angle="203.438103"/>
                </key>
                <key id="1" time="496" spin="-1">
                    <bone x="-0.505947" y="-2.680655" angle="214.786023" a="0"/>
                </key>
            </timeline>
            <timeline id="15" obj="7" name="bone_007" object_type="bone">
                <key id="0">
                    <bone x="28.224547" y="-0.392819" angle="274.562734"/>
                </key>
                <key id="1" time="238">
                    <bone x="28.43768" y="-0.721001" angle="305.063042" a="0.5"/>
                </key>
                <key id="2" time="496" spin="-1">
                    <bone x="28.647402" y="-1.043932" angle="335.075345"/>
                </key>
            </timeline>
        </animation>
    </entity>
</spriter_data>
