{"frames": [
{
	"filename": "Hero",
	"frame": {"x":934,"y":72,"w":1,"h":1},
	"rotated": false,
	"trimmed": true,
	"spriteSourceSize": {"x":19,"y":89,"w":1,"h":1},
	"sourceSize": {"w":20,"h":90},
	"anchor": {"w":1.45000,"h":1.48889}
},
{
	"filename": "PlatformL",
	"frame": {"x":643,"y":331,"w":64,"h":50},
	"rotated": false,
	"trimmed": true,
	"spriteSourceSize": {"x":0,"y":0,"w":64,"h":50},
	"sourceSize": {"w":64,"h":72},
	"anchor": {"w":0.00000,"h":0.11111}
},
{
	"filename": "PlatformM",
	"frame": {"x":841,"y":356,"w":64,"h":50},
	"rotated": false,
	"trimmed": true,
	"spriteSourceSize": {"x":0,"y":0,"w":64,"h":50},
	"sourceSize": {"w":64,"h":72},
	"anchor": {"w":0.00000,"h":0.11111}
},
{
	"filename": "PlatformR",
	"frame": {"x":907,"y":360,"w":64,"h":50},
	"rotated": false,
	"trimmed": true,
	"spriteSourceSize": {"x":0,"y":0,"w":64,"h":50},
	"sourceSize": {"w":64,"h":72},
	"anchor": {"w":0.00000,"h":0.11111}
},
{
	"filename": "BlockTL",
	"frame": {"x":946,"y":1,"w":64,"h":72},
	"rotated": false,
	"trimmed": true,
	"spriteSourceSize": {"x":0,"y":0,"w":64,"h":72},
	"sourceSize": {"w":64,"h":72},
	"anchor": {"w":0.00000,"h":0.11111}
},
{
	"filename": "BlockTM",
	"frame": {"x":643,"y":39,"w":64,"h":72},
	"rotated": false,
	"trimmed": true,
	"spriteSourceSize": {"x":0,"y":0,"w":64,"h":72},
	"sourceSize": {"w":64,"h":72},
	"anchor": {"w":0.00000,"h":0.11111}
},
{
	"filename": "BlockTR",
	"frame": {"x":709,"y":39,"w":64,"h":72},
	"rotated": false,
	"trimmed": true,
	"spriteSourceSize": {"x":0,"y":0,"w":64,"h":72},
	"sourceSize": {"w":64,"h":72},
	"anchor": {"w":0.00000,"h":0.11111}
},
{
	"filename": "Block1L",
	"frame": {"x":952,"y":228,"w":64,"h":64},
	"rotated": false,
	"trimmed": true,
	"spriteSourceSize": {"x":0,"y":0,"w":64,"h":64},
	"sourceSize": {"w":64,"h":64},
	"anchor": {"w":0.00000,"h":0.00000}
},
{
	"filename": "Block1M",
	"frame": {"x":714,"y":234,"w":64,"h":64},
	"rotated": false,
	"trimmed": true,
	"spriteSourceSize": {"x":0,"y":0,"w":64,"h":64},
	"sourceSize": {"w":64,"h":64},
	"anchor": {"w":0.00000,"h":0.00000}
},
{
	"filename": "Block1R",
	"frame": {"x":780,"y":252,"w":64,"h":64},
	"rotated": false,
	"trimmed": true,
	"spriteSourceSize": {"x":0,"y":0,"w":64,"h":64},
	"sourceSize": {"w":64,"h":64},
	"anchor": {"w":0.00000,"h":0.00000}
},
{
	"filename": "Block2L",
	"frame": {"x":643,"y":265,"w":64,"h":64},
	"rotated": false,
	"trimmed": true,
	"spriteSourceSize": {"x":0,"y":0,"w":64,"h":64},
	"sourceSize": {"w":64,"h":64},
	"anchor": {"w":0.00000,"h":0.00000}
},
{
	"filename": "Block2M",
	"frame": {"x":846,"y":290,"w":64,"h":64},
	"rotated": false,
	"trimmed": true,
	"spriteSourceSize": {"x":0,"y":0,"w":64,"h":64},
	"sourceSize": {"w":64,"h":64},
	"anchor": {"w":0.00000,"h":0.00000}
},
{
	"filename": "Block2R",
	"frame": {"x":912,"y":294,"w":64,"h":64},
	"rotated": false,
	"trimmed": true,
	"spriteSourceSize": {"x":0,"y":0,"w":64,"h":64},
	"sourceSize": {"w":64,"h":64},
	"anchor": {"w":0.00000,"h":0.00000}
},
{
	"filename": "BlockBL",
	"frame": {"x":881,"y":165,"w":69,"h":61},
	"rotated": false,
	"trimmed": true,
	"spriteSourceSize": {"x":0,"y":0,"w":69,"h":61},
	"sourceSize": {"w":69,"h":64},
	"anchor": {"w":0.07246,"h":0.00000}
},
{
	"filename": "BlockBM",
	"frame": {"x":709,"y":300,"w":64,"h":61},
	"rotated": false,
	"trimmed": true,
	"spriteSourceSize": {"x":0,"y":0,"w":64,"h":61},
	"sourceSize": {"w":64,"h":64},
	"anchor": {"w":0.00000,"h":0.00000}
},
{
	"filename": "BlockBR",
	"frame": {"x":952,"y":165,"w":69,"h":61},
	"rotated": false,
	"trimmed": true,
	"spriteSourceSize": {"x":0,"y":0,"w":69,"h":61},
	"sourceSize": {"w":69,"h":64},
	"anchor": {"w":0.00000,"h":0.00000}
},
{
	"filename": "GroundL",
	"frame": {"x":804,"y":1,"w":69,"h":69},
	"rotated": false,
	"trimmed": true,
	"spriteSourceSize": {"x":0,"y":0,"w":69,"h":69},
	"sourceSize": {"w":69,"h":72},
	"anchor": {"w":0.07246,"h":0.11111}
},
{
	"filename": "GroundM",
	"frame": {"x":749,"y":163,"w":64,"h":69},
	"rotated": false,
	"trimmed": true,
	"spriteSourceSize": {"x":0,"y":0,"w":64,"h":69},
	"sourceSize": {"w":64,"h":72},
	"anchor": {"w":0.00000,"h":0.11111}
},
{
	"filename": "GroundR",
	"frame": {"x":875,"y":1,"w":69,"h":69},
	"rotated": false,
	"trimmed": true,
	"spriteSourceSize": {"x":0,"y":0,"w":69,"h":69},
	"sourceSize": {"w":69,"h":72},
	"anchor": {"w":0.00000,"h":0.11111}
},
{
	"filename": "Ground2L",
	"frame": {"x":643,"y":203,"w":69,"h":60},
	"rotated": false,
	"trimmed": true,
	"spriteSourceSize": {"x":0,"y":0,"w":69,"h":60},
	"sourceSize": {"w":69,"h":64},
	"anchor": {"w":0.07246,"h":0.00000}
},
{
	"filename": "Ground2M",
	"frame": {"x":775,"y":318,"w":64,"h":60},
	"rotated": false,
	"trimmed": true,
	"spriteSourceSize": {"x":0,"y":0,"w":64,"h":60},
	"sourceSize": {"w":64,"h":64},
	"anchor": {"w":0.00000,"h":0.00000}
},
{
	"filename": "Ground2R",
	"frame": {"x":881,"y":228,"w":69,"h":60},
	"rotated": false,
	"trimmed": true,
	"spriteSourceSize": {"x":0,"y":0,"w":69,"h":60},
	"sourceSize": {"w":69,"h":64},
	"anchor": {"w":0.00000,"h":0.00000}
},
{
	"filename": "Spikes0",
	"frame": {"x":709,"y":363,"w":61,"h":42},
	"rotated": false,
	"trimmed": true,
	"spriteSourceSize": {"x":0,"y":0,"w":61,"h":42},
	"sourceSize": {"w":62,"h":42},
	"anchor": {"w":0.40323,"h":0.88095}
},
{
	"filename": "Spikes1",
	"frame": {"x":772,"y":380,"w":61,"h":41},
	"rotated": false,
	"trimmed": true,
	"spriteSourceSize": {"x":0,"y":1,"w":61,"h":41},
	"sourceSize": {"w":62,"h":42},
	"anchor": {"w":0.40323,"h":0.88095}
},
{
	"filename": "Spikes2",
	"frame": {"x":643,"y":383,"w":61,"h":39},
	"rotated": false,
	"trimmed": true,
	"spriteSourceSize": {"x":0,"y":3,"w":61,"h":39},
	"sourceSize": {"w":62,"h":42},
	"anchor": {"w":0.40323,"h":0.88095}
},
{
	"filename": "Spikes3",
	"frame": {"x":706,"y":407,"w":61,"h":38},
	"rotated": false,
	"trimmed": true,
	"spriteSourceSize": {"x":0,"y":4,"w":61,"h":38},
	"sourceSize": {"w":62,"h":42},
	"anchor": {"w":0.40323,"h":0.88095}
},
{
	"filename": "voda",
	"frame": {"x":978,"y":294,"w":32,"h":108},
	"rotated": false,
	"trimmed": true,
	"spriteSourceSize": {"x":0,"y":0,"w":32,"h":108},
	"sourceSize": {"w":32,"h":108},
	"anchor": {"w":0.50000,"h":0.50000}
},
{
	"filename": "cloud0",
	"frame": {"x":835,"y":412,"w":102,"h":20},
	"rotated": false,
	"trimmed": true,
	"spriteSourceSize": {"x":0,"y":0,"w":102,"h":20},
	"sourceSize": {"w":102,"h":20},
	"anchor": {"w":0.50000,"h":0.50000}
},
{
	"filename": "cloud1",
	"frame": {"x":643,"y":1,"w":159,"h":36},
	"rotated": false,
	"trimmed": true,
	"spriteSourceSize": {"x":0,"y":0,"w":159,"h":36},
	"sourceSize": {"w":159,"h":36},
	"anchor": {"w":0.49686,"h":0.50000}
},
{
	"filename": "bg_trees",
	"frame": {"x":1,"y":493,"w":640,"h":284},
	"rotated": false,
	"trimmed": true,
	"spriteSourceSize": {"x":0,"y":0,"w":640,"h":284},
	"sourceSize": {"w":640,"h":284},
	"anchor": {"w":0.50000,"h":0.69718}
},
{
	"filename": "bg_mountains",
	"frame": {"x":1,"y":1,"w":640,"h":490},
	"rotated": false,
	"trimmed": true,
	"spriteSourceSize": {"x":0,"y":0,"w":640,"h":490},
	"sourceSize": {"w":640,"h":490},
	"anchor": {"w":0.50000,"h":0.50000}
},
{
	"filename": "hlava",
	"frame": {"x":973,"y":404,"w":45,"h":35},
	"rotated": false,
	"trimmed": true,
	"spriteSourceSize": {"x":0,"y":0,"w":45,"h":35},
	"sourceSize": {"w":45,"h":35},
	"anchor": {"w":0.48889,"h":0.48571}
},
{
	"filename": "noha_spodni",
	"frame": {"x":737,"y":203,"w":6,"h":22},
	"rotated": false,
	"trimmed": true,
	"spriteSourceSize": {"x":0,"y":0,"w":6,"h":22},
	"sourceSize": {"w":6,"h":22},
	"anchor": {"w":0.50000,"h":0.50000}
},
{
	"filename": "noha_vrchni",
	"frame": {"x":815,"y":227,"w":6,"h":18},
	"rotated": false,
	"trimmed": true,
	"spriteSourceSize": {"x":0,"y":0,"w":6,"h":18},
	"sourceSize": {"w":6,"h":18},
	"anchor": {"w":0.50000,"h":0.50000}
},
{
	"filename": "ruka1",
	"frame": {"x":714,"y":203,"w":21,"h":18},
	"rotated": false,
	"trimmed": true,
	"spriteSourceSize": {"x":0,"y":0,"w":21,"h":18},
	"sourceSize": {"w":21,"h":18},
	"anchor": {"w":0.47619,"h":0.50000}
},
{
	"filename": "ruka2",
	"frame": {"x":987,"y":139,"w":21,"h":18},
	"rotated": false,
	"trimmed": true,
	"spriteSourceSize": {"x":0,"y":0,"w":21,"h":18},
	"sourceSize": {"w":21,"h":18},
	"anchor": {"w":0.47619,"h":0.50000}
},
{
	"filename": "telo",
	"frame": {"x":749,"y":113,"w":18,"h":35},
	"rotated": false,
	"trimmed": true,
	"spriteSourceSize": {"x":0,"y":0,"w":18,"h":35},
	"sourceSize": {"w":18,"h":35},
	"anchor": {"w":0.50000,"h":0.48571}
},
{
	"filename": "srdce1",
	"frame": {"x":987,"y":75,"w":34,"h":30},
	"rotated": false,
	"trimmed": true,
	"spriteSourceSize": {"x":0,"y":4,"w":34,"h":30},
	"sourceSize": {"w":34,"h":34},
	"anchor": {"w":0.50000,"h":0.55882}
},
{
	"filename": "srdce2",
	"frame": {"x":846,"y":252,"w":32,"h":30},
	"rotated": false,
	"trimmed": true,
	"spriteSourceSize": {"x":1,"y":3,"w":32,"h":30},
	"sourceSize": {"w":34,"h":34},
	"anchor": {"w":0.50000,"h":0.52941}
},
{
	"filename": "srdce3",
	"frame": {"x":775,"y":39,"w":26,"h":30},
	"rotated": false,
	"trimmed": true,
	"spriteSourceSize": {"x":4,"y":1,"w":26,"h":30},
	"sourceSize": {"w":34,"h":34},
	"anchor": {"w":0.50000,"h":0.47059}
},
{
	"filename": "srdce4",
	"frame": {"x":815,"y":163,"w":11,"h":30},
	"rotated": false,
	"trimmed": true,
	"spriteSourceSize": {"x":12,"y":0,"w":11,"h":30},
	"sourceSize": {"w":34,"h":34},
	"anchor": {"w":0.50000,"h":0.44118}
},
{
	"filename": "srdce5",
	"frame": {"x":815,"y":195,"w":11,"h":30},
	"rotated": false,
	"trimmed": true,
	"spriteSourceSize": {"x":12,"y":0,"w":11,"h":30},
	"sourceSize": {"w":34,"h":34},
	"anchor": {"w":0.50000,"h":0.44118}
},
{
	"filename": "srdce6",
	"frame": {"x":939,"y":412,"w":26,"h":30},
	"rotated": false,
	"trimmed": true,
	"spriteSourceSize": {"x":4,"y":2,"w":26,"h":30},
	"sourceSize": {"w":34,"h":34},
	"anchor": {"w":0.50000,"h":0.50000}
},
{
	"filename": "srdce7",
	"frame": {"x":987,"y":107,"w":32,"h":30},
	"rotated": false,
	"trimmed": true,
	"spriteSourceSize": {"x":1,"y":3,"w":32,"h":30},
	"sourceSize": {"w":34,"h":34},
	"anchor": {"w":0.50000,"h":0.52941}
},
{
	"filename": "Splash",
	"frame": {"x":749,"y":150,"w":6,"h":6},
	"rotated": false,
	"trimmed": true,
	"spriteSourceSize": {"x":0,"y":0,"w":6,"h":6},
	"sourceSize": {"w":6,"h":6},
	"anchor": {"w":0.50000,"h":0.50000}
},
{
	"filename": "srdceMale",
	"frame": {"x":780,"y":234,"w":17,"h":15},
	"rotated": false,
	"trimmed": true,
	"spriteSourceSize": {"x":0,"y":0,"w":17,"h":15},
	"sourceSize": {"w":17,"h":15},
	"anchor": {"w":0.47059,"h":0.46667}
},
{
	"filename": "animacka_001",
	"frame": {"x":775,"y":72,"w":51,"h":89},
	"rotated": false,
	"trimmed": true,
	"spriteSourceSize": {"x":0,"y":1,"w":51,"h":89},
	"sourceSize": {"w":51,"h":90},
	"anchor": {"w":0.49020,"h":0.50000}
},
{
	"filename": "animacka_002",
	"frame": {"x":828,"y":72,"w":51,"h":88},
	"rotated": false,
	"trimmed": true,
	"spriteSourceSize": {"x":0,"y":2,"w":51,"h":88},
	"sourceSize": {"w":51,"h":90},
	"anchor": {"w":0.49020,"h":0.50000}
},
{
	"filename": "animacka_003",
	"frame": {"x":881,"y":72,"w":51,"h":88},
	"rotated": false,
	"trimmed": true,
	"spriteSourceSize": {"x":0,"y":2,"w":51,"h":88},
	"sourceSize": {"w":51,"h":90},
	"anchor": {"w":0.49020,"h":0.50000}
},
{
	"filename": "animacka_004",
	"frame": {"x":934,"y":75,"w":51,"h":88},
	"rotated": false,
	"trimmed": true,
	"spriteSourceSize": {"x":0,"y":2,"w":51,"h":88},
	"sourceSize": {"w":51,"h":90},
	"anchor": {"w":0.49020,"h":0.50000}
},
{
	"filename": "animacka_005",
	"frame": {"x":643,"y":113,"w":51,"h":88},
	"rotated": false,
	"trimmed": true,
	"spriteSourceSize": {"x":0,"y":2,"w":51,"h":88},
	"sourceSize": {"w":51,"h":90},
	"anchor": {"w":0.49020,"h":0.50000}
},
{
	"filename": "animacka_006",
	"frame": {"x":696,"y":113,"w":51,"h":88},
	"rotated": false,
	"trimmed": true,
	"spriteSourceSize": {"x":0,"y":2,"w":51,"h":88},
	"sourceSize": {"w":51,"h":90},
	"anchor": {"w":0.49020,"h":0.50000}
},
{
	"filename": "animacka_007",
	"frame": {"x":828,"y":162,"w":51,"h":88},
	"rotated": false,
	"trimmed": true,
	"spriteSourceSize": {"x":0,"y":2,"w":51,"h":88},
	"sourceSize": {"w":51,"h":90},
	"anchor": {"w":0.49020,"h":0.50000}
},
{
	"filename": "stin",
	"frame": {"x":769,"y":423,"w":52,"h":4},
	"rotated": false,
	"trimmed": true,
	"spriteSourceSize": {"x":0,"y":0,"w":52,"h":4},
	"sourceSize": {"w":52,"h":4},
	"anchor": {"w":0.50000,"h":0.50000}
}
],
"meta": {
	"app": "Spritor"
}
}
