{"frames": {

"DonaldsWall_HVEZDICKA01.png":
{
	"frame": {"x":1,"y":1,"w":115,"h":103},
	"rotated": false,
	"trimmed": false,
	"spriteSourceSize": {"x":0,"y":0,"w":115,"h":103},
	"sourceSize": {"w":115,"h":103}
},
"DonaldsWall_HVEZDICKA02.png":
{
	"frame": {"x":118,"y":1,"w":115,"h":103},
	"rotated": false,
	"trimmed": false,
	"spriteSourceSize": {"x":0,"y":0,"w":115,"h":103},
	"sourceSize": {"w":115,"h":103}
},
"DonaldsWall_HVEZDICKA03.png":
{
	"frame": {"x":235,"y":1,"w":115,"h":103},
	"rotated": false,
	"trimmed": false,
	"spriteSourceSize": {"x":0,"y":0,"w":115,"h":103},
	"sourceSize": {"w":115,"h":103}
},
"DonaldsWall_HVEZDICKA04.png":
{
	"frame": {"x":118,"y":1,"w":115,"h":103},
	"rotated": false,
	"trimmed": false,
	"spriteSourceSize": {"x":0,"y":0,"w":115,"h":103},
	"sourceSize": {"w":115,"h":103}
}},
"meta": {
	"app": "http://www.codeandweb.com/texturepacker",
	"version": "1.0",
	"image": "DonaldsWall_HVEZDICKA.png",
	"format": "RGBA8888",
	"size": {"w":351,"h":105},
	"scale": "1",
	"smartupdate": "$TexturePacker:SmartUpdate:78e7d8735bb732649b57ebba6a72e638:f453a8c7979c82a545c527f1f7d15172:47e7aace71a5528fed1a3f5f3b795a61$"
}
}
