{"frames": {

"DonaldsWall_DONALD_kour01.png":
{
	"frame": {"x":139,"y":53,"w":27,"h":13},
	"rotated": false,
	"trimmed": true,
	"spriteSourceSize": {"x":39,"y":0,"w":27,"h":13},
	"sourceSize": {"w":99,"h":67}
},
"DonaldsWall_DONALD_kour02.png":
{
	"frame": {"x":102,"y":53,"w":35,"h":20},
	"rotated": false,
	"trimmed": true,
	"spriteSourceSize": {"x":34,"y":0,"w":35,"h":20},
	"sourceSize": {"w":99,"h":67}
},
"DonaldsWall_DONALD_kour03.png":
{
	"frame": {"x":180,"y":39,"w":43,"h":25},
	"rotated": false,
	"trimmed": true,
	"spriteSourceSize": {"x":30,"y":0,"w":43,"h":25},
	"sourceSize": {"w":99,"h":67}
},
"DonaldsWall_DONALD_kour04.png":
{
	"frame": {"x":180,"y":1,"w":59,"h":36},
	"rotated": false,
	"trimmed": true,
	"spriteSourceSize": {"x":22,"y":0,"w":59,"h":36},
	"sourceSize": {"w":99,"h":67}
},
"DonaldsWall_DONALD_kour05.png":
{
	"frame": {"x":102,"y":1,"w":76,"h":50},
	"rotated": false,
	"trimmed": true,
	"spriteSourceSize": {"x":14,"y":0,"w":76,"h":50},
	"sourceSize": {"w":99,"h":67}
},
"DonaldsWall_DONALD_kour06.png":
{
	"frame": {"x":1,"y":1,"w":99,"h":63},
	"rotated": false,
	"trimmed": true,
	"spriteSourceSize": {"x":0,"y":0,"w":99,"h":63},
	"sourceSize": {"w":99,"h":67}
}},
"meta": {
	"app": "http://www.codeandweb.com/texturepacker",
	"version": "1.0",
	"image": "DonaldsWall_DONALD_kour.png",
	"format": "RGBA8888",
	"size": {"w":240,"h":74},
	"scale": "1",
	"smartupdate": "$TexturePacker:SmartUpdate:3e85b6973748a4a3e3fd7d03a6fd9388:2d7fceab02e01aed7e2f64808f0994a8:4a38822891b8b70222c45ec9eb8faa06$"
}
}
