{"frames": {

"DonaldsWall_ZENA01.png":
{
	"frame": {"x":1,"y":1,"w":80,"h":125},
	"rotated": false,
	"trimmed": false,
	"spriteSourceSize": {"x":0,"y":0,"w":80,"h":125},
	"sourceSize": {"w":80,"h":125}
},
"DonaldsWall_ZENA02.png":
{
	"frame": {"x":83,"y":1,"w":80,"h":125},
	"rotated": false,
	"trimmed": false,
	"spriteSourceSize": {"x":0,"y":0,"w":80,"h":125},
	"sourceSize": {"w":80,"h":125}
},
"DonaldsWall_ZENA03.png":
{
	"frame": {"x":165,"y":1,"w":80,"h":125},
	"rotated": false,
	"trimmed": false,
	"spriteSourceSize": {"x":0,"y":0,"w":80,"h":125},
	"sourceSize": {"w":80,"h":125}
},
"DonaldsWall_ZENA04.png":
{
	"frame": {"x":83,"y":1,"w":80,"h":125},
	"rotated": false,
	"trimmed": false,
	"spriteSourceSize": {"x":0,"y":0,"w":80,"h":125},
	"sourceSize": {"w":80,"h":125}
},
"DonaldsWall_ZENA05.png":
{
	"frame": {"x":247,"y":1,"w":76,"h":125},
	"rotated": false,
	"trimmed": false,
	"spriteSourceSize": {"x":0,"y":0,"w":76,"h":125},
	"sourceSize": {"w":76,"h":125}
},
"DonaldsWall_ZENA06.png":
{
	"frame": {"x":325,"y":1,"w":76,"h":125},
	"rotated": false,
	"trimmed": false,
	"spriteSourceSize": {"x":0,"y":0,"w":76,"h":125},
	"sourceSize": {"w":76,"h":125}
}},
"meta": {
	"app": "http://www.codeandweb.com/texturepacker",
	"version": "1.0",
	"image": "DonaldsWall_ZENA.png",
	"format": "RGBA8888",
	"size": {"w":402,"h":127},
	"scale": "1",
	"smartupdate": "$TexturePacker:SmartUpdate:83baf5a745fb8336291c48f0f659be47:a85818d6ddd6a2ece22ebe7fd31a81b1:3a3cfe62fb07dbdb611f1a4af975a1c0$"
}
}
