{"frames":[{"filename":"background","frame":{"x":0,"y":179,"w":640,"h":1138},"rotated":false,"trimmed":false,"spriteSourceSize":{"x":0,"y":0,"w":640,"h":1138},"sourceSize":{"w":640,"h":1138}},{"filename":"bus","frame":{"x":174,"y":0,"w":111,"h":122},"rotated":false,"trimmed":false,"spriteSourceSize":{"x":0,"y":0,"w":111,"h":122},"sourceSize":{"w":111,"h":122}},{"filename":"busShadow","frame":{"x":0,"y":123,"w":139,"h":24},"rotated":false,"trimmed":false,"spriteSourceSize":{"x":0,"y":0,"w":139,"h":24},"sourceSize":{"w":139,"h":24}},{"filename":"itemCoconut","frame":{"x":74,"y":0,"w":36,"h":47},"rotated":false,"trimmed":false,"spriteSourceSize":{"x":0,"y":0,"w":36,"h":47},"sourceSize":{"w":36,"h":47}},{"filename":"itemPineapple","frame":{"x":0,"y":0,"w":36,"h":61},"rotated":false,"trimmed":false,"spriteSourceSize":{"x":0,"y":0,"w":36,"h":61},"sourceSize":{"w":36,"h":61}},{"filename":"itemSunshade","frame":{"x":37,"y":0,"w":36,"h":58},"rotated":false,"trimmed":false,"spriteSourceSize":{"x":0,"y":0,"w":36,"h":58},"sourceSize":{"w":36,"h":58}},{"filename":"points10","frame":{"x":73,"y":148,"w":37,"h":27},"rotated":false,"trimmed":false,"spriteSourceSize":{"x":0,"y":0,"w":37,"h":27},"sourceSize":{"w":37,"h":27}},{"filename":"points15","frame":{"x":111,"y":86,"w":37,"h":27},"rotated":false,"trimmed":false,"spriteSourceSize":{"x":0,"y":0,"w":37,"h":27},"sourceSize":{"w":37,"h":27}},{"filename":"points20","frame":{"x":31,"y":148,"w":41,"h":27},"rotated":false,"trimmed":false,"spriteSourceSize":{"x":0,"y":0,"w":41,"h":27},"sourceSize":{"w":41,"h":27}},{"filename":"points5","frame":{"x":111,"y":148,"w":29,"h":27},"rotated":false,"trimmed":false,"spriteSourceSize":{"x":0,"y":0,"w":29,"h":27},"sourceSize":{"w":29,"h":27}},{"filename":"trajRed","frame":{"x":74,"y":48,"w":30,"h":30},"rotated":false,"trimmed":false,"spriteSourceSize":{"x":0,"y":0,"w":30,"h":30},"sourceSize":{"w":30,"h":30}},{"filename":"trajWhite","frame":{"x":0,"y":148,"w":30,"h":30},"rotated":false,"trimmed":false,"spriteSourceSize":{"x":0,"y":0,"w":30,"h":30},"sourceSize":{"w":30,"h":30}},{"filename":"trajYellow","frame":{"x":74,"y":79,"w":30,"h":30},"rotated":false,"trimmed":false,"spriteSourceSize":{"x":0,"y":0,"w":30,"h":30},"sourceSize":{"w":30,"h":30}},{"filename":"itemCactus","frame":{"x":111,"y":0,"w":62,"h":85},"rotated":false,"trimmed":false,"spriteSourceSize":{"x":0,"y":0,"w":62,"h":85},"sourceSize":{"w":62,"h":85}},{"filename":"itemSunglasses","frame":{"x":174,"y":123,"w":92,"h":52},"rotated":false,"trimmed":false,"spriteSourceSize":{"x":0,"y":0,"w":92,"h":52},"sourceSize":{"w":92,"h":52}},{"filename":"itemCamera","frame":{"x":0,"y":62,"w":58,"h":60},"rotated":false,"trimmed":false,"spriteSourceSize":{"x":0,"y":0,"w":58,"h":60},"sourceSize":{"w":58,"h":60}}],"meta":{"app":"https://www.leshylabs.com/apps/sstool/","version":"Leshy SpriteSheet Tool v0.8.4","image":"spritesheet.png","size":{"w":640,"h":1317},"scale":1}}