{
	"textures": [
		{
			"image": "atlas_0.png",
			"format": "RGBA8888",
			"size": {
				"w": 1002,
				"h": 2046
			},
			"scale": 1,
			"frames": [
				{
					"filename": "battle/circuitPanel_0",
					"rotated": false,
					"trimmed": false,
					"sourceSize": {
						"w": 410,
						"h": 390
					},
					"spriteSourceSize": {
						"x": 0,
						"y": 0,
						"w": 410,
						"h": 390
					},
					"frame": {
						"x": 1,
						"y": 1,
						"w": 410,
						"h": 390
					}
				},
				{
					"filename": "battle/circuitPanel_1",
					"rotated": false,
					"trimmed": false,
					"sourceSize": {
						"w": 410,
						"h": 320
					},
					"spriteSourceSize": {
						"x": 0,
						"y": 0,
						"w": 410,
						"h": 320
					},
					"frame": {
						"x": 1,
						"y": 393,
						"w": 410,
						"h": 320
					}
				},
				{
					"filename": "fonts/fntText32",
					"rotated": false,
					"trimmed": true,
					"sourceSize": {
						"w": 489,
						"h": 28
					},
					"spriteSourceSize": {
						"x": 1,
						"y": 1,
						"w": 487,
						"h": 26
					},
					"frame": {
						"x": 413,
						"y": 1,
						"w": 487,
						"h": 26
					}
				},
				{
					"filename": "theme_3/cannon/cannonBg",
					"rotated": false,
					"trimmed": false,
					"sourceSize": {
						"w": 250,
						"h": 250
					},
					"spriteSourceSize": {
						"x": 0,
						"y": 0,
						"w": 250,
						"h": 250
					},
					"frame": {
						"x": 1,
						"y": 715,
						"w": 250,
						"h": 250
					}
				},
				{
					"filename": "theme_4/cannon/cannonBg",
					"rotated": false,
					"trimmed": false,
					"sourceSize": {
						"w": 250,
						"h": 250
					},
					"spriteSourceSize": {
						"x": 0,
						"y": 0,
						"w": 250,
						"h": 250
					},
					"frame": {
						"x": 413,
						"y": 29,
						"w": 250,
						"h": 250
					}
				},
				{
					"filename": "theme_6/cannon/cannonBg",
					"rotated": false,
					"trimmed": false,
					"sourceSize": {
						"w": 250,
						"h": 250
					},
					"spriteSourceSize": {
						"x": 0,
						"y": 0,
						"w": 250,
						"h": 250
					},
					"frame": {
						"x": 1,
						"y": 967,
						"w": 250,
						"h": 250
					}
				},
				{
					"filename": "theme_2/cannon/cannonBg",
					"rotated": false,
					"trimmed": true,
					"sourceSize": {
						"w": 250,
						"h": 250
					},
					"spriteSourceSize": {
						"x": 4,
						"y": 5,
						"w": 243,
						"h": 243
					},
					"frame": {
						"x": 413,
						"y": 281,
						"w": 243,
						"h": 243
					}
				},
				{
					"filename": "theme_1/cannon/cannonBg",
					"rotated": false,
					"trimmed": true,
					"sourceSize": {
						"w": 250,
						"h": 250
					},
					"spriteSourceSize": {
						"x": 5,
						"y": 5,
						"w": 240,
						"h": 240
					},
					"frame": {
						"x": 1,
						"y": 1219,
						"w": 240,
						"h": 240
					}
				},
				{
					"filename": "fonts/fntText64",
					"rotated": false,
					"trimmed": true,
					"sourceSize": {
						"w": 256,
						"h": 194
					},
					"spriteSourceSize": {
						"x": 1,
						"y": 1,
						"w": 247,
						"h": 192
					},
					"frame": {
						"x": 1,
						"y": 1461,
						"w": 247,
						"h": 192
					}
				},
				{
					"filename": "battle/themePanel_0",
					"rotated": false,
					"trimmed": false,
					"sourceSize": {
						"w": 176,
						"h": 244
					},
					"spriteSourceSize": {
						"x": 0,
						"y": 0,
						"w": 176,
						"h": 244
					},
					"frame": {
						"x": 665,
						"y": 29,
						"w": 176,
						"h": 244
					}
				},
				{
					"filename": "theme_5/cannon/cannonBg",
					"rotated": false,
					"trimmed": true,
					"sourceSize": {
						"w": 217,
						"h": 217
					},
					"spriteSourceSize": {
						"x": 2,
						"y": 2,
						"w": 215,
						"h": 203
					},
					"frame": {
						"x": 1,
						"y": 1655,
						"w": 215,
						"h": 203
					}
				},
				{
					"filename": "theme_0/cannon/cannonBg",
					"rotated": false,
					"trimmed": false,
					"sourceSize": {
						"w": 204,
						"h": 204
					},
					"spriteSourceSize": {
						"x": 0,
						"y": 0,
						"w": 204,
						"h": 204
					},
					"frame": {
						"x": 413,
						"y": 526,
						"w": 204,
						"h": 204
					}
				},
				{
					"filename": "battle/themePanel_1",
					"rotated": false,
					"trimmed": false,
					"sourceSize": {
						"w": 176,
						"h": 176
					},
					"spriteSourceSize": {
						"x": 0,
						"y": 0,
						"w": 176,
						"h": 176
					},
					"frame": {
						"x": 1,
						"y": 1860,
						"w": 176,
						"h": 176
					}
				},
				{
					"filename": "shop/cardBg_1_0",
					"rotated": false,
					"trimmed": false,
					"sourceSize": {
						"w": 112,
						"h": 218
					},
					"spriteSourceSize": {
						"x": 0,
						"y": 0,
						"w": 112,
						"h": 218
					},
					"frame": {
						"x": 253,
						"y": 715,
						"w": 112,
						"h": 218
					}
				},
				{
					"filename": "shop/cardBg_1_1",
					"rotated": false,
					"trimmed": false,
					"sourceSize": {
						"w": 112,
						"h": 218
					},
					"spriteSourceSize": {
						"x": 0,
						"y": 0,
						"w": 112,
						"h": 218
					},
					"frame": {
						"x": 253,
						"y": 935,
						"w": 112,
						"h": 218
					}
				},
				{
					"filename": "extraLife/btnBuy_0",
					"rotated": false,
					"trimmed": false,
					"sourceSize": {
						"w": 280,
						"h": 100
					},
					"spriteSourceSize": {
						"x": 0,
						"y": 0,
						"w": 280,
						"h": 100
					},
					"frame": {
						"x": 367,
						"y": 732,
						"w": 280,
						"h": 100
					}
				},
				{
					"filename": "extraLife/btnBuy_1",
					"rotated": false,
					"trimmed": false,
					"sourceSize": {
						"w": 280,
						"h": 100
					},
					"spriteSourceSize": {
						"x": 0,
						"y": 0,
						"w": 280,
						"h": 100
					},
					"frame": {
						"x": 367,
						"y": 834,
						"w": 280,
						"h": 100
					}
				},
				{
					"filename": "extraLife/txtExtraLife",
					"rotated": false,
					"trimmed": false,
					"sourceSize": {
						"w": 397,
						"h": 72
					},
					"spriteSourceSize": {
						"x": 0,
						"y": 0,
						"w": 397,
						"h": 72
					},
					"frame": {
						"x": 367,
						"y": 936,
						"w": 397,
						"h": 72
					}
				},
				{
					"filename": "battle/btnCreate_0",
					"rotated": false,
					"trimmed": false,
					"sourceSize": {
						"w": 300,
						"h": 60
					},
					"spriteSourceSize": {
						"x": 0,
						"y": 0,
						"w": 300,
						"h": 60
					},
					"frame": {
						"x": 367,
						"y": 1010,
						"w": 300,
						"h": 60
					}
				},
				{
					"filename": "battle/btnCreate_1",
					"rotated": false,
					"trimmed": false,
					"sourceSize": {
						"w": 300,
						"h": 60
					},
					"spriteSourceSize": {
						"x": 0,
						"y": 0,
						"w": 300,
						"h": 60
					},
					"frame": {
						"x": 367,
						"y": 1072,
						"w": 300,
						"h": 60
					}
				},
				{
					"filename": "battle/btnCreate_2",
					"rotated": false,
					"trimmed": false,
					"sourceSize": {
						"w": 300,
						"h": 60
					},
					"spriteSourceSize": {
						"x": 0,
						"y": 0,
						"w": 300,
						"h": 60
					},
					"frame": {
						"x": 367,
						"y": 1134,
						"w": 300,
						"h": 60
					}
				},
				{
					"filename": "shop/cardBg_2",
					"rotated": false,
					"trimmed": false,
					"sourceSize": {
						"w": 112,
						"h": 218
					},
					"spriteSourceSize": {
						"x": 0,
						"y": 0,
						"w": 112,
						"h": 218
					},
					"frame": {
						"x": 669,
						"y": 1010,
						"w": 112,
						"h": 218
					}
				},
				{
					"filename": "shop/btnBattle_0",
					"rotated": false,
					"trimmed": false,
					"sourceSize": {
						"w": 112,
						"h": 112
					},
					"spriteSourceSize": {
						"x": 0,
						"y": 0,
						"w": 112,
						"h": 112
					},
					"frame": {
						"x": 253,
						"y": 1155,
						"w": 112,
						"h": 112
					}
				},
				{
					"filename": "commonUI/btnMiddle_0",
					"rotated": false,
					"trimmed": false,
					"sourceSize": {
						"w": 230,
						"h": 80
					},
					"spriteSourceSize": {
						"x": 0,
						"y": 0,
						"w": 230,
						"h": 80
					},
					"frame": {
						"x": 367,
						"y": 1196,
						"w": 230,
						"h": 80
					}
				},
				{
					"filename": "theme_3/cannon/cannon_2",
					"rotated": false,
					"trimmed": true,
					"sourceSize": {
						"w": 129,
						"h": 129
					},
					"spriteSourceSize": {
						"x": 4,
						"y": 3,
						"w": 122,
						"h": 123
					},
					"frame": {
						"x": 243,
						"y": 1269,
						"w": 122,
						"h": 123
					}
				},
				{
					"filename": "commonUI/btnMiddle_1",
					"rotated": false,
					"trimmed": false,
					"sourceSize": {
						"w": 230,
						"h": 80
					},
					"spriteSourceSize": {
						"x": 0,
						"y": 0,
						"w": 230,
						"h": 80
					},
					"frame": {
						"x": 367,
						"y": 1278,
						"w": 230,
						"h": 80
					}
				},
				{
					"filename": "battle/btnCircuit_0",
					"rotated": false,
					"trimmed": false,
					"sourceSize": {
						"w": 190,
						"h": 60
					},
					"spriteSourceSize": {
						"x": 0,
						"y": 0,
						"w": 190,
						"h": 60
					},
					"frame": {
						"x": 367,
						"y": 1360,
						"w": 190,
						"h": 60
					}
				},
				{
					"filename": "theme_0/themeIcon",
					"rotated": false,
					"trimmed": false,
					"sourceSize": {
						"w": 140,
						"h": 140
					},
					"spriteSourceSize": {
						"x": 0,
						"y": 0,
						"w": 140,
						"h": 140
					},
					"frame": {
						"x": 599,
						"y": 1230,
						"w": 140,
						"h": 140
					}
				},
				{
					"filename": "theme_1/themeIcon",
					"rotated": false,
					"trimmed": false,
					"sourceSize": {
						"w": 140,
						"h": 140
					},
					"spriteSourceSize": {
						"x": 0,
						"y": 0,
						"w": 140,
						"h": 140
					},
					"frame": {
						"x": 843,
						"y": 29,
						"w": 140,
						"h": 140
					}
				},
				{
					"filename": "theme_2/themeIcon",
					"rotated": false,
					"trimmed": false,
					"sourceSize": {
						"w": 140,
						"h": 140
					},
					"spriteSourceSize": {
						"x": 0,
						"y": 0,
						"w": 140,
						"h": 140
					},
					"frame": {
						"x": 843,
						"y": 171,
						"w": 140,
						"h": 140
					}
				},
				{
					"filename": "theme_4/cannon/cannon_0",
					"rotated": false,
					"trimmed": false,
					"sourceSize": {
						"w": 115,
						"h": 115
					},
					"spriteSourceSize": {
						"x": 0,
						"y": 0,
						"w": 115,
						"h": 115
					},
					"frame": {
						"x": 250,
						"y": 1394,
						"w": 115,
						"h": 115
					}
				},
				{
					"filename": "theme_3/themeIcon",
					"rotated": false,
					"trimmed": false,
					"sourceSize": {
						"w": 140,
						"h": 140
					},
					"spriteSourceSize": {
						"x": 0,
						"y": 0,
						"w": 140,
						"h": 140
					},
					"frame": {
						"x": 250,
						"y": 1511,
						"w": 140,
						"h": 140
					}
				},
				{
					"filename": "battle/btnCircuit_1",
					"rotated": false,
					"trimmed": false,
					"sourceSize": {
						"w": 190,
						"h": 60
					},
					"spriteSourceSize": {
						"x": 0,
						"y": 0,
						"w": 190,
						"h": 60
					},
					"frame": {
						"x": 367,
						"y": 1422,
						"w": 190,
						"h": 60
					}
				},
				{
					"filename": "theme_4/themeIcon",
					"rotated": false,
					"trimmed": false,
					"sourceSize": {
						"w": 140,
						"h": 140
					},
					"spriteSourceSize": {
						"x": 0,
						"y": 0,
						"w": 140,
						"h": 140
					},
					"frame": {
						"x": 392,
						"y": 1484,
						"w": 140,
						"h": 140
					}
				},
				{
					"filename": "theme_5/themeIcon",
					"rotated": false,
					"trimmed": false,
					"sourceSize": {
						"w": 140,
						"h": 140
					},
					"spriteSourceSize": {
						"x": 0,
						"y": 0,
						"w": 140,
						"h": 140
					},
					"frame": {
						"x": 559,
						"y": 1372,
						"w": 140,
						"h": 140
					}
				},
				{
					"filename": "theme_6/themeIcon",
					"rotated": false,
					"trimmed": false,
					"sourceSize": {
						"w": 140,
						"h": 140
					},
					"spriteSourceSize": {
						"x": 0,
						"y": 0,
						"w": 140,
						"h": 140
					},
					"frame": {
						"x": 534,
						"y": 1514,
						"w": 140,
						"h": 140
					}
				},
				{
					"filename": "theme_1/cannon/cannon_0",
					"rotated": false,
					"trimmed": false,
					"sourceSize": {
						"w": 129,
						"h": 129
					},
					"spriteSourceSize": {
						"x": 0,
						"y": 0,
						"w": 129,
						"h": 129
					},
					"frame": {
						"x": 741,
						"y": 1230,
						"w": 129,
						"h": 129
					}
				},
				{
					"filename": "theme_1/cannon/cannon_1",
					"rotated": false,
					"trimmed": false,
					"sourceSize": {
						"w": 129,
						"h": 129
					},
					"spriteSourceSize": {
						"x": 0,
						"y": 0,
						"w": 129,
						"h": 129
					},
					"frame": {
						"x": 872,
						"y": 313,
						"w": 129,
						"h": 129
					}
				},
				{
					"filename": "theme_1/cannon/cannon_2",
					"rotated": false,
					"trimmed": false,
					"sourceSize": {
						"w": 129,
						"h": 129
					},
					"spriteSourceSize": {
						"x": 0,
						"y": 0,
						"w": 129,
						"h": 129
					},
					"frame": {
						"x": 872,
						"y": 444,
						"w": 129,
						"h": 129
					}
				},
				{
					"filename": "theme_1/cannon/cannon_3",
					"rotated": false,
					"trimmed": false,
					"sourceSize": {
						"w": 129,
						"h": 129
					},
					"spriteSourceSize": {
						"x": 0,
						"y": 0,
						"w": 129,
						"h": 129
					},
					"frame": {
						"x": 872,
						"y": 575,
						"w": 129,
						"h": 129
					}
				},
				{
					"filename": "theme_1/cannon/cannon_4",
					"rotated": false,
					"trimmed": false,
					"sourceSize": {
						"w": 129,
						"h": 129
					},
					"spriteSourceSize": {
						"x": 0,
						"y": 0,
						"w": 129,
						"h": 129
					},
					"frame": {
						"x": 872,
						"y": 706,
						"w": 129,
						"h": 129
					}
				},
				{
					"filename": "theme_2/cannon/cannon_0",
					"rotated": false,
					"trimmed": false,
					"sourceSize": {
						"w": 129,
						"h": 129
					},
					"spriteSourceSize": {
						"x": 0,
						"y": 0,
						"w": 129,
						"h": 129
					},
					"frame": {
						"x": 872,
						"y": 837,
						"w": 129,
						"h": 129
					}
				},
				{
					"filename": "theme_2/cannon/cannon_3",
					"rotated": false,
					"trimmed": false,
					"sourceSize": {
						"w": 129,
						"h": 129
					},
					"spriteSourceSize": {
						"x": 0,
						"y": 0,
						"w": 129,
						"h": 129
					},
					"frame": {
						"x": 872,
						"y": 968,
						"w": 129,
						"h": 129
					}
				},
				{
					"filename": "theme_2/cannon/cannon_4",
					"rotated": false,
					"trimmed": false,
					"sourceSize": {
						"w": 129,
						"h": 129
					},
					"spriteSourceSize": {
						"x": 0,
						"y": 0,
						"w": 129,
						"h": 129
					},
					"frame": {
						"x": 783,
						"y": 1099,
						"w": 129,
						"h": 129
					}
				},
				{
					"filename": "theme_3/cannon/cannon_0",
					"rotated": false,
					"trimmed": false,
					"sourceSize": {
						"w": 129,
						"h": 129
					},
					"spriteSourceSize": {
						"x": 0,
						"y": 0,
						"w": 129,
						"h": 129
					},
					"frame": {
						"x": 872,
						"y": 1230,
						"w": 129,
						"h": 129
					}
				},
				{
					"filename": "bonus/iconB_2x score",
					"rotated": false,
					"trimmed": false,
					"sourceSize": {
						"w": 86,
						"h": 86
					},
					"spriteSourceSize": {
						"x": 0,
						"y": 0,
						"w": 86,
						"h": 86
					},
					"frame": {
						"x": 914,
						"y": 1099,
						"w": 86,
						"h": 86
					}
				},
				{
					"filename": "shop/lblCustomize",
					"rotated": false,
					"trimmed": false,
					"sourceSize": {
						"w": 163,
						"h": 86
					},
					"spriteSourceSize": {
						"x": 0,
						"y": 0,
						"w": 163,
						"h": 86
					},
					"frame": {
						"x": 741,
						"y": 1361,
						"w": 163,
						"h": 86
					}
				},
				{
					"filename": "extraLife",
					"rotated": false,
					"trimmed": false,
					"sourceSize": {
						"w": 94,
						"h": 84
					},
					"spriteSourceSize": {
						"x": 0,
						"y": 0,
						"w": 94,
						"h": 84
					},
					"frame": {
						"x": 906,
						"y": 1361,
						"w": 94,
						"h": 84
					}
				},
				{
					"filename": "theme_3/cannon/cannon_1",
					"rotated": false,
					"trimmed": false,
					"sourceSize": {
						"w": 129,
						"h": 129
					},
					"spriteSourceSize": {
						"x": 0,
						"y": 0,
						"w": 129,
						"h": 129
					},
					"frame": {
						"x": 179,
						"y": 1860,
						"w": 129,
						"h": 129
					}
				},
				{
					"filename": "battle/btnTheme_0",
					"rotated": false,
					"trimmed": false,
					"sourceSize": {
						"w": 146,
						"h": 54
					},
					"spriteSourceSize": {
						"x": 0,
						"y": 0,
						"w": 146,
						"h": 54
					},
					"frame": {
						"x": 179,
						"y": 1991,
						"w": 146,
						"h": 54
					}
				},
				{
					"filename": "theme_3/cannon/cannon_4",
					"rotated": false,
					"trimmed": false,
					"sourceSize": {
						"w": 129,
						"h": 129
					},
					"spriteSourceSize": {
						"x": 0,
						"y": 0,
						"w": 129,
						"h": 129
					},
					"frame": {
						"x": 619,
						"y": 526,
						"w": 129,
						"h": 129
					}
				},
				{
					"filename": "gamee/vipBadge",
					"rotated": false,
					"trimmed": false,
					"sourceSize": {
						"w": 121,
						"h": 67
					},
					"spriteSourceSize": {
						"x": 0,
						"y": 0,
						"w": 121,
						"h": 67
					},
					"frame": {
						"x": 619,
						"y": 657,
						"w": 121,
						"h": 67
					}
				},
				{
					"filename": "theme_0/bgTile",
					"rotated": false,
					"trimmed": false,
					"sourceSize": {
						"w": 128,
						"h": 128
					},
					"spriteSourceSize": {
						"x": 0,
						"y": 0,
						"w": 128,
						"h": 128
					},
					"frame": {
						"x": 649,
						"y": 726,
						"w": 128,
						"h": 128
					}
				},
				{
					"filename": "battle/btnTheme_1",
					"rotated": false,
					"trimmed": false,
					"sourceSize": {
						"w": 146,
						"h": 54
					},
					"spriteSourceSize": {
						"x": 0,
						"y": 0,
						"w": 146,
						"h": 54
					},
					"frame": {
						"x": 649,
						"y": 856,
						"w": 146,
						"h": 54
					}
				},
				{
					"filename": "extraLife/btnCancel_0",
					"rotated": false,
					"trimmed": false,
					"sourceSize": {
						"w": 155,
						"h": 34
					},
					"spriteSourceSize": {
						"x": 0,
						"y": 0,
						"w": 155,
						"h": 34
					},
					"frame": {
						"x": 665,
						"y": 275,
						"w": 155,
						"h": 34
					}
				},
				{
					"filename": "theme_1/bgTile",
					"rotated": false,
					"trimmed": false,
					"sourceSize": {
						"w": 128,
						"h": 128
					},
					"spriteSourceSize": {
						"x": 0,
						"y": 0,
						"w": 128,
						"h": 128
					},
					"frame": {
						"x": 658,
						"y": 311,
						"w": 128,
						"h": 128
					}
				},
				{
					"filename": "extraLife/btnCancel_1",
					"rotated": false,
					"trimmed": false,
					"sourceSize": {
						"w": 155,
						"h": 34
					},
					"spriteSourceSize": {
						"x": 0,
						"y": 0,
						"w": 155,
						"h": 34
					},
					"frame": {
						"x": 658,
						"y": 441,
						"w": 155,
						"h": 34
					}
				},
				{
					"filename": "theme_2/bgTile",
					"rotated": false,
					"trimmed": false,
					"sourceSize": {
						"w": 128,
						"h": 128
					},
					"spriteSourceSize": {
						"x": 0,
						"y": 0,
						"w": 128,
						"h": 128
					},
					"frame": {
						"x": 218,
						"y": 1655,
						"w": 128,
						"h": 128
					}
				},
				{
					"filename": "theme_3/bgTile",
					"rotated": false,
					"trimmed": false,
					"sourceSize": {
						"w": 128,
						"h": 128
					},
					"spriteSourceSize": {
						"x": 0,
						"y": 0,
						"w": 128,
						"h": 128
					},
					"frame": {
						"x": 348,
						"y": 1653,
						"w": 128,
						"h": 128
					}
				},
				{
					"filename": "theme_4/bgTile",
					"rotated": false,
					"trimmed": false,
					"sourceSize": {
						"w": 128,
						"h": 128
					},
					"spriteSourceSize": {
						"x": 0,
						"y": 0,
						"w": 128,
						"h": 128
					},
					"frame": {
						"x": 478,
						"y": 1656,
						"w": 128,
						"h": 128
					}
				},
				{
					"filename": "theme_5/bgTile",
					"rotated": false,
					"trimmed": false,
					"sourceSize": {
						"w": 128,
						"h": 128
					},
					"spriteSourceSize": {
						"x": 0,
						"y": 0,
						"w": 128,
						"h": 128
					},
					"frame": {
						"x": 608,
						"y": 1656,
						"w": 128,
						"h": 128
					}
				},
				{
					"filename": "bonus/bulletTail",
					"rotated": false,
					"trimmed": false,
					"sourceSize": {
						"w": 64,
						"h": 22
					},
					"spriteSourceSize": {
						"x": 0,
						"y": 0,
						"w": 64,
						"h": 22
					},
					"frame": {
						"x": 649,
						"y": 912,
						"w": 64,
						"h": 22
					}
				},
				{
					"filename": "theme_6/bgTile",
					"rotated": false,
					"trimmed": false,
					"sourceSize": {
						"w": 128,
						"h": 128
					},
					"spriteSourceSize": {
						"x": 0,
						"y": 0,
						"w": 128,
						"h": 128
					},
					"frame": {
						"x": 676,
						"y": 1514,
						"w": 128,
						"h": 128
					}
				},
				{
					"filename": "theme_3/cannon/cannon_3",
					"rotated": false,
					"trimmed": true,
					"sourceSize": {
						"w": 129,
						"h": 129
					},
					"spriteSourceSize": {
						"x": 2,
						"y": 1,
						"w": 126,
						"h": 126
					},
					"frame": {
						"x": 738,
						"y": 1644,
						"w": 126,
						"h": 126
					}
				},
				{
					"filename": "theme_6/cannon/cannon_0",
					"rotated": false,
					"trimmed": true,
					"sourceSize": {
						"w": 129,
						"h": 129
					},
					"spriteSourceSize": {
						"x": 2,
						"y": 2,
						"w": 124,
						"h": 123
					},
					"frame": {
						"x": 806,
						"y": 1449,
						"w": 124,
						"h": 123
					}
				},
				{
					"filename": "plOverlay/shield",
					"rotated": false,
					"trimmed": false,
					"sourceSize": {
						"w": 68,
						"h": 68
					},
					"spriteSourceSize": {
						"x": 0,
						"y": 0,
						"w": 68,
						"h": 68
					},
					"frame": {
						"x": 806,
						"y": 1574,
						"w": 68,
						"h": 68
					}
				},
				{
					"filename": "bonus/iconA_speed",
					"rotated": false,
					"trimmed": true,
					"sourceSize": {
						"w": 112,
						"h": 112
					},
					"spriteSourceSize": {
						"x": 24,
						"y": 15,
						"w": 64,
						"h": 82
					},
					"frame": {
						"x": 932,
						"y": 1447,
						"w": 64,
						"h": 82
					}
				},
				{
					"filename": "theme_5/cannon/cannon_0",
					"rotated": false,
					"trimmed": false,
					"sourceSize": {
						"w": 72,
						"h": 72
					},
					"spriteSourceSize": {
						"x": 0,
						"y": 0,
						"w": 72,
						"h": 72
					},
					"frame": {
						"x": 218,
						"y": 1786,
						"w": 72,
						"h": 72
					}
				},
				{
					"filename": "theme_0/cannon/tail_0",
					"rotated": false,
					"trimmed": false,
					"sourceSize": {
						"w": 64,
						"h": 22
					},
					"spriteSourceSize": {
						"x": 0,
						"y": 0,
						"w": 64,
						"h": 22
					},
					"frame": {
						"x": 715,
						"y": 912,
						"w": 64,
						"h": 22
					}
				},
				{
					"filename": "gamee/saleBadge",
					"rotated": false,
					"trimmed": false,
					"sourceSize": {
						"w": 122,
						"h": 121
					},
					"spriteSourceSize": {
						"x": 0,
						"y": 0,
						"w": 122,
						"h": 121
					},
					"frame": {
						"x": 738,
						"y": 1772,
						"w": 122,
						"h": 121
					}
				},
				{
					"filename": "bonus/iconA_shield",
					"rotated": false,
					"trimmed": true,
					"sourceSize": {
						"w": 112,
						"h": 112
					},
					"spriteSourceSize": {
						"x": 29,
						"y": 25,
						"w": 54,
						"h": 63
					},
					"frame": {
						"x": 701,
						"y": 1449,
						"w": 54,
						"h": 63
					}
				},
				{
					"filename": "theme_2/cannon/cannon_2",
					"rotated": false,
					"trimmed": true,
					"sourceSize": {
						"w": 129,
						"h": 129
					},
					"spriteSourceSize": {
						"x": 5,
						"y": 5,
						"w": 119,
						"h": 119
					},
					"frame": {
						"x": 750,
						"y": 477,
						"w": 119,
						"h": 119
					}
				},
				{
					"filename": "theme_0/cannon/cannon_0",
					"rotated": false,
					"trimmed": false,
					"sourceSize": {
						"w": 116,
						"h": 116
					},
					"spriteSourceSize": {
						"x": 0,
						"y": 0,
						"w": 116,
						"h": 116
					},
					"frame": {
						"x": 750,
						"y": 598,
						"w": 116,
						"h": 116
					}
				},
				{
					"filename": "bonus/iconB_pause",
					"rotated": false,
					"trimmed": false,
					"sourceSize": {
						"w": 86,
						"h": 86
					},
					"spriteSourceSize": {
						"x": 0,
						"y": 0,
						"w": 86,
						"h": 86
					},
					"frame": {
						"x": 779,
						"y": 716,
						"w": 86,
						"h": 86
					}
				},
				{
					"filename": "theme_2/cannon/cannon_1",
					"rotated": false,
					"trimmed": true,
					"sourceSize": {
						"w": 129,
						"h": 129
					},
					"spriteSourceSize": {
						"x": 3,
						"y": 4,
						"w": 122,
						"h": 122
					},
					"frame": {
						"x": 866,
						"y": 1644,
						"w": 122,
						"h": 122
					}
				},
				{
					"filename": "bonus/iconA_pause",
					"rotated": false,
					"trimmed": true,
					"sourceSize": {
						"w": 112,
						"h": 112
					},
					"spriteSourceSize": {
						"x": 28,
						"y": 23,
						"w": 57,
						"h": 72
					},
					"frame": {
						"x": 292,
						"y": 1785,
						"w": 57,
						"h": 72
					}
				},
				{
					"filename": "theme_0/cannon/cannon_1",
					"rotated": false,
					"trimmed": false,
					"sourceSize": {
						"w": 116,
						"h": 116
					},
					"spriteSourceSize": {
						"x": 0,
						"y": 0,
						"w": 116,
						"h": 116
					},
					"frame": {
						"x": 351,
						"y": 1783,
						"w": 116,
						"h": 116
					}
				},
				{
					"filename": "theme_0/cannon/cannon_2",
					"rotated": false,
					"trimmed": false,
					"sourceSize": {
						"w": 116,
						"h": 116
					},
					"spriteSourceSize": {
						"x": 0,
						"y": 0,
						"w": 116,
						"h": 116
					},
					"frame": {
						"x": 469,
						"y": 1786,
						"w": 116,
						"h": 116
					}
				},
				{
					"filename": "theme_0/cannon/cannon_3",
					"rotated": false,
					"trimmed": false,
					"sourceSize": {
						"w": 116,
						"h": 116
					},
					"spriteSourceSize": {
						"x": 0,
						"y": 0,
						"w": 116,
						"h": 116
					},
					"frame": {
						"x": 587,
						"y": 1786,
						"w": 116,
						"h": 116
					}
				},
				{
					"filename": "bonus/iconB_shield",
					"rotated": false,
					"trimmed": false,
					"sourceSize": {
						"w": 86,
						"h": 86
					},
					"spriteSourceSize": {
						"x": 0,
						"y": 0,
						"w": 86,
						"h": 86
					},
					"frame": {
						"x": 310,
						"y": 1901,
						"w": 86,
						"h": 86
					}
				},
				{
					"filename": "gamee/video",
					"rotated": false,
					"trimmed": false,
					"sourceSize": {
						"w": 56,
						"h": 56
					},
					"spriteSourceSize": {
						"x": 0,
						"y": 0,
						"w": 56,
						"h": 56
					},
					"frame": {
						"x": 327,
						"y": 1989,
						"w": 56,
						"h": 56
					}
				},
				{
					"filename": "theme_0/cannon/cannon_4",
					"rotated": false,
					"trimmed": false,
					"sourceSize": {
						"w": 116,
						"h": 116
					},
					"spriteSourceSize": {
						"x": 0,
						"y": 0,
						"w": 116,
						"h": 116
					},
					"frame": {
						"x": 398,
						"y": 1904,
						"w": 116,
						"h": 116
					}
				},
				{
					"filename": "shop/btnBattle_1",
					"rotated": false,
					"trimmed": false,
					"sourceSize": {
						"w": 112,
						"h": 112
					},
					"spriteSourceSize": {
						"x": 0,
						"y": 0,
						"w": 112,
						"h": 112
					},
					"frame": {
						"x": 516,
						"y": 1904,
						"w": 112,
						"h": 112
					}
				},
				{
					"filename": "battle/circuitCannon",
					"rotated": false,
					"trimmed": false,
					"sourceSize": {
						"w": 102,
						"h": 102
					},
					"spriteSourceSize": {
						"x": 0,
						"y": 0,
						"w": 102,
						"h": 102
					},
					"frame": {
						"x": 630,
						"y": 1904,
						"w": 102,
						"h": 102
					}
				},
				{
					"filename": "bonus/iconB_slow",
					"rotated": false,
					"trimmed": false,
					"sourceSize": {
						"w": 86,
						"h": 86
					},
					"spriteSourceSize": {
						"x": 0,
						"y": 0,
						"w": 86,
						"h": 86
					},
					"frame": {
						"x": 734,
						"y": 1895,
						"w": 86,
						"h": 86
					}
				},
				{
					"filename": "bonus/iconA_slow",
					"rotated": false,
					"trimmed": true,
					"sourceSize": {
						"w": 112,
						"h": 112
					},
					"spriteSourceSize": {
						"x": 24,
						"y": 17,
						"w": 72,
						"h": 91
					},
					"frame": {
						"x": 822,
						"y": 1895,
						"w": 72,
						"h": 91
					}
				},
				{
					"filename": "bonus/bullet_2x score",
					"rotated": false,
					"trimmed": false,
					"sourceSize": {
						"w": 50,
						"h": 50
					},
					"spriteSourceSize": {
						"x": 0,
						"y": 0,
						"w": 50,
						"h": 50
					},
					"frame": {
						"x": 779,
						"y": 804,
						"w": 50,
						"h": 50
					}
				},
				{
					"filename": "battle/btnClose_0",
					"rotated": false,
					"trimmed": false,
					"sourceSize": {
						"w": 60,
						"h": 60
					},
					"spriteSourceSize": {
						"x": 0,
						"y": 0,
						"w": 60,
						"h": 60
					},
					"frame": {
						"x": 876,
						"y": 1574,
						"w": 60,
						"h": 60
					}
				},
				{
					"filename": "theme_0/player/player_0",
					"rotated": false,
					"trimmed": false,
					"sourceSize": {
						"w": 32,
						"h": 32
					},
					"spriteSourceSize": {
						"x": 0,
						"y": 0,
						"w": 32,
						"h": 32
					},
					"frame": {
						"x": 599,
						"y": 1196,
						"w": 32,
						"h": 32
					}
				},
				{
					"filename": "theme_1/player/player_0",
					"rotated": false,
					"trimmed": false,
					"sourceSize": {
						"w": 32,
						"h": 32
					},
					"spriteSourceSize": {
						"x": 0,
						"y": 0,
						"w": 32,
						"h": 32
					},
					"frame": {
						"x": 633,
						"y": 1196,
						"w": 32,
						"h": 32
					}
				},
				{
					"filename": "bonus/iconB_speed",
					"rotated": false,
					"trimmed": false,
					"sourceSize": {
						"w": 86,
						"h": 86
					},
					"spriteSourceSize": {
						"x": 0,
						"y": 0,
						"w": 86,
						"h": 86
					},
					"frame": {
						"x": 862,
						"y": 1772,
						"w": 86,
						"h": 86
					}
				},
				{
					"filename": "theme_6/point",
					"rotated": false,
					"trimmed": false,
					"sourceSize": {
						"w": 29,
						"h": 33
					},
					"spriteSourceSize": {
						"x": 0,
						"y": 0,
						"w": 29,
						"h": 33
					},
					"frame": {
						"x": 862,
						"y": 1860,
						"w": 29,
						"h": 33
					}
				},
				{
					"filename": "theme_6/cannon/bullet_0",
					"rotated": false,
					"trimmed": false,
					"sourceSize": {
						"w": 44,
						"h": 44
					},
					"spriteSourceSize": {
						"x": 0,
						"y": 0,
						"w": 44,
						"h": 44
					},
					"frame": {
						"x": 757,
						"y": 1449,
						"w": 44,
						"h": 44
					}
				},
				{
					"filename": "battle/btnClose_1",
					"rotated": false,
					"trimmed": false,
					"sourceSize": {
						"w": 60,
						"h": 60
					},
					"spriteSourceSize": {
						"x": 0,
						"y": 0,
						"w": 60,
						"h": 60
					},
					"frame": {
						"x": 797,
						"y": 856,
						"w": 60,
						"h": 60
					}
				},
				{
					"filename": "theme_0/cannon/tail_1",
					"rotated": false,
					"trimmed": false,
					"sourceSize": {
						"w": 64,
						"h": 22
					},
					"spriteSourceSize": {
						"x": 0,
						"y": 0,
						"w": 64,
						"h": 22
					},
					"frame": {
						"x": 902,
						"y": 1,
						"w": 64,
						"h": 22
					}
				},
				{
					"filename": "theme_0/cannon/tail_2",
					"rotated": false,
					"trimmed": false,
					"sourceSize": {
						"w": 64,
						"h": 22
					},
					"spriteSourceSize": {
						"x": 0,
						"y": 0,
						"w": 64,
						"h": 22
					},
					"frame": {
						"x": 914,
						"y": 1187,
						"w": 64,
						"h": 22
					}
				},
				{
					"filename": "theme_0/cannon/tail_3",
					"rotated": false,
					"trimmed": false,
					"sourceSize": {
						"w": 64,
						"h": 22
					},
					"spriteSourceSize": {
						"x": 0,
						"y": 0,
						"w": 64,
						"h": 22
					},
					"frame": {
						"x": 392,
						"y": 1626,
						"w": 64,
						"h": 22
					}
				},
				{
					"filename": "theme_0/cannon/tail_4",
					"rotated": false,
					"trimmed": false,
					"sourceSize": {
						"w": 64,
						"h": 22
					},
					"spriteSourceSize": {
						"x": 0,
						"y": 0,
						"w": 64,
						"h": 22
					},
					"frame": {
						"x": 658,
						"y": 477,
						"w": 64,
						"h": 22
					}
				},
				{
					"filename": "theme_0/cannon/tail_5",
					"rotated": false,
					"trimmed": false,
					"sourceSize": {
						"w": 64,
						"h": 22
					},
					"spriteSourceSize": {
						"x": 0,
						"y": 0,
						"w": 64,
						"h": 22
					},
					"frame": {
						"x": 734,
						"y": 1983,
						"w": 64,
						"h": 22
					}
				},
				{
					"filename": "bonus/iconA_2x score",
					"rotated": false,
					"trimmed": true,
					"sourceSize": {
						"w": 112,
						"h": 112
					},
					"spriteSourceSize": {
						"x": 26,
						"y": 28,
						"w": 61,
						"h": 57
					},
					"frame": {
						"x": 800,
						"y": 1988,
						"w": 61,
						"h": 57
					}
				},
				{
					"filename": "theme_1/cannon/tail_0",
					"rotated": false,
					"trimmed": false,
					"sourceSize": {
						"w": 64,
						"h": 22
					},
					"spriteSourceSize": {
						"x": 0,
						"y": 0,
						"w": 64,
						"h": 22
					},
					"frame": {
						"x": 734,
						"y": 2007,
						"w": 64,
						"h": 22
					}
				},
				{
					"filename": "theme_1/cannon/tail_1",
					"rotated": false,
					"trimmed": false,
					"sourceSize": {
						"w": 64,
						"h": 22
					},
					"spriteSourceSize": {
						"x": 0,
						"y": 0,
						"w": 64,
						"h": 22
					},
					"frame": {
						"x": 932,
						"y": 1531,
						"w": 64,
						"h": 22
					}
				},
				{
					"filename": "theme_4/cannon/tail_1",
					"rotated": false,
					"trimmed": false,
					"sourceSize": {
						"w": 64,
						"h": 22
					},
					"spriteSourceSize": {
						"x": 0,
						"y": 0,
						"w": 64,
						"h": 22
					},
					"frame": {
						"x": 932,
						"y": 1531,
						"w": 64,
						"h": 22
					}
				},
				{
					"filename": "theme_5/cannon/tail_1",
					"rotated": false,
					"trimmed": false,
					"sourceSize": {
						"w": 64,
						"h": 22
					},
					"spriteSourceSize": {
						"x": 0,
						"y": 0,
						"w": 64,
						"h": 22
					},
					"frame": {
						"x": 932,
						"y": 1531,
						"w": 64,
						"h": 22
					}
				},
				{
					"filename": "battle/btnNext_0",
					"rotated": false,
					"trimmed": false,
					"sourceSize": {
						"w": 60,
						"h": 60
					},
					"spriteSourceSize": {
						"x": 0,
						"y": 0,
						"w": 60,
						"h": 60
					},
					"frame": {
						"x": 938,
						"y": 1555,
						"w": 60,
						"h": 60
					}
				},
				{
					"filename": "theme_1/cannon/tail_2",
					"rotated": false,
					"trimmed": false,
					"sourceSize": {
						"w": 64,
						"h": 22
					},
					"spriteSourceSize": {
						"x": 0,
						"y": 0,
						"w": 64,
						"h": 22
					},
					"frame": {
						"x": 458,
						"y": 1626,
						"w": 64,
						"h": 22
					}
				},
				{
					"filename": "theme_2/cannon/tail_0",
					"rotated": false,
					"trimmed": false,
					"sourceSize": {
						"w": 64,
						"h": 22
					},
					"spriteSourceSize": {
						"x": 0,
						"y": 0,
						"w": 64,
						"h": 22
					},
					"frame": {
						"x": 658,
						"y": 501,
						"w": 64,
						"h": 22
					}
				},
				{
					"filename": "theme_3/cannon/tail_0",
					"rotated": false,
					"trimmed": false,
					"sourceSize": {
						"w": 64,
						"h": 22
					},
					"spriteSourceSize": {
						"x": 0,
						"y": 0,
						"w": 64,
						"h": 22
					},
					"frame": {
						"x": 658,
						"y": 501,
						"w": 64,
						"h": 22
					}
				},
				{
					"filename": "bonus/bullet_pause",
					"rotated": false,
					"trimmed": false,
					"sourceSize": {
						"w": 50,
						"h": 50
					},
					"spriteSourceSize": {
						"x": 0,
						"y": 0,
						"w": 50,
						"h": 50
					},
					"frame": {
						"x": 950,
						"y": 1768,
						"w": 50,
						"h": 50
					}
				},
				{
					"filename": "bonus/bullet_shield",
					"rotated": false,
					"trimmed": false,
					"sourceSize": {
						"w": 50,
						"h": 50
					},
					"spriteSourceSize": {
						"x": 0,
						"y": 0,
						"w": 50,
						"h": 50
					},
					"frame": {
						"x": 950,
						"y": 1820,
						"w": 50,
						"h": 50
					}
				},
				{
					"filename": "gamee/coin",
					"rotated": false,
					"trimmed": false,
					"sourceSize": {
						"w": 55,
						"h": 53
					},
					"spriteSourceSize": {
						"x": 0,
						"y": 0,
						"w": 55,
						"h": 53
					},
					"frame": {
						"x": 863,
						"y": 1988,
						"w": 55,
						"h": 53
					}
				},
				{
					"filename": "bonus/bullet_slow",
					"rotated": false,
					"trimmed": false,
					"sourceSize": {
						"w": 50,
						"h": 50
					},
					"spriteSourceSize": {
						"x": 0,
						"y": 0,
						"w": 50,
						"h": 50
					},
					"frame": {
						"x": 788,
						"y": 311,
						"w": 50,
						"h": 50
					}
				},
				{
					"filename": "battle/btnNext_1",
					"rotated": false,
					"trimmed": false,
					"sourceSize": {
						"w": 60,
						"h": 60
					},
					"spriteSourceSize": {
						"x": 0,
						"y": 0,
						"w": 60,
						"h": 60
					},
					"frame": {
						"x": 788,
						"y": 363,
						"w": 60,
						"h": 60
					}
				},
				{
					"filename": "bonus/bullet_speed",
					"rotated": false,
					"trimmed": false,
					"sourceSize": {
						"w": 50,
						"h": 50
					},
					"spriteSourceSize": {
						"x": 0,
						"y": 0,
						"w": 50,
						"h": 50
					},
					"frame": {
						"x": 815,
						"y": 425,
						"w": 50,
						"h": 50
					}
				},
				{
					"filename": "battle/lock",
					"rotated": false,
					"trimmed": false,
					"sourceSize": {
						"w": 34,
						"h": 45
					},
					"spriteSourceSize": {
						"x": 0,
						"y": 0,
						"w": 34,
						"h": 45
					},
					"frame": {
						"x": 701,
						"y": 1372,
						"w": 34,
						"h": 45
					}
				},
				{
					"filename": "battle/btnPrev_0",
					"rotated": false,
					"trimmed": false,
					"sourceSize": {
						"w": 60,
						"h": 60
					},
					"spriteSourceSize": {
						"x": 0,
						"y": 0,
						"w": 60,
						"h": 60
					},
					"frame": {
						"x": 766,
						"y": 936,
						"w": 60,
						"h": 60
					}
				},
				{
					"filename": "battle/btnPrev_1",
					"rotated": false,
					"trimmed": false,
					"sourceSize": {
						"w": 60,
						"h": 60
					},
					"spriteSourceSize": {
						"x": 0,
						"y": 0,
						"w": 60,
						"h": 60
					},
					"frame": {
						"x": 783,
						"y": 998,
						"w": 60,
						"h": 60
					}
				},
				{
					"filename": "theme_2/cannon/tail_1",
					"rotated": false,
					"trimmed": false,
					"sourceSize": {
						"w": 64,
						"h": 22
					},
					"spriteSourceSize": {
						"x": 0,
						"y": 0,
						"w": 64,
						"h": 22
					},
					"frame": {
						"x": 783,
						"y": 1060,
						"w": 64,
						"h": 22
					}
				},
				{
					"filename": "theme_3/cannon/tail_1",
					"rotated": false,
					"trimmed": false,
					"sourceSize": {
						"w": 64,
						"h": 22
					},
					"spriteSourceSize": {
						"x": 0,
						"y": 0,
						"w": 64,
						"h": 22
					},
					"frame": {
						"x": 783,
						"y": 1060,
						"w": 64,
						"h": 22
					}
				},
				{
					"filename": "theme_2/cannon/tail_2",
					"rotated": false,
					"trimmed": false,
					"sourceSize": {
						"w": 64,
						"h": 22
					},
					"spriteSourceSize": {
						"x": 0,
						"y": 0,
						"w": 64,
						"h": 22
					},
					"frame": {
						"x": 385,
						"y": 2022,
						"w": 64,
						"h": 22
					}
				},
				{
					"filename": "theme_3/cannon/tail_2",
					"rotated": false,
					"trimmed": false,
					"sourceSize": {
						"w": 64,
						"h": 22
					},
					"spriteSourceSize": {
						"x": 0,
						"y": 0,
						"w": 64,
						"h": 22
					},
					"frame": {
						"x": 385,
						"y": 2022,
						"w": 64,
						"h": 22
					}
				},
				{
					"filename": "theme_4/cannon/tail_0",
					"rotated": false,
					"trimmed": false,
					"sourceSize": {
						"w": 64,
						"h": 22
					},
					"spriteSourceSize": {
						"x": 0,
						"y": 0,
						"w": 64,
						"h": 22
					},
					"frame": {
						"x": 451,
						"y": 2022,
						"w": 64,
						"h": 22
					}
				},
				{
					"filename": "theme_4/cannon/tail_2",
					"rotated": false,
					"trimmed": false,
					"sourceSize": {
						"w": 64,
						"h": 22
					},
					"spriteSourceSize": {
						"x": 0,
						"y": 0,
						"w": 64,
						"h": 22
					},
					"frame": {
						"x": 517,
						"y": 2018,
						"w": 64,
						"h": 22
					}
				},
				{
					"filename": "theme_5/cannon/tail_2",
					"rotated": false,
					"trimmed": false,
					"sourceSize": {
						"w": 64,
						"h": 22
					},
					"spriteSourceSize": {
						"x": 0,
						"y": 0,
						"w": 64,
						"h": 22
					},
					"frame": {
						"x": 517,
						"y": 2018,
						"w": 64,
						"h": 22
					}
				},
				{
					"filename": "theme_5/cannon/tail_0",
					"rotated": false,
					"trimmed": false,
					"sourceSize": {
						"w": 64,
						"h": 22
					},
					"spriteSourceSize": {
						"x": 0,
						"y": 0,
						"w": 64,
						"h": 22
					},
					"frame": {
						"x": 630,
						"y": 2008,
						"w": 64,
						"h": 22
					}
				},
				{
					"filename": "theme_4/cannon/bullet_0",
					"rotated": false,
					"trimmed": false,
					"sourceSize": {
						"w": 23,
						"h": 23
					},
					"spriteSourceSize": {
						"x": 0,
						"y": 0,
						"w": 23,
						"h": 23
					},
					"frame": {
						"x": 367,
						"y": 1484,
						"w": 23,
						"h": 23
					}
				},
				{
					"filename": "theme_4/cannon/bullet_1",
					"rotated": false,
					"trimmed": false,
					"sourceSize": {
						"w": 23,
						"h": 23
					},
					"spriteSourceSize": {
						"x": 0,
						"y": 0,
						"w": 23,
						"h": 23
					},
					"frame": {
						"x": 534,
						"y": 1484,
						"w": 23,
						"h": 23
					}
				},
				{
					"filename": "theme_1/cannon/bullet_0",
					"rotated": false,
					"trimmed": true,
					"sourceSize": {
						"w": 35,
						"h": 35
					},
					"spriteSourceSize": {
						"x": 5,
						"y": 5,
						"w": 25,
						"h": 25
					},
					"frame": {
						"x": 938,
						"y": 1617,
						"w": 25,
						"h": 25
					}
				},
				{
					"filename": "theme_1/cannon/bullet_1",
					"rotated": false,
					"trimmed": true,
					"sourceSize": {
						"w": 35,
						"h": 35
					},
					"spriteSourceSize": {
						"x": 5,
						"y": 5,
						"w": 25,
						"h": 25
					},
					"frame": {
						"x": 965,
						"y": 1617,
						"w": 25,
						"h": 25
					}
				},
				{
					"filename": "theme_1/cannon/bullet_2",
					"rotated": false,
					"trimmed": false,
					"sourceSize": {
						"w": 35,
						"h": 35
					},
					"spriteSourceSize": {
						"x": 0,
						"y": 0,
						"w": 35,
						"h": 35
					},
					"frame": {
						"x": 310,
						"y": 1859,
						"w": 35,
						"h": 35
					}
				},
				{
					"filename": "theme_3/cannon/bullet_0",
					"rotated": false,
					"trimmed": false,
					"sourceSize": {
						"w": 35,
						"h": 35
					},
					"spriteSourceSize": {
						"x": 0,
						"y": 0,
						"w": 35,
						"h": 35
					},
					"frame": {
						"x": 831,
						"y": 804,
						"w": 35,
						"h": 35
					}
				},
				{
					"filename": "theme_2/player/player_0",
					"rotated": false,
					"trimmed": false,
					"sourceSize": {
						"w": 32,
						"h": 32
					},
					"spriteSourceSize": {
						"x": 0,
						"y": 0,
						"w": 32,
						"h": 32
					},
					"frame": {
						"x": 893,
						"y": 1860,
						"w": 32,
						"h": 32
					}
				},
				{
					"filename": "gamee/gem",
					"rotated": false,
					"trimmed": false,
					"sourceSize": {
						"w": 58,
						"h": 53
					},
					"spriteSourceSize": {
						"x": 0,
						"y": 0,
						"w": 58,
						"h": 53
					},
					"frame": {
						"x": 896,
						"y": 1894,
						"w": 58,
						"h": 53
					}
				},
				{
					"filename": "theme_6/cannon/tail_0",
					"rotated": false,
					"trimmed": false,
					"sourceSize": {
						"w": 64,
						"h": 22
					},
					"spriteSourceSize": {
						"x": 0,
						"y": 0,
						"w": 64,
						"h": 22
					},
					"frame": {
						"x": 896,
						"y": 1949,
						"w": 64,
						"h": 22
					}
				},
				{
					"filename": "theme_3/cannon/bullet_1",
					"rotated": false,
					"trimmed": false,
					"sourceSize": {
						"w": 35,
						"h": 35
					},
					"spriteSourceSize": {
						"x": 0,
						"y": 0,
						"w": 35,
						"h": 35
					},
					"frame": {
						"x": 696,
						"y": 2008,
						"w": 35,
						"h": 35
					}
				},
				{
					"filename": "theme_4/point",
					"rotated": false,
					"trimmed": false,
					"sourceSize": {
						"w": 16,
						"h": 33
					},
					"spriteSourceSize": {
						"x": 0,
						"y": 0,
						"w": 16,
						"h": 33
					},
					"frame": {
						"x": 985,
						"y": 1,
						"w": 16,
						"h": 33
					}
				},
				{
					"filename": "theme_3/cannon/bullet_2",
					"rotated": false,
					"trimmed": false,
					"sourceSize": {
						"w": 35,
						"h": 35
					},
					"spriteSourceSize": {
						"x": 0,
						"y": 0,
						"w": 35,
						"h": 35
					},
					"frame": {
						"x": 920,
						"y": 1973,
						"w": 35,
						"h": 35
					}
				},
				{
					"filename": "theme_3/player/player_0",
					"rotated": false,
					"trimmed": false,
					"sourceSize": {
						"w": 32,
						"h": 32
					},
					"spriteSourceSize": {
						"x": 0,
						"y": 0,
						"w": 32,
						"h": 32
					},
					"frame": {
						"x": 920,
						"y": 2010,
						"w": 32,
						"h": 32
					}
				},
				{
					"filename": "theme_2/cannon/bullet_0",
					"rotated": false,
					"trimmed": true,
					"sourceSize": {
						"w": 35,
						"h": 35
					},
					"spriteSourceSize": {
						"x": 5,
						"y": 5,
						"w": 25,
						"h": 25
					},
					"frame": {
						"x": 705,
						"y": 1786,
						"w": 25,
						"h": 25
					}
				},
				{
					"filename": "theme_2/cannon/bullet_1",
					"rotated": false,
					"trimmed": true,
					"sourceSize": {
						"w": 35,
						"h": 35
					},
					"spriteSourceSize": {
						"x": 5,
						"y": 5,
						"w": 25,
						"h": 25
					},
					"frame": {
						"x": 701,
						"y": 1419,
						"w": 25,
						"h": 25
					}
				},
				{
					"filename": "theme_2/cannon/bullet_2",
					"rotated": false,
					"trimmed": true,
					"sourceSize": {
						"w": 35,
						"h": 35
					},
					"spriteSourceSize": {
						"x": 5,
						"y": 5,
						"w": 25,
						"h": 25
					},
					"frame": {
						"x": 705,
						"y": 1813,
						"w": 25,
						"h": 25
					}
				},
				{
					"filename": "theme_5/cannon/bullet_0",
					"rotated": false,
					"trimmed": true,
					"sourceSize": {
						"w": 35,
						"h": 35
					},
					"spriteSourceSize": {
						"x": 5,
						"y": 5,
						"w": 25,
						"h": 25
					},
					"frame": {
						"x": 705,
						"y": 1840,
						"w": 25,
						"h": 25
					}
				},
				{
					"filename": "theme_5/cannon/bullet_1",
					"rotated": false,
					"trimmed": true,
					"sourceSize": {
						"w": 35,
						"h": 35
					},
					"spriteSourceSize": {
						"x": 5,
						"y": 5,
						"w": 25,
						"h": 25
					},
					"frame": {
						"x": 705,
						"y": 1867,
						"w": 25,
						"h": 25
					}
				},
				{
					"filename": "theme_0/point",
					"rotated": false,
					"trimmed": false,
					"sourceSize": {
						"w": 15,
						"h": 15
					},
					"spriteSourceSize": {
						"x": 0,
						"y": 0,
						"w": 15,
						"h": 15
					},
					"frame": {
						"x": 367,
						"y": 715,
						"w": 15,
						"h": 15
					}
				},
				{
					"filename": "theme_5/cannon/bullet_2",
					"rotated": false,
					"trimmed": true,
					"sourceSize": {
						"w": 35,
						"h": 35
					},
					"spriteSourceSize": {
						"x": 5,
						"y": 5,
						"w": 25,
						"h": 25
					},
					"frame": {
						"x": 840,
						"y": 313,
						"w": 25,
						"h": 25
					}
				},
				{
					"filename": "theme_4/cannon/bullet_2",
					"rotated": false,
					"trimmed": false,
					"sourceSize": {
						"w": 23,
						"h": 23
					},
					"spriteSourceSize": {
						"x": 0,
						"y": 0,
						"w": 23,
						"h": 23
					},
					"frame": {
						"x": 724,
						"y": 477,
						"w": 23,
						"h": 23
					}
				},
				{
					"filename": "theme_0/cannon/bullet_0",
					"rotated": false,
					"trimmed": false,
					"sourceSize": {
						"w": 22,
						"h": 22
					},
					"spriteSourceSize": {
						"x": 0,
						"y": 0,
						"w": 22,
						"h": 22
					},
					"frame": {
						"x": 724,
						"y": 502,
						"w": 22,
						"h": 22
					}
				},
				{
					"filename": "theme_0/cannon/bullet_1",
					"rotated": false,
					"trimmed": false,
					"sourceSize": {
						"w": 22,
						"h": 22
					},
					"spriteSourceSize": {
						"x": 0,
						"y": 0,
						"w": 22,
						"h": 22
					},
					"frame": {
						"x": 583,
						"y": 2018,
						"w": 22,
						"h": 22
					}
				},
				{
					"filename": "theme_4/player/player_0",
					"rotated": false,
					"trimmed": false,
					"sourceSize": {
						"w": 32,
						"h": 32
					},
					"spriteSourceSize": {
						"x": 0,
						"y": 0,
						"w": 32,
						"h": 32
					},
					"frame": {
						"x": 828,
						"y": 918,
						"w": 32,
						"h": 32
					}
				},
				{
					"filename": "theme_5/player/player_0",
					"rotated": false,
					"trimmed": false,
					"sourceSize": {
						"w": 32,
						"h": 32
					},
					"spriteSourceSize": {
						"x": 0,
						"y": 0,
						"w": 32,
						"h": 32
					},
					"frame": {
						"x": 828,
						"y": 952,
						"w": 32,
						"h": 32
					}
				},
				{
					"filename": "theme_6/player/player_0",
					"rotated": false,
					"trimmed": false,
					"sourceSize": {
						"w": 32,
						"h": 32
					},
					"spriteSourceSize": {
						"x": 0,
						"y": 0,
						"w": 32,
						"h": 32
					},
					"frame": {
						"x": 956,
						"y": 1872,
						"w": 32,
						"h": 32
					}
				},
				{
					"filename": "theme_6/player/player_1",
					"rotated": false,
					"trimmed": false,
					"sourceSize": {
						"w": 32,
						"h": 32
					},
					"spriteSourceSize": {
						"x": 0,
						"y": 0,
						"w": 32,
						"h": 32
					},
					"frame": {
						"x": 956,
						"y": 1906,
						"w": 32,
						"h": 32
					}
				},
				{
					"filename": "theme_5/point",
					"rotated": false,
					"trimmed": false,
					"sourceSize": {
						"w": 14,
						"h": 20
					},
					"spriteSourceSize": {
						"x": 0,
						"y": 0,
						"w": 14,
						"h": 20
					},
					"frame": {
						"x": 781,
						"y": 912,
						"w": 14,
						"h": 20
					}
				},
				{
					"filename": "theme_1/point",
					"rotated": false,
					"trimmed": false,
					"sourceSize": {
						"w": 18,
						"h": 18
					},
					"spriteSourceSize": {
						"x": 0,
						"y": 0,
						"w": 18,
						"h": 18
					},
					"frame": {
						"x": 980,
						"y": 1187,
						"w": 18,
						"h": 18
					}
				},
				{
					"filename": "theme_3/point",
					"rotated": false,
					"trimmed": false,
					"sourceSize": {
						"w": 18,
						"h": 18
					},
					"spriteSourceSize": {
						"x": 0,
						"y": 0,
						"w": 18,
						"h": 18
					},
					"frame": {
						"x": 822,
						"y": 275,
						"w": 18,
						"h": 18
					}
				},
				{
					"filename": "theme_0/cannon/bullet_2",
					"rotated": false,
					"trimmed": false,
					"sourceSize": {
						"w": 22,
						"h": 22
					},
					"spriteSourceSize": {
						"x": 0,
						"y": 0,
						"w": 22,
						"h": 22
					},
					"frame": {
						"x": 962,
						"y": 1940,
						"w": 22,
						"h": 22
					}
				},
				{
					"filename": "theme_2/point",
					"rotated": false,
					"trimmed": false,
					"sourceSize": {
						"w": 13,
						"h": 18
					},
					"spriteSourceSize": {
						"x": 0,
						"y": 0,
						"w": 13,
						"h": 18
					},
					"frame": {
						"x": 927,
						"y": 1860,
						"w": 13,
						"h": 18
					}
				},
				{
					"filename": "theme_0/cannon/bullet_3",
					"rotated": false,
					"trimmed": false,
					"sourceSize": {
						"w": 22,
						"h": 22
					},
					"spriteSourceSize": {
						"x": 0,
						"y": 0,
						"w": 22,
						"h": 22
					},
					"frame": {
						"x": 962,
						"y": 1964,
						"w": 22,
						"h": 22
					}
				},
				{
					"filename": "theme_0/cannon/bullet_4",
					"rotated": false,
					"trimmed": false,
					"sourceSize": {
						"w": 22,
						"h": 22
					},
					"spriteSourceSize": {
						"x": 0,
						"y": 0,
						"w": 22,
						"h": 22
					},
					"frame": {
						"x": 957,
						"y": 1988,
						"w": 22,
						"h": 22
					}
				},
				{
					"filename": "theme_0/cannon/bullet_5",
					"rotated": false,
					"trimmed": false,
					"sourceSize": {
						"w": 22,
						"h": 22
					},
					"spriteSourceSize": {
						"x": 0,
						"y": 0,
						"w": 22,
						"h": 22
					},
					"frame": {
						"x": 954,
						"y": 2012,
						"w": 22,
						"h": 22
					}
				}
			]
		}
	],
	"meta": {
		"app": "https://www.codeandweb.com/texturepacker",
		"version": "3.0",
		"smartupdate": "$TexturePacker:SmartUpdate:f365c9378a56160bc7c257620722ddb6:f9c580d2c2012515ecf9b876f67616a9:706f367750a4a47d7feca429705e8a03$"
	}
}
