<font>
  <info face="fntText64" size="64" bold="0" italic="0" charset="" unicode="" stretchH="100" smooth="1" aa="1" padding="2,2,2,2" spacing="0,0" outline="0"/>
  <common lineHeight="46" base="46" scaleW="256" scaleH="194" pages="1" packed="0"/>
  <pages>
    <page id="0" file="fntText64.png"/>
  </pages>
  <chars count="36">
    <char id="65" x="2" y="2" width="24" height="45" xoffset="2" yoffset="1" xadvance="27" page="0" chnl="15"/>
    <char id="66" x="28" y="2" width="22" height="45" xoffset="4" yoffset="1" xadvance="28" page="0" chnl="15"/>
    <char id="67" x="52" y="2" width="22" height="46" xoffset="3" yoffset="0" xadvance="27" page="0" chnl="15"/>
    <char id="68" x="76" y="2" width="22" height="45" xoffset="4" yoffset="1" xadvance="28" page="0" chnl="15"/>
    <char id="69" x="100" y="2" width="20" height="45" xoffset="4" yoffset="1" xadvance="25" page="0" chnl="15"/>
    <char id="70" x="122" y="2" width="19" height="45" xoffset="4" yoffset="1" xadvance="24" page="0" chnl="15"/>
    <char id="71" x="143" y="2" width="22" height="46" xoffset="3" yoffset="0" xadvance="28" page="0" chnl="15"/>
    <char id="72" x="167" y="2" width="22" height="45" xoffset="4" yoffset="1" xadvance="29" page="0" chnl="15"/>
    <char id="73" x="191" y="2" width="7" height="45" xoffset="4" yoffset="1" xadvance="14" page="0" chnl="15"/>
    <char id="74" x="200" y="2" width="15" height="46" xoffset="1" yoffset="1" xadvance="20" page="0" chnl="15"/>
    <char id="75" x="217" y="2" width="24" height="45" xoffset="4" yoffset="1" xadvance="29" page="0" chnl="15"/>
    <char id="76" x="2" y="49" width="19" height="45" xoffset="4" yoffset="1" xadvance="24" page="0" chnl="15"/>
    <char id="77" x="76" y="49" width="31" height="45" xoffset="4" yoffset="1" xadvance="38" page="0" chnl="15"/>
    <char id="78" x="23" y="49" width="23" height="45" xoffset="4" yoffset="1" xadvance="30" page="0" chnl="15"/>
    <char id="79" x="109" y="49" width="22" height="46" xoffset="3" yoffset="0" xadvance="28" page="0" chnl="15"/>
    <char id="80" x="167" y="49" width="22" height="45" xoffset="4" yoffset="1" xadvance="27" page="0" chnl="15"/>
    <char id="81" x="217" y="49" width="23" height="48" xoffset="3" yoffset="0" xadvance="29" page="0" chnl="15"/>
    <char id="82" x="48" y="50" width="23" height="45" xoffset="4" yoffset="1" xadvance="28" page="0" chnl="15"/>
    <char id="83" x="133" y="50" width="22" height="46" xoffset="2" yoffset="0" xadvance="26" page="0" chnl="15"/>
    <char id="84" x="191" y="50" width="22" height="45" xoffset="2" yoffset="1" xadvance="25" page="0" chnl="15"/>
    <char id="85" x="2" y="96" width="21" height="46" xoffset="3" yoffset="1" xadvance="28" page="0" chnl="15"/>
    <char id="86" x="73" y="96" width="24" height="45" xoffset="2" yoffset="1" xadvance="27" page="0" chnl="15"/>
    <char id="87" x="25" y="97" width="36" height="45" xoffset="2" yoffset="1" xadvance="39" page="0" chnl="15"/>
    <char id="88" x="157" y="96" width="26" height="45" xoffset="1" yoffset="1" xadvance="28" page="0" chnl="15"/>
    <char id="89" x="99" y="97" width="25" height="45" xoffset="1" yoffset="1" xadvance="28" page="0" chnl="15"/>
    <char id="90" x="185" y="97" width="21" height="45" xoffset="2" yoffset="1" xadvance="24" page="0" chnl="15"/>
    <char id="48" x="126" y="98" width="22" height="46" xoffset="3" yoffset="0" xadvance="28" page="0" chnl="15"/>
    <char id="49" x="208" y="99" width="15" height="45" xoffset="1" yoffset="1" xadvance="19" page="0" chnl="15"/>
    <char id="50" x="225" y="99" width="22" height="46" xoffset="2" yoffset="0" xadvance="26" page="0" chnl="15"/>
    <char id="51" x="63" y="143" width="22" height="46" xoffset="2" yoffset="0" xadvance="26" page="0" chnl="15"/>
    <char id="52" x="150" y="143" width="24" height="45" xoffset="2" yoffset="1" xadvance="27" page="0" chnl="15"/>
    <char id="53" x="2" y="144" width="22" height="46" xoffset="3" yoffset="1" xadvance="27" page="0" chnl="15"/>
    <char id="54" x="26" y="144" width="22" height="46" xoffset="3" yoffset="0" xadvance="27" page="0" chnl="15"/>
    <char id="55" x="87" y="144" width="21" height="45" xoffset="1" yoffset="1" xadvance="23" page="0" chnl="15"/>
    <char id="56" x="176" y="144" width="23" height="46" xoffset="2" yoffset="0" xadvance="27" page="0" chnl="15"/>
    <char id="57" x="110" y="146" width="22" height="46" xoffset="2" yoffset="0" xadvance="27" page="0" chnl="15"/>
    <char id="32" x="0" y="0" width="0" height="0" xoffset="2" yoffset="0" xadvance="13" page="0" chnl="15"/>
  </chars>
</font>