<font>
  <info face="fntText32" size="32" bold="0" italic="0" charset="" unicode="" stretchH="100" smooth="1" aa="1" padding="2,2,2,2" spacing="0,0" outline="0"/>
  <common lineHeight="38" base="23" scaleW="489" scaleH="28" pages="1" packed="0"/>
  <pages>
    <page id="0" file="fntText32.png"/>
  </pages>
  <chars count="38">
    <char id="65" x="2" y="2" width="12" height="23" xoffset="1" yoffset="0" xadvance="14" page="0" chnl="15"/>
    <char id="66" x="16" y="2" width="11" height="23" xoffset="2" yoffset="0" xadvance="14" page="0" chnl="15"/>
    <char id="67" x="29" y="2" width="11" height="23" xoffset="2" yoffset="0" xadvance="13" page="0" chnl="15"/>
    <char id="68" x="42" y="2" width="11" height="23" xoffset="2" yoffset="0" xadvance="14" page="0" chnl="15"/>
    <char id="69" x="55" y="2" width="10" height="23" xoffset="2" yoffset="0" xadvance="12" page="0" chnl="15"/>
    <char id="70" x="67" y="2" width="10" height="23" xoffset="2" yoffset="0" xadvance="12" page="0" chnl="15"/>
    <char id="71" x="79" y="2" width="11" height="23" xoffset="2" yoffset="0" xadvance="14" page="0" chnl="15"/>
    <char id="72" x="92" y="2" width="11" height="23" xoffset="2" yoffset="0" xadvance="15" page="0" chnl="15"/>
    <char id="73" x="105" y="2" width="4" height="23" xoffset="2" yoffset="0" xadvance="7" page="0" chnl="15"/>
    <char id="74" x="111" y="2" width="8" height="23" xoffset="1" yoffset="0" xadvance="10" page="0" chnl="15"/>
    <char id="75" x="121" y="2" width="12" height="23" xoffset="2" yoffset="0" xadvance="14" page="0" chnl="15"/>
    <char id="76" x="135" y="2" width="10" height="23" xoffset="2" yoffset="0" xadvance="12" page="0" chnl="15"/>
    <char id="77" x="147" y="2" width="16" height="23" xoffset="2" yoffset="0" xadvance="19" page="0" chnl="15"/>
    <char id="78" x="165" y="2" width="12" height="23" xoffset="2" yoffset="0" xadvance="15" page="0" chnl="15"/>
    <char id="79" x="179" y="2" width="11" height="23" xoffset="2" yoffset="0" xadvance="14" page="0" chnl="15"/>
    <char id="80" x="192" y="2" width="11" height="23" xoffset="2" yoffset="0" xadvance="13" page="0" chnl="15"/>
    <char id="81" x="205" y="2" width="12" height="24" xoffset="2" yoffset="0" xadvance="14" page="0" chnl="15"/>
    <char id="82" x="219" y="2" width="11" height="23" xoffset="2" yoffset="0" xadvance="14" page="0" chnl="15"/>
    <char id="83" x="232" y="2" width="11" height="23" xoffset="1" yoffset="0" xadvance="13" page="0" chnl="15"/>
    <char id="84" x="245" y="2" width="11" height="23" xoffset="1" yoffset="0" xadvance="12" page="0" chnl="15"/>
    <char id="85" x="258" y="2" width="11" height="23" xoffset="2" yoffset="0" xadvance="14" page="0" chnl="15"/>
    <char id="86" x="271" y="2" width="12" height="23" xoffset="1" yoffset="0" xadvance="14" page="0" chnl="15"/>
    <char id="87" x="285" y="2" width="18" height="23" xoffset="1" yoffset="0" xadvance="19" page="0" chnl="15"/>
    <char id="88" x="305" y="2" width="13" height="23" xoffset="1" yoffset="0" xadvance="14" page="0" chnl="15"/>
    <char id="89" x="320" y="2" width="13" height="23" xoffset="1" yoffset="0" xadvance="14" page="0" chnl="15"/>
    <char id="90" x="335" y="2" width="11" height="23" xoffset="1" yoffset="0" xadvance="12" page="0" chnl="15"/>
    <char id="48" x="348" y="2" width="11" height="23" xoffset="2" yoffset="0" xadvance="14" page="0" chnl="15"/>
    <char id="49" x="361" y="2" width="8" height="23" xoffset="1" yoffset="0" xadvance="10" page="0" chnl="15"/>
    <char id="50" x="371" y="2" width="11" height="23" xoffset="1" yoffset="0" xadvance="13" page="0" chnl="15"/>
    <char id="51" x="384" y="2" width="11" height="23" xoffset="1" yoffset="0" xadvance="13" page="0" chnl="15"/>
    <char id="52" x="397" y="2" width="12" height="23" xoffset="1" yoffset="0" xadvance="13" page="0" chnl="15"/>
    <char id="53" x="411" y="2" width="11" height="23" xoffset="1" yoffset="0" xadvance="13" page="0" chnl="15"/>
    <char id="54" x="424" y="2" width="11" height="23" xoffset="2" yoffset="0" xadvance="14" page="0" chnl="15"/>
    <char id="55" x="437" y="2" width="11" height="23" xoffset="1" yoffset="0" xadvance="12" page="0" chnl="15"/>
    <char id="56" x="450" y="2" width="12" height="23" xoffset="1" yoffset="0" xadvance="14" page="0" chnl="15"/>
    <char id="57" x="464" y="2" width="11" height="23" xoffset="1" yoffset="0" xadvance="14" page="0" chnl="15"/>
    <char id="58" x="477" y="2" width="4" height="16" xoffset="2" yoffset="7" xadvance="8" page="0" chnl="15"/>
    <char id="46" x="483" y="2" width="4" height="4" xoffset="2" yoffset="19" xadvance="8" page="0" chnl="15"/>
    <char id="32" x="0" y="0" width="0" height="0" xoffset="2" yoffset="19" xadvance="6" page="0" chnl="15"/>
  </chars>
</font>