<textureatlas xmlns="http://www.w3.org/1999/xhtml" imagepath="airplane.png">
    <SubTexture name="sprite02" x="0" y="64" width="64" height="64"></SubTexture>
    <SubTexture name="sprite03" x="320" y="320" width="64" height="64"></SubTexture>
    <SubTexture name="sprite04" x="64" y="0" width="64" height="64"></SubTexture>
    <SubTexture name="sprite05" x="64" y="64" width="64" height="64"></SubTexture>
    <SubTexture name="sprite06" x="0" y="128" width="64" height="64"></SubTexture>
    <SubTexture name="sprite07" x="64" y="128" width="64" height="64"></SubTexture>
    <SubTexture name="sprite08" x="128" y="0" width="64" height="64"></SubTexture>
    <SubTexture name="sprite09" x="128" y="64" width="64" height="64"></SubTexture>
    <SubTexture name="sprite10" x="128" y="128" width="64" height="64"></SubTexture>
    <SubTexture name="sprite11" x="0" y="192" width="64" height="64"></SubTexture>
    <SubTexture name="sprite12" x="64" y="192" width="64" height="64"></SubTexture>
    <SubTexture name="sprite13" x="128" y="192" width="64" height="64"></SubTexture>
    <SubTexture name="sprite14" x="192" y="0" width="64" height="64"></SubTexture>
    <SubTexture name="sprite15" x="192" y="64" width="64" height="64"></SubTexture>
    <SubTexture name="sprite16" x="192" y="128" width="64" height="64"></SubTexture>
    <SubTexture name="sprite17" x="192" y="192" width="64" height="64"></SubTexture>
    <SubTexture name="sprite18" x="0" y="256" width="64" height="64"></SubTexture>
    <SubTexture name="sprite19" x="64" y="256" width="64" height="64"></SubTexture>
    <SubTexture name="sprite20" x="128" y="256" width="64" height="64"></SubTexture>
    <SubTexture name="sprite21" x="192" y="256" width="64" height="64"></SubTexture>
    <SubTexture name="sprite22" x="256" y="0" width="64" height="64"></SubTexture>
    <SubTexture name="sprite23" x="256" y="64" width="64" height="64"></SubTexture>
    <SubTexture name="sprite24" x="256" y="128" width="64" height="64"></SubTexture>
    <SubTexture name="sprite25" x="256" y="192" width="64" height="64"></SubTexture>
    <SubTexture name="sprite26" x="256" y="256" width="64" height="64"></SubTexture>
    <SubTexture name="sprite27" x="0" y="320" width="64" height="64"></SubTexture>
    <SubTexture name="sprite28" x="64" y="320" width="64" height="64"></SubTexture>
    <SubTexture name="sprite29" x="128" y="320" width="64" height="64"></SubTexture>
    <SubTexture name="sprite30" x="192" y="320" width="64" height="64"></SubTexture>
    <SubTexture name="sprite31" x="256" y="320" width="64" height="64"></SubTexture>
    <SubTexture name="sprite32" x="320" y="0" width="64" height="64"></SubTexture>
    <SubTexture name="sprite33" x="320" y="64" width="64" height="64"></SubTexture>
    <SubTexture name="sprite34" x="320" y="128" width="64" height="64"></SubTexture>
    <SubTexture name="sprite35" x="320" y="192" width="64" height="64"></SubTexture>
    <SubTexture name="sprite36" x="320" y="256" width="64" height="64"></SubTexture>
    <SubTexture name="sprite37" x="0" y="0" width="64" height="64"></SubTexture>
    <SubTexture name="sprite38" x="0" y="384" width="64" height="64"></SubTexture>
    <SubTexture name="sprite39" x="64" y="384" width="64" height="64"></SubTexture>
    <SubTexture name="sprite40" x="128" y="384" width="64" height="64"></SubTexture>
    <SubTexture name="sprite41" x="192" y="384" width="64" height="64"></SubTexture>
    <SubTexture name="sprite42" x="256" y="384" width="64" height="64"></SubTexture>
    <SubTexture name="sprite43" x="320" y="384" width="64" height="64"></SubTexture>
    <SubTexture name="sprite44" x="384" y="0" width="64" height="64"></SubTexture>
    <SubTexture name="sprite45" x="384" y="64" width="64" height="64"></SubTexture>
    <SubTexture name="sprite46" x="384" y="128" width="64" height="64"></SubTexture>
    <SubTexture name="sprite47" x="384" y="192" width="64" height="64"></SubTexture>
    <SubTexture name="sprite48" x="384" y="256" width="64" height="64"></SubTexture>
    <SubTexture name="sprite49" x="384" y="320" width="64" height="64"></SubTexture>
    <SubTexture name="sprite50" x="384" y="384" width="64" height="64"></SubTexture>
    <SubTexture name="sprite51" x="0" y="448" width="64" height="64"></SubTexture>
    <SubTexture name="sprite52" x="64" y="448" width="64" height="64"></SubTexture>
    <SubTexture name="sprite53" x="128" y="448" width="64" height="64"></SubTexture>
    <SubTexture name="sprite54" x="192" y="448" width="64" height="64"></SubTexture>
    <SubTexture name="sprite55" x="256" y="448" width="64" height="64"></SubTexture>
    <SubTexture name="sprite56" x="320" y="448" width="64" height="64"></SubTexture>
    <SubTexture name="sprite57" x="384" y="448" width="64" height="64"></SubTexture>
    <SubTexture name="sprite58" x="448" y="0" width="64" height="64"></SubTexture>
    <SubTexture name="sprite59" x="448" y="64" width="64" height="64"></SubTexture>
    <SubTexture name="sprite60" x="448" y="128" width="64" height="64"></SubTexture>
    <SubTexture name="sprite61" x="448" y="192" width="64" height="64"></SubTexture>
    <SubTexture name="sprite62" x="448" y="256" width="64" height="64"></SubTexture>
    <SubTexture name="sprite63" x="448" y="320" width="64" height="64"></SubTexture>
    <SubTexture name="sprite64" x="448" y="384" width="64" height="64"></SubTexture>
    <SubTexture name="sprite65" x="448" y="448" width="64" height="64"></SubTexture>
    <SubTexture name="sprite66" x="0" y="512" width="64" height="64"></SubTexture>
    <SubTexture name="sprite67" x="64" y="512" width="64" height="64"></SubTexture>
    <SubTexture name="sprite68" x="128" y="512" width="64" height="64"></SubTexture>
    <SubTexture name="sprite69" x="192" y="512" width="64" height="64"></SubTexture>
    <SubTexture name="sprite70" x="256" y="512" width="64" height="64"></SubTexture>
    <SubTexture name="sprite71" x="320" y="512" width="64" height="64"></SubTexture>
</textureatlas>