<textureatlas xmlns="http://www.w3.org/1999/xhtml" imagepath="props.png"><SubTexture name="bg00" x="2509" y="1362" width="680" height="680"></SubTexture><SubTexture name="bg01" x="1701" y="0" width="807" height="357"></SubTexture><SubTexture name="bg02" x="0" y="3004" width="1229" height="472"></SubTexture><SubTexture name="bg03" x="0" y="1054" width="1700" height="347"></SubTexture><SubTexture name="bg11" x="0" y="696" width="807" height="357"></SubTexture><SubTexture name="bg10" x="2509" y="2043" width="680" height="680"></SubTexture><SubTexture name="bg12" x="1230" y="3062" width="1229" height="408"></SubTexture><SubTexture name="bg13" x="0" y="348" width="1700" height="347"></SubTexture><SubTexture name="bg20" x="2509" y="681" width="680" height="680"></SubTexture><SubTexture name="bg21" x="1701" y="716" width="807" height="357"></SubTexture><SubTexture name="bg22" x="0" y="1750" width="1229" height="421"></SubTexture><SubTexture name="bg23" x="0" y="0" width="1700" height="347"></SubTexture><SubTexture name="bg30" x="2509" y="0" width="680" height="680"></SubTexture><SubTexture name="bg31" x="1701" y="358" width="807" height="357"></SubTexture><SubTexture name="bg32" x="0" y="2172" width="1229" height="483"></SubTexture><SubTexture name="bg33" x="0" y="2656" width="1700" height="347"></SubTexture><SubTexture name="bg40" x="2509" y="2724" width="680" height="680"></SubTexture><SubTexture name="bg41" x="1701" y="1074" width="807" height="357"></SubTexture><SubTexture name="bg42" x="1230" y="2172" width="1229" height="449"></SubTexture><SubTexture name="bg43" x="0" y="1402" width="1700" height="347"></SubTexture><SubTexture name="collider" x="1230" y="3045" width="32" height="16"></SubTexture><SubTexture name="healthBackground" x="1230" y="3004" width="158" height="40"></SubTexture><SubTexture name="healthmeter" x="1701" y="2656" width="100" height="10"></SubTexture><SubTexture name="healthmeterlevel" x="808" y="704" width="100" height="10"></SubTexture><SubTexture name="instruction" x="1701" y="1432" width="640" height="640"></SubTexture><SubTexture name="mgbullet" x="808" y="696" width="7" height="7"></SubTexture></textureatlas>