<font>
  <info aa="1" bold="0" charset="" face="font" italic="0" outline="0" padding="2,2,2,2" size="30" smooth="1" spacing="0,0" stretchH="100" unicode=""/>
  <common base="22" lineHeight="34" packed="0" pages="1" scaleH="170" scaleW="35"/>
  <pages>
    <page file="font.png" id="0"/>
  </pages>
  <chars count="10">
    <char chnl="15" height="22" id="48" page="0" width="14" x="678" xadvance="17" xoffset="1" y="657" yoffset="0"/>
    <char chnl="15" height="22" id="49" page="0" width="8" x="725" xadvance="17" xoffset="3" y="611" yoffset="0"/>
    <char chnl="15" height="22" id="50" page="0" width="15" x="849" xadvance="17" xoffset="1" y="389" yoffset="0"/>
    <char chnl="15" height="22" id="51" page="0" width="14" x="694" xadvance="17" xoffset="1" y="657" yoffset="0"/>
    <char chnl="15" height="22" id="52" page="0" width="15" x="817" xadvance="17" xoffset="0" y="610" yoffset="0"/>
    <char chnl="15" height="22" id="53" page="0" width="15" x="834" xadvance="17" xoffset="1" y="610" yoffset="0"/>
    <char chnl="15" height="22" id="54" page="0" width="15" x="851" xadvance="17" xoffset="1" y="610" yoffset="0"/>
    <char chnl="15" height="22" id="55" page="0" width="14" x="710" xadvance="17" xoffset="1" y="657" yoffset="0"/>
    <char chnl="15" height="22" id="56" page="0" width="15" x="661" xadvance="17" xoffset="1" y="657" yoffset="0"/>
    <char chnl="15" height="22" id="57" page="0" width="14" x="661" xadvance="17" xoffset="1" y="681" yoffset="0"/>
    <char chnl="15" height="0" id="32" page="0" width="0" x="945" xadvance="8" xoffset="1" y="268" yoffset="0"/>
  </chars>
  <kernings count="1">
    <kerning amount="-2" first="49" second="49"/>
  </kernings>
</font>
