<?xml version="1.0"?>
<font>
  <info face="Manifold CF" size="60" bold="1" italic="0" charset="" unicode="1" stretchH="100" smooth="1" aa="1" padding="0,0,0,0" spacing="1,1" outline="0"/>
  <common lineHeight="60" base="50" scaleW="128" scaleH="128" pages="1" packed="0" alphaChnl="0" redChnl="4" greenChnl="4" blueChnl="4"/>
  <pages>
    <page id="0" file="manifold_0.png" />
  </pages>
  <chars count="10">
    <char id="48" x="82" y="0" width="25" height="35" xoffset="3" yoffset="15" xadvance="31" page="0" chnl="15" />
    <char id="49" x="108" y="0" width="12" height="35" xoffset="3" yoffset="15" xadvance="22" page="0" chnl="15" />
    <char id="50" x="0" y="36" width="25" height="35" xoffset="2" yoffset="15" xadvance="29" page="0" chnl="15" />
    <char id="51" x="26" y="36" width="25" height="35" xoffset="2" yoffset="15" xadvance="29" page="0" chnl="15" />
    <char id="52" x="52" y="36" width="25" height="35" xoffset="1" yoffset="15" xadvance="28" page="0" chnl="15" />
    <char id="53" x="78" y="36" width="25" height="35" xoffset="2" yoffset="15" xadvance="29" page="0" chnl="15" />
    <char id="54" x="28" y="0" width="26" height="35" xoffset="2" yoffset="15" xadvance="31" page="0" chnl="15" />
    <char id="55" x="0" y="72" width="24" height="35" xoffset="2" yoffset="15" xadvance="28" page="0" chnl="15" />
    <char id="56" x="0" y="0" width="27" height="35" xoffset="2" yoffset="15" xadvance="32" page="0" chnl="15" />
    <char id="57" x="55" y="0" width="26" height="35" xoffset="2" yoffset="15" xadvance="31" page="0" chnl="15" />
  </chars>
</font>
