{"frames": [
{
	"filename": "DotLeft",
	"frame": {"x":2,"y":514,"w":44,"h":44},
	"rotated": false,
	"trimmed": true,
	"spriteSourceSize": {"x":0,"y":0,"w":44,"h":44},
	"sourceSize": {"w":44,"h":44}
},
{
	"filename": "DotRight",
	"frame": {"x":48,"y":514,"w":44,"h":44},
	"rotated": false,
	"trimmed": true,
	"spriteSourceSize": {"x":0,"y":0,"w":44,"h":44},
	"sourceSize": {"w":44,"h":44}
},
{
	"filename": "Antialias",
	"frame": {"x":94,"y":514,"w":10,"h":1},
	"rotated": false,
	"trimmed": true,
	"spriteSourceSize": {"x":0,"y":0,"w":10,"h":1},
	"sourceSize": {"w":10,"h":1}
},
{
	"filename": "Left",
	"frame": {"x":0,"y":0,"w":512,"h":512},
	"rotated": false,
	"trimmed": true,
	"spriteSourceSize": {"x":0,"y":0,"w":512,"h":512},
	"sourceSize": {"w":512,"h":512}
},
{
	"filename": "Right",
	"frame": {"x":512,"y":0,"w":512,"h":512},
	"rotated": false,
	"trimmed": true,
	"spriteSourceSize": {"x":0,"y":0,"w":512,"h":512},
	"sourceSize": {"w":512,"h":512}
}],
"meta": {
	"app": "Spritor"
}
}
