{"frames": [

{
	"filename": "attemptFrame",
	"frame": {"x":892,"y":1442,"w":59,"h":56},
	"rotated": false,
	"trimmed": false,
	"spriteSourceSize": {"x":0,"y":0,"w":59,"h":56},
	"sourceSize": {"w":59,"h":56}
},
{
	"filename": "attemptIcon",
	"frame": {"x":733,"y":1088,"w":51,"h":51},
	"rotated": false,
	"trimmed": false,
	"spriteSourceSize": {"x":0,"y":0,"w":51,"h":51},
	"sourceSize": {"w":51,"h":51}
},
{
	"filename": "background",
	"frame": {"x":1,"y":1,"w":640,"h":1280},
	"rotated": false,
	"trimmed": false,
	"spriteSourceSize": {"x":0,"y":0,"w":640,"h":1280},
	"sourceSize": {"w":640,"h":1280}
},
{
	"filename": "ball",
	"frame": {"x":733,"y":1141,"w":51,"h":51},
	"rotated": false,
	"trimmed": false,
	"spriteSourceSize": {"x":0,"y":0,"w":51,"h":51},
	"sourceSize": {"w":51,"h":51}
},
{
	"filename": "ballShadow",
	"frame": {"x":841,"y":698,"w":109,"h":48},
	"rotated": false,
	"trimmed": false,
	"spriteSourceSize": {"x":0,"y":0,"w":109,"h":48},
	"sourceSize": {"w":109,"h":48}
},
{
	"filename": "bgLightFx",
	"frame": {"x":643,"y":1,"w":303,"h":439},
	"rotated": false,
	"trimmed": false,
	"spriteSourceSize": {"x":0,"y":0,"w":303,"h":439},
	"sourceSize": {"w":303,"h":439}
},
{
	"filename": "btnNoThanks_0",
	"frame": {"x":643,"y":442,"w":298,"h":40},
	"rotated": false,
	"trimmed": false,
	"spriteSourceSize": {"x":0,"y":0,"w":298,"h":40},
	"sourceSize": {"w":298,"h":40}
},
{
	"filename": "btnNoThanks_1",
	"frame": {"x":643,"y":442,"w":298,"h":40},
	"rotated": false,
	"trimmed": false,
	"spriteSourceSize": {"x":0,"y":0,"w":298,"h":40},
	"sourceSize": {"w":298,"h":40}
},
{
	"filename": "btnWatchAd_0",
	"frame": {"x":1,"y":1501,"w":568,"h":157},
	"rotated": false,
	"trimmed": true,
	"spriteSourceSize": {"x":5,"y":4,"w":568,"h":157},
	"sourceSize": {"w":577,"h":165}
},
{
	"filename": "btnWatchAd_1",
	"frame": {"x":1,"y":1660,"w":568,"h":157},
	"rotated": false,
	"trimmed": true,
	"spriteSourceSize": {"x":5,"y":4,"w":568,"h":157},
	"sourceSize": {"w":577,"h":165}
},
{
	"filename": "fire_0",
	"frame": {"x":870,"y":1232,"w":87,"h":87},
	"rotated": false,
	"trimmed": true,
	"spriteSourceSize": {"x":2,"y":0,"w":87,"h":87},
	"sourceSize": {"w":89,"h":89}
},
{
	"filename": "fire_1",
	"frame": {"x":841,"y":748,"w":88,"h":85},
	"rotated": false,
	"trimmed": true,
	"spriteSourceSize": {"x":1,"y":0,"w":88,"h":85},
	"sourceSize": {"w":89,"h":89}
},
{
	"filename": "fire_2",
	"frame": {"x":796,"y":942,"w":88,"h":84},
	"rotated": false,
	"trimmed": true,
	"spriteSourceSize": {"x":1,"y":1,"w":88,"h":84},
	"sourceSize": {"w":89,"h":89}
},
{
	"filename": "fire_3",
	"frame": {"x":841,"y":835,"w":88,"h":85},
	"rotated": false,
	"trimmed": true,
	"spriteSourceSize": {"x":1,"y":0,"w":88,"h":85},
	"sourceSize": {"w":89,"h":89}
},
{
	"filename": "fire_4",
	"frame": {"x":792,"y":1028,"w":88,"h":83},
	"rotated": false,
	"trimmed": true,
	"spriteSourceSize": {"x":1,"y":1,"w":88,"h":83},
	"sourceSize": {"w":89,"h":89}
},
{
	"filename": "fire_5",
	"frame": {"x":732,"y":1276,"w":87,"h":83},
	"rotated": false,
	"trimmed": true,
	"spriteSourceSize": {"x":2,"y":2,"w":87,"h":83},
	"sourceSize": {"w":89,"h":89}
},
{
	"filename": "fire_6",
	"frame": {"x":643,"y":1071,"w":88,"h":82},
	"rotated": false,
	"trimmed": true,
	"spriteSourceSize": {"x":1,"y":3,"w":88,"h":82},
	"sourceSize": {"w":89,"h":89}
},
{
	"filename": "fire_7",
	"frame": {"x":786,"y":1113,"w":88,"h":82},
	"rotated": false,
	"trimmed": true,
	"spriteSourceSize": {"x":1,"y":3,"w":88,"h":82},
	"sourceSize": {"w":89,"h":89}
},
{
	"filename": "fire_8",
	"frame": {"x":780,"y":1197,"w":88,"h":77},
	"rotated": false,
	"trimmed": true,
	"spriteSourceSize": {"x":1,"y":8,"w":88,"h":77},
	"sourceSize": {"w":89,"h":89}
},
{
	"filename": "fire_9",
	"frame": {"x":643,"y":1155,"w":88,"h":79},
	"rotated": false,
	"trimmed": true,
	"spriteSourceSize": {"x":1,"y":6,"w":88,"h":79},
	"sourceSize": {"w":89,"h":89}
},
{
	"filename": "fire_10",
	"frame": {"x":627,"y":1324,"w":87,"h":80},
	"rotated": false,
	"trimmed": true,
	"spriteSourceSize": {"x":2,"y":5,"w":87,"h":80},
	"sourceSize": {"w":89,"h":89}
},
{
	"filename": "fire_11",
	"frame": {"x":804,"y":1409,"w":86,"h":84},
	"rotated": false,
	"trimmed": true,
	"spriteSourceSize": {"x":3,"y":3,"w":86,"h":84},
	"sourceSize": {"w":89,"h":89}
},
{
	"filename": "fire_12",
	"frame": {"x":627,"y":1406,"w":86,"h":85},
	"rotated": false,
	"trimmed": true,
	"spriteSourceSize": {"x":3,"y":1,"w":86,"h":85},
	"sourceSize": {"w":89,"h":89}
},
{
	"filename": "fire_13",
	"frame": {"x":643,"y":1236,"w":87,"h":86},
	"rotated": false,
	"trimmed": true,
	"spriteSourceSize": {"x":1,"y":0,"w":87,"h":86},
	"sourceSize": {"w":89,"h":89}
},
{
	"filename": "fire_14",
	"frame": {"x":821,"y":1321,"w":86,"h":86},
	"rotated": false,
	"trimmed": true,
	"spriteSourceSize": {"x":1,"y":0,"w":86,"h":86},
	"sourceSize": {"w":89,"h":89}
},
{
	"filename": "fire_15",
	"frame": {"x":716,"y":1361,"w":86,"h":86},
	"rotated": false,
	"trimmed": true,
	"spriteSourceSize": {"x":2,"y":0,"w":86,"h":86},
	"sourceSize": {"w":89,"h":89}
},
{
	"filename": "flash_0",
	"frame": {"x":797,"y":1519,"w":75,"h":16},
	"rotated": false,
	"trimmed": true,
	"spriteSourceSize": {"x":79,"y":82,"w":75,"h":16},
	"sourceSize": {"w":209,"h":182}
},
{
	"filename": "flash_1",
	"frame": {"x":876,"y":1134,"w":85,"h":96},
	"rotated": false,
	"trimmed": true,
	"spriteSourceSize": {"x":73,"y":38,"w":85,"h":96},
	"sourceSize": {"w":209,"h":182}
},
{
	"filename": "flash_2",
	"frame": {"x":643,"y":861,"w":151,"h":136},
	"rotated": false,
	"trimmed": true,
	"spriteSourceSize": {"x":31,"y":28,"w":151,"h":136},
	"sourceSize": {"w":209,"h":182}
},
{
	"filename": "flash_3",
	"frame": {"x":643,"y":484,"w":209,"h":182},
	"rotated": false,
	"trimmed": false,
	"spriteSourceSize": {"x":0,"y":0,"w":209,"h":182},
	"sourceSize": {"w":209,"h":182}
},
{
	"filename": "gaolkeeper_shadow",
	"frame": {"x":796,"y":922,"w":123,"h":18},
	"rotated": false,
	"trimmed": false,
	"spriteSourceSize": {"x":0,"y":0,"w":123,"h":18},
	"sourceSize": {"w":123,"h":18}
},
{
	"filename": "goalkeeper_arm",
	"frame": {"x":796,"y":861,"w":34,"h":13},
	"rotated": false,
	"trimmed": false,
	"spriteSourceSize": {"x":0,"y":0,"w":34,"h":13},
	"sourceSize": {"w":34,"h":13}
},
{
	"filename": "goalkeeper_body",
	"frame": {"x":892,"y":1409,"w":69,"h":31},
	"rotated": false,
	"trimmed": false,
	"spriteSourceSize": {"x":0,"y":0,"w":69,"h":31},
	"sourceSize": {"w":69,"h":31}
},
{
	"filename": "goalkeeper_feet",
	"frame": {"x":733,"y":1071,"w":52,"h":15},
	"rotated": false,
	"trimmed": false,
	"spriteSourceSize": {"x":0,"y":0,"w":52,"h":15},
	"sourceSize": {"w":52,"h":15}
},
{
	"filename": "goalkeeper_hand",
	"frame": {"x":733,"y":1194,"w":45,"h":12},
	"rotated": false,
	"trimmed": false,
	"spriteSourceSize": {"x":0,"y":0,"w":45,"h":12},
	"sourceSize": {"w":45,"h":12}
},
{
	"filename": "goalkeeper_head",
	"frame": {"x":796,"y":876,"w":21,"h":17},
	"rotated": false,
	"trimmed": false,
	"spriteSourceSize": {"x":0,"y":0,"w":21,"h":17},
	"sourceSize": {"w":21,"h":17}
},
{
	"filename": "goalkeeper_leg",
	"frame": {"x":882,"y":1079,"w":46,"h":20},
	"rotated": false,
	"trimmed": false,
	"spriteSourceSize": {"x":0,"y":0,"w":46,"h":20},
	"sourceSize": {"w":46,"h":20}
},
{
	"filename": "msgBoard",
	"frame": {"x":1,"y":1283,"w":624,"h":216},
	"rotated": false,
	"trimmed": false,
	"spriteSourceSize": {"x":0,"y":0,"w":624,"h":216},
	"sourceSize": {"w":624,"h":216}
},
{
	"filename": "msgBoardLine",
	"frame": {"x":931,"y":798,"w":23,"h":307},
	"rotated": false,
	"trimmed": false,
	"spriteSourceSize": {"x":0,"y":0,"w":23,"h":307},
	"sourceSize": {"w":23,"h":307}
},
{
	"filename": "player_arm",
	"frame": {"x":882,"y":1107,"w":78,"h":25},
	"rotated": false,
	"trimmed": false,
	"spriteSourceSize": {"x":0,"y":0,"w":78,"h":25},
	"sourceSize": {"w":78,"h":25}
},
{
	"filename": "player_body",
	"frame": {"x":643,"y":999,"w":147,"h":70},
	"rotated": false,
	"trimmed": false,
	"spriteSourceSize": {"x":0,"y":0,"w":147,"h":70},
	"sourceSize": {"w":147,"h":70}
},
{
	"filename": "player_feet",
	"frame": {"x":854,"y":574,"w":97,"h":24},
	"rotated": false,
	"trimmed": false,
	"spriteSourceSize": {"x":0,"y":0,"w":97,"h":24},
	"sourceSize": {"w":97,"h":24}
},
{
	"filename": "player_hand",
	"frame": {"x":879,"y":1500,"w":75,"h":26},
	"rotated": false,
	"trimmed": false,
	"spriteSourceSize": {"x":0,"y":0,"w":75,"h":26},
	"sourceSize": {"w":75,"h":26}
},
{
	"filename": "player_head",
	"frame": {"x":882,"y":1028,"w":46,"h":49},
	"rotated": false,
	"trimmed": false,
	"spriteSourceSize": {"x":0,"y":0,"w":46,"h":49},
	"sourceSize": {"w":46,"h":49}
},
{
	"filename": "player_leg01",
	"frame": {"x":854,"y":484,"w":104,"h":43},
	"rotated": false,
	"trimmed": false,
	"spriteSourceSize": {"x":0,"y":0,"w":104,"h":43},
	"sourceSize": {"w":104,"h":43}
},
{
	"filename": "player_leg02",
	"frame": {"x":854,"y":529,"w":103,"h":43},
	"rotated": false,
	"trimmed": false,
	"spriteSourceSize": {"x":0,"y":0,"w":103,"h":43},
	"sourceSize": {"w":103,"h":43}
},
{
	"filename": "player_shoe",
	"frame": {"x":931,"y":748,"w":27,"h":22},
	"rotated": false,
	"trimmed": false,
	"spriteSourceSize": {"x":0,"y":0,"w":27,"h":22},
	"sourceSize": {"w":27,"h":22}
},
{
	"filename": "pshadow",
	"frame": {"x":571,"y":1542,"w":390,"h":108},
	"rotated": false,
	"trimmed": false,
	"spriteSourceSize": {"x":0,"y":0,"w":390,"h":108},
	"sourceSize": {"w":390,"h":108}
},
{
	"filename": "scoreFrame",
	"frame": {"x":627,"y":1493,"w":80,"h":47},
	"rotated": false,
	"trimmed": false,
	"spriteSourceSize": {"x":0,"y":0,"w":80,"h":47},
	"sourceSize": {"w":80,"h":47}
},
{
	"filename": "scoreTitle",
	"frame": {"x":797,"y":1495,"w":80,"h":22},
	"rotated": false,
	"trimmed": false,
	"spriteSourceSize": {"x":0,"y":0,"w":80,"h":22},
	"sourceSize": {"w":80,"h":22}
},
{
	"filename": "star",
	"frame": {"x":715,"y":1449,"w":80,"h":78},
	"rotated": false,
	"trimmed": false,
	"spriteSourceSize": {"x":0,"y":0,"w":80,"h":78},
	"sourceSize": {"w":80,"h":78}
},
{
	"filename": "target",
	"frame": {"x":854,"y":600,"w":94,"h":96},
	"rotated": false,
	"trimmed": false,
	"spriteSourceSize": {"x":0,"y":0,"w":94,"h":96},
	"sourceSize": {"w":94,"h":96}
},
{
	"filename": "targetHitPoint",
	"frame": {"x":931,"y":772,"w":24,"h":24},
	"rotated": false,
	"trimmed": false,
	"spriteSourceSize": {"x":0,"y":0,"w":24,"h":24},
	"sourceSize": {"w":24,"h":24}
},
{
	"filename": "tutorHand",
	"frame": {"x":643,"y":668,"w":196,"h":191},
	"rotated": false,
	"trimmed": false,
	"spriteSourceSize": {"x":0,"y":0,"w":196,"h":191},
	"sourceSize": {"w":196,"h":191}
}],
"meta": {
	"app": "https://www.codeandweb.com/texturepacker",
	"version": "1.0",
	"image": "atlas0.png",
	"format": "RGBA8888",
	"size": {"w":962,"h":1818},
	"scale": "1",
	"smartupdate": "$TexturePacker:SmartUpdate:042b956666d51bf7ba8eae2a54534245:9b618436c4471741b4eaaf6072f761ec:049367de5b0e8c4bb79953a2ef3cc5f7$"
}
}
