<font>
  <info face="font" size="94" bold="0" italic="0" charset="" unicode="" stretchH="100" smooth="1" aa="1" padding="2,2,2,2" spacing="0,0" outline="0"/>
  <common lineHeight="114" base="68" scaleW="189" scaleH="444" pages="1" packed="0"/>
  <pages>
    <page id="0" file="font.png"/>
  </pages>
  <chars count="18">
    <char id="49" x="2" y="2" width="30" height="71" xoffset="10" yoffset="1" xadvance="51" page="0" chnl="15"/>
    <char id="50" x="2" y="75" width="45" height="72" xoffset="6" yoffset="0" xadvance="51" page="0" chnl="15"/>
    <char id="51" x="2" y="149" width="47" height="72" xoffset="4" yoffset="0" xadvance="51" page="0" chnl="15"/>
    <char id="52" x="34" y="2" width="50" height="71" xoffset="3" yoffset="1" xadvance="51" page="0" chnl="15"/>
    <char id="53" x="49" y="75" width="45" height="72" xoffset="5" yoffset="1" xadvance="51" page="0" chnl="15"/>
    <char id="54" x="2" y="223" width="46" height="72" xoffset="5" yoffset="1" xadvance="51" page="0" chnl="15"/>
    <char id="55" x="86" y="2" width="47" height="71" xoffset="5" yoffset="1" xadvance="51" page="0" chnl="15"/>
    <char id="56" x="2" y="297" width="47" height="72" xoffset="4" yoffset="0" xadvance="51" page="0" chnl="15"/>
    <char id="57" x="50" y="223" width="46" height="72" xoffset="5" yoffset="0" xadvance="51" page="0" chnl="15"/>
    <char id="48" x="51" y="149" width="45" height="72" xoffset="5" yoffset="0" xadvance="51" page="0" chnl="15"/>
    <char id="43" x="96" y="75" width="46" height="46" xoffset="5" yoffset="21" xadvance="51" page="0" chnl="15"/>
    <char id="80" x="135" y="2" width="52" height="71" xoffset="8" yoffset="1" xadvance="59" page="0" chnl="15"/>
    <char id="69" x="2" y="371" width="48" height="71" xoffset="8" yoffset="1" xadvance="57" page="0" chnl="15"/>
    <char id="82" x="51" y="297" width="55" height="71" xoffset="8" yoffset="1" xadvance="61" page="0" chnl="15"/>
    <char id="70" x="52" y="370" width="48" height="71" xoffset="8" yoffset="1" xadvance="55" page="0" chnl="15"/>
    <char id="67" x="102" y="370" width="54" height="72" xoffset="6" yoffset="0" xadvance="58" page="0" chnl="15"/>
    <char id="84" x="98" y="123" width="52" height="71" xoffset="3" yoffset="1" xadvance="54" page="0" chnl="15"/>
    <char id="33" x="98" y="196" width="19" height="71" xoffset="11" yoffset="1" xadvance="33" page="0" chnl="15"/>
    <char id="32" x="0" y="0" width="0" height="0" xoffset="11" yoffset="1" xadvance="22" page="0" chnl="15"/>
  </chars>
  <kernings count="0"/>
</font>