{"frames": [

{
	"filename": "apple",
	"frame": {"x":1312,"y":1649,"w":60,"h":55},
	"rotated": false,
	"trimmed": false,
	"spriteSourceSize": {"x":0,"y":0,"w":60,"h":55},
	"sourceSize": {"w":60,"h":55},
	"pivot": {"x":0.5,"y":0.5}
},
{
	"filename": "arrow",
	"frame": {"x":1237,"y":1778,"w":104,"h":23},
	"rotated": false,
	"trimmed": false,
	"spriteSourceSize": {"x":0,"y":0,"w":104,"h":23},
	"sourceSize": {"w":104,"h":23},
	"pivot": {"x":0.5,"y":0.5}
},
{
	"filename": "arrow_gui",
	"frame": {"x":1388,"y":1243,"w":62,"h":77},
	"rotated": false,
	"trimmed": false,
	"spriteSourceSize": {"x":0,"y":0,"w":62,"h":77},
	"sourceSize": {"w":62,"h":77},
	"pivot": {"x":0.5,"y":0.5}
},
{
	"filename": "arrow_star",
	"frame": {"x":1575,"y":1414,"w":32,"h":32},
	"rotated": false,
	"trimmed": false,
	"spriteSourceSize": {"x":0,"y":0,"w":32,"h":32},
	"sourceSize": {"w":32,"h":32},
	"pivot": {"x":0.5,"y":0.5}
},
{
	"filename": "arrows_back",
	"frame": {"x":1327,"y":331,"w":177,"h":185},
	"rotated": false,
	"trimmed": false,
	"spriteSourceSize": {"x":0,"y":0,"w":177,"h":185},
	"sourceSize": {"w":177,"h":185},
	"pivot": {"x":0.5,"y":0.5}
},
{
	"filename": "avatar",
	"frame": {"x":1058,"y":1557,"w":90,"h":90},
	"rotated": false,
	"trimmed": false,
	"spriteSourceSize": {"x":0,"y":0,"w":90,"h":90},
	"sourceSize": {"w":90,"h":90},
	"pivot": {"x":0.5,"y":0.5}
},
{
	"filename": "barrier",
	"frame": {"x":1552,"y":1062,"w":44,"h":180},
	"rotated": false,
	"trimmed": false,
	"spriteSourceSize": {"x":0,"y":0,"w":44,"h":180},
	"sourceSize": {"w":44,"h":180},
	"pivot": {"x":0.5,"y":0.5}
},
{
	"filename": "barrier_part",
	"frame": {"x":1414,"y":1113,"w":37,"h":50},
	"rotated": false,
	"trimmed": false,
	"spriteSourceSize": {"x":0,"y":0,"w":37,"h":50},
	"sourceSize": {"w":37,"h":50},
	"pivot": {"x":0.5,"y":0.5}
},
{
	"filename": "bonusThing",
	"frame": {"x":1058,"y":1649,"w":177,"h":137},
	"rotated": false,
	"trimmed": false,
	"spriteSourceSize": {"x":0,"y":0,"w":177,"h":137},
	"sourceSize": {"w":177,"h":137},
	"pivot": {"x":0.5,"y":0.5}
},
{
	"filename": "bowman_body",
	"frame": {"x":1472,"y":830,"w":139,"h":114},
	"rotated": false,
	"trimmed": false,
	"spriteSourceSize": {"x":0,"y":0,"w":139,"h":114},
	"sourceSize": {"w":139,"h":114},
	"pivot": {"x":0.5,"y":0.5}
},
{
	"filename": "bowman_body_aim",
	"frame": {"x":1318,"y":881,"w":139,"h":114},
	"rotated": false,
	"trimmed": false,
	"spriteSourceSize": {"x":0,"y":0,"w":139,"h":114},
	"sourceSize": {"w":139,"h":114},
	"pivot": {"x":0.5,"y":0.5}
},
{
	"filename": "bowman_body_sad",
	"frame": {"x":1173,"y":983,"w":139,"h":114},
	"rotated": false,
	"trimmed": false,
	"spriteSourceSize": {"x":0,"y":0,"w":139,"h":114},
	"sourceSize": {"w":139,"h":114},
	"pivot": {"x":0.5,"y":0.5}
},
{
	"filename": "bowman_body_shoot",
	"frame": {"x":1459,"y":946,"w":139,"h":114},
	"rotated": false,
	"trimmed": false,
	"spriteSourceSize": {"x":0,"y":0,"w":139,"h":114},
	"sourceSize": {"w":139,"h":114},
	"pivot": {"x":0.5,"y":0.5}
},
{
	"filename": "bowman_body_shoot_surprise",
	"frame": {"x":1314,"y":997,"w":139,"h":114},
	"rotated": false,
	"trimmed": false,
	"spriteSourceSize": {"x":0,"y":0,"w":139,"h":114},
	"sourceSize": {"w":139,"h":114},
	"pivot": {"x":0.5,"y":0.5}
},
{
	"filename": "bowman_body_surprise",
	"frame": {"x":1173,"y":1099,"w":139,"h":114},
	"rotated": false,
	"trimmed": false,
	"spriteSourceSize": {"x":0,"y":0,"w":139,"h":114},
	"sourceSize": {"w":139,"h":114},
	"pivot": {"x":0.5,"y":0.5}
},
{
	"filename": "bowman_legs",
	"frame": {"x":1237,"y":1649,"w":73,"h":61},
	"rotated": false,
	"trimmed": false,
	"spriteSourceSize": {"x":0,"y":0,"w":73,"h":61},
	"sourceSize": {"w":73,"h":61},
	"pivot": {"x":0.5,"y":0.5}
},
{
	"filename": "boy_0",
	"frame": {"x":1518,"y":283,"w":90,"h":139},
	"rotated": false,
	"trimmed": false,
	"spriteSourceSize": {"x":0,"y":0,"w":90,"h":139},
	"sourceSize": {"w":90,"h":139},
	"pivot": {"x":0.5,"y":0.5}
},
{
	"filename": "boy_1",
	"frame": {"x":1518,"y":142,"w":91,"h":139},
	"rotated": false,
	"trimmed": false,
	"spriteSourceSize": {"x":0,"y":0,"w":91,"h":139},
	"sourceSize": {"w":91,"h":139},
	"pivot": {"x":0.5,"y":0.5}
},
{
	"filename": "burger",
	"frame": {"x":1312,"y":1706,"w":60,"h":52},
	"rotated": false,
	"trimmed": false,
	"spriteSourceSize": {"x":0,"y":0,"w":60,"h":52},
	"sourceSize": {"w":60,"h":52},
	"pivot": {"x":0.5,"y":0.5}
},
{
	"filename": "cloud",
	"frame": {"x":1,"y":1557,"w":1055,"h":247},
	"rotated": false,
	"trimmed": true,
	"spriteSourceSize": {"x":6,"y":9,"w":1055,"h":247},
	"sourceSize": {"w":1077,"h":261},
	"pivot": {"x":0.5,"y":0.5}
},
{
	"filename": "dotedLine",
	"frame": {"x":1150,"y":1587,"w":448,"h":27},
	"rotated": false,
	"trimmed": false,
	"spriteSourceSize": {"x":0,"y":0,"w":448,"h":27},
	"sourceSize": {"w":448,"h":27},
	"pivot": {"x":0.5,"y":0.5}
},
{
	"filename": "grass",
	"frame": {"x":1386,"y":1616,"w":174,"h":160},
	"rotated": false,
	"trimmed": false,
	"spriteSourceSize": {"x":0,"y":0,"w":174,"h":160},
	"sourceSize": {"w":174,"h":160},
	"pivot": {"x":0.5,"y":0.5}
},
{
	"filename": "grass_small",
	"frame": {"x":1237,"y":1712,"w":50,"h":52},
	"rotated": false,
	"trimmed": false,
	"spriteSourceSize": {"x":0,"y":0,"w":50,"h":52},
	"sourceSize": {"w":50,"h":52},
	"pivot": {"x":0.5,"y":0.5}
},
{
	"filename": "hill_0",
	"frame": {"x":1173,"y":1215,"w":213,"h":106},
	"rotated": false,
	"trimmed": false,
	"spriteSourceSize": {"x":0,"y":0,"w":213,"h":106},
	"sourceSize": {"w":213,"h":106},
	"pivot": {"x":0.5,"y":0.5}
},
{
	"filename": "hill_1",
	"frame": {"x":1327,"y":1,"w":277,"h":139},
	"rotated": false,
	"trimmed": false,
	"spriteSourceSize": {"x":0,"y":0,"w":277,"h":139},
	"sourceSize": {"w":277,"h":139},
	"pivot": {"x":0.5,"y":0.5}
},
{
	"filename": "mount",
	"frame": {"x":1173,"y":1345,"w":400,"h":240},
	"rotated": false,
	"trimmed": false,
	"spriteSourceSize": {"x":0,"y":0,"w":400,"h":240},
	"sourceSize": {"w":400,"h":240},
	"pivot": {"x":0.5,"y":0.5}
},
{
	"filename": "mountain0",
	"frame": {"x":1,"y":1,"w":1324,"h":823},
	"rotated": false,
	"trimmed": false,
	"spriteSourceSize": {"x":0,"y":0,"w":1324,"h":823},
	"sourceSize": {"w":1324,"h":823},
	"pivot": {"x":0.5,"y":0.5}
},
{
	"filename": "mountain1",
	"frame": {"x":1,"y":826,"w":1170,"h":729},
	"rotated": false,
	"trimmed": false,
	"spriteSourceSize": {"x":0,"y":0,"w":1170,"h":729},
	"sourceSize": {"w":1170,"h":729},
	"pivot": {"x":0.5,"y":0.5}
},
{
	"filename": "mushroom",
	"frame": {"x":1414,"y":1165,"w":36,"h":39},
	"rotated": false,
	"trimmed": false,
	"spriteSourceSize": {"x":0,"y":0,"w":36,"h":39},
	"sourceSize": {"w":36,"h":39},
	"pivot": {"x":0.5,"y":0.5}
},
{
	"filename": "ouch",
	"frame": {"x":1575,"y":1345,"w":34,"h":33},
	"rotated": false,
	"trimmed": false,
	"spriteSourceSize": {"x":0,"y":0,"w":34,"h":33},
	"sourceSize": {"w":34,"h":33},
	"pivot": {"x":0.5,"y":0.5}
},
{
	"filename": "pineapple",
	"frame": {"x":1548,"y":1244,"w":57,"h":99},
	"rotated": false,
	"trimmed": false,
	"spriteSourceSize": {"x":0,"y":0,"w":57,"h":99},
	"sourceSize": {"w":57,"h":99},
	"pivot": {"x":0.5,"y":0.5}
},
{
	"filename": "rabbit_0",
	"frame": {"x":1327,"y":724,"w":143,"h":155},
	"rotated": false,
	"trimmed": false,
	"spriteSourceSize": {"x":0,"y":0,"w":143,"h":155},
	"sourceSize": {"w":143,"h":155},
	"pivot": {"x":0.5,"y":0.5}
},
{
	"filename": "rabbit_1",
	"frame": {"x":1173,"y":826,"w":143,"h":155},
	"rotated": false,
	"trimmed": false,
	"spriteSourceSize": {"x":0,"y":0,"w":143,"h":155},
	"sourceSize": {"w":143,"h":155},
	"pivot": {"x":0.5,"y":0.5}
},
{
	"filename": "rainbow",
	"frame": {"x":1414,"y":1206,"w":35,"h":35},
	"rotated": false,
	"trimmed": false,
	"spriteSourceSize": {"x":0,"y":0,"w":35,"h":35},
	"sourceSize": {"w":35,"h":35},
	"pivot": {"x":0.5,"y":0.5}
},
{
	"filename": "redridinghood_0",
	"frame": {"x":1506,"y":424,"w":95,"h":134},
	"rotated": false,
	"trimmed": false,
	"spriteSourceSize": {"x":0,"y":0,"w":95,"h":134},
	"sourceSize": {"w":95,"h":134},
	"pivot": {"x":0.5,"y":0.5}
},
{
	"filename": "redridinghood_1",
	"frame": {"x":1455,"y":1062,"w":95,"h":134},
	"rotated": false,
	"trimmed": false,
	"spriteSourceSize": {"x":0,"y":0,"w":95,"h":134},
	"sourceSize": {"w":95,"h":134},
	"pivot": {"x":0.5,"y":0.5}
},
{
	"filename": "rock",
	"frame": {"x":1476,"y":518,"w":25,"h":22},
	"rotated": false,
	"trimmed": false,
	"spriteSourceSize": {"x":0,"y":0,"w":25,"h":22},
	"sourceSize": {"w":25,"h":22},
	"pivot": {"x":0.5,"y":0.5}
},
{
	"filename": "shots_left",
	"frame": {"x":1314,"y":1113,"w":98,"h":100},
	"rotated": false,
	"trimmed": false,
	"spriteSourceSize": {"x":0,"y":0,"w":98,"h":100},
	"sourceSize": {"w":98,"h":100},
	"pivot": {"x":0.5,"y":0.5}
},
{
	"filename": "social_frame",
	"frame": {"x":1452,"y":1198,"w":94,"h":95},
	"rotated": false,
	"trimmed": false,
	"spriteSourceSize": {"x":0,"y":0,"w":94,"h":95},
	"sourceSize": {"w":94,"h":95},
	"pivot": {"x":0.5,"y":0.5}
},
{
	"filename": "star",
	"frame": {"x":1575,"y":1380,"w":33,"h":32},
	"rotated": false,
	"trimmed": false,
	"spriteSourceSize": {"x":0,"y":0,"w":33,"h":32},
	"sourceSize": {"w":33,"h":32},
	"pivot": {"x":0.5,"y":0.5}
},
{
	"filename": "stone",
	"frame": {"x":1327,"y":142,"w":189,"h":187},
	"rotated": false,
	"trimmed": false,
	"spriteSourceSize": {"x":0,"y":0,"w":189,"h":187},
	"sourceSize": {"w":189,"h":187},
	"pivot": {"x":0.5,"y":0.5}
},
{
	"filename": "stone_platform",
	"frame": {"x":1327,"y":518,"w":147,"h":204},
	"rotated": false,
	"trimmed": false,
	"spriteSourceSize": {"x":0,"y":0,"w":147,"h":204},
	"sourceSize": {"w":147,"h":204},
	"pivot": {"x":0.5,"y":0.5}
},
{
	"filename": "top",
	"frame": {"x":1452,"y":1295,"w":67,"h":44},
	"rotated": false,
	"trimmed": false,
	"spriteSourceSize": {"x":0,"y":0,"w":67,"h":44},
	"sourceSize": {"w":67,"h":44},
	"pivot": {"x":0.5,"y":0.5}
},
{
	"filename": "wolf_0",
	"frame": {"x":1476,"y":560,"w":110,"h":133},
	"rotated": false,
	"trimmed": false,
	"spriteSourceSize": {"x":0,"y":0,"w":110,"h":133},
	"sourceSize": {"w":110,"h":133},
	"pivot": {"x":0.5,"y":0.5}
},
{
	"filename": "wolf_1",
	"frame": {"x":1476,"y":695,"w":110,"h":133},
	"rotated": false,
	"trimmed": false,
	"spriteSourceSize": {"x":0,"y":0,"w":110,"h":133},
	"sourceSize": {"w":110,"h":133},
	"pivot": {"x":0.5,"y":0.5}
},
{
	"filename": "wood",
	"frame": {"x":1150,"y":1616,"w":234,"h":31},
	"rotated": false,
	"trimmed": false,
	"spriteSourceSize": {"x":0,"y":0,"w":234,"h":31},
	"sourceSize": {"w":234,"h":31},
	"pivot": {"x":0.5,"y":0.5}
},
{
	"filename": "wrong",
	"frame": {"x":1575,"y":1448,"w":32,"h":32},
	"rotated": false,
	"trimmed": false,
	"spriteSourceSize": {"x":0,"y":0,"w":32,"h":32},
	"sourceSize": {"w":32,"h":32},
	"pivot": {"x":0.5,"y":0.5}
}],
"meta": {
	"app": "https://www.codeandweb.com/texturepacker",
	"version": "1.0",
	"image": "atlas.png",
	"format": "RGBA8888",
	"size": {"w":1612,"h":1805},
	"scale": "1",
	"smartupdate": "$TexturePacker:SmartUpdate:5baa78d519880db4e80c6f4ad95b91de:acfd1e7c6aa26e39203877166c798bf1:cbce6b53f0f49e0bf15173c25c41f876$"
}
}
