{"frames": [
{
	"filename": "EnemyFatty",
	"frame": {"x":905,"y":245,"w":106,"h":122},
	"rotated": false,
	"trimmed": true,
	"spriteSourceSize": {"x":0,"y":0,"w":106,"h":122},
	"sourceSize": {"w":109,"h":125},
	"anchor": {"w":0.48624,"h":0.84000}
},
{
	"filename": "EnemyGejmr",
	"frame": {"x":933,"y":1,"w":90,"h":107},
	"rotated": false,
	"trimmed": true,
	"spriteSourceSize": {"x":0,"y":0,"w":90,"h":107},
	"sourceSize": {"w":92,"h":110},
	"anchor": {"w":0.46739,"h":0.84545}
},
{
	"filename": "EnemyNikol",
	"frame": {"x":869,"y":479,"w":83,"h":98},
	"rotated": false,
	"trimmed": true,
	"spriteSourceSize": {"x":1,"y":0,"w":83,"h":98},
	"sourceSize": {"w":86,"h":101},
	"anchor": {"w":0.44186,"h":0.86139}
},
{
	"filename": "Hero",
	"frame": {"x":786,"y":412,"w":81,"h":106},
	"rotated": false,
	"trimmed": true,
	"spriteSourceSize": {"x":2,"y":1,"w":81,"h":106},
	"sourceSize": {"w":87,"h":111},
	"anchor": {"w":0.45977,"h":0.83784}
},
{
	"filename": "BgBlack",
	"frame": {"x":822,"y":199,"w":64,"h":8},
	"rotated": false,
	"trimmed": true,
	"spriteSourceSize": {"x":0,"y":0,"w":64,"h":8},
	"sourceSize": {"w":64,"h":8},
	"anchor": {"w":0.50000,"h":0.50000}
},
{
	"filename": "BgGradient",
	"frame": {"x":849,"y":520,"w":16,"h":64},
	"rotated": false,
	"trimmed": true,
	"spriteSourceSize": {"x":0,"y":0,"w":16,"h":64},
	"sourceSize": {"w":16,"h":64},
	"anchor": {"w":0.50000,"h":0.50000}
},
{
	"filename": "BgLowerRoom",
	"frame": {"x":1,"y":268,"w":640,"h":224},
	"rotated": false,
	"trimmed": true,
	"spriteSourceSize": {"x":0,"y":0,"w":640,"h":224},
	"sourceSize": {"w":640,"h":224},
	"anchor": {"w":0.50000,"h":0.46875}
},
{
	"filename": "BgUpperRoom",
	"frame": {"x":1,"y":1,"w":640,"h":265},
	"rotated": false,
	"trimmed": true,
	"spriteSourceSize": {"x":0,"y":0,"w":640,"h":265},
	"sourceSize": {"w":640,"h":266},
	"anchor": {"w":0.50000,"h":0.49248}
},
{
	"filename": "Bonus1",
	"frame": {"x":533,"y":530,"w":54,"h":49},
	"rotated": false,
	"trimmed": true,
	"spriteSourceSize": {"x":1,"y":1,"w":54,"h":49},
	"sourceSize": {"w":58,"h":53},
	"anchor": {"w":0.50000,"h":0.49057}
},
{
	"filename": "Bonus2",
	"frame": {"x":778,"y":530,"w":31,"h":78},
	"rotated": false,
	"trimmed": true,
	"spriteSourceSize": {"x":1,"y":1,"w":31,"h":78},
	"sourceSize": {"w":35,"h":82},
	"anchor": {"w":0.48571,"h":0.50000}
},
{
	"filename": "Bonus3",
	"frame": {"x":87,"y":530,"w":62,"h":67},
	"rotated": false,
	"trimmed": true,
	"spriteSourceSize": {"x":1,"y":1,"w":62,"h":67},
	"sourceSize": {"w":66,"h":69},
	"anchor": {"w":0.50000,"h":0.49275}
},
{
	"filename": "Deadly1",
	"frame": {"x":289,"y":530,"w":60,"h":58},
	"rotated": false,
	"trimmed": true,
	"spriteSourceSize": {"x":1,"y":1,"w":60,"h":58},
	"sourceSize": {"w":64,"h":62},
	"anchor": {"w":0.45313,"h":0.53226}
},
{
	"filename": "GreenGlow",
	"frame": {"x":905,"y":123,"w":108,"h":120},
	"rotated": false,
	"trimmed": true,
	"spriteSourceSize": {"x":12,"y":14,"w":108,"h":120},
	"sourceSize": {"w":131,"h":147},
	"anchor": {"w":0.49618,"h":0.49660}
},
{
	"filename": "ItemFatty",
	"frame": {"x":954,"y":479,"w":66,"h":66},
	"rotated": false,
	"trimmed": true,
	"spriteSourceSize": {"x":1,"y":1,"w":66,"h":66},
	"sourceSize": {"w":69,"h":69},
	"anchor": {"w":0.49275,"h":0.49275}
},
{
	"filename": "ItemFattyBroken1",
	"frame": {"x":589,"y":530,"w":65,"h":40},
	"rotated": false,
	"trimmed": true,
	"spriteSourceSize": {"x":2,"y":27,"w":65,"h":40},
	"sourceSize": {"w":69,"h":69},
	"anchor": {"w":0.49275,"h":0.49275}
},
{
	"filename": "ItemFattyBroken2",
	"frame": {"x":711,"y":530,"w":65,"h":39},
	"rotated": false,
	"trimmed": true,
	"spriteSourceSize": {"x":1,"y":1,"w":65,"h":39},
	"sourceSize": {"w":69,"h":69},
	"anchor": {"w":0.49275,"h":0.49275}
},
{
	"filename": "ItemGejmr",
	"frame": {"x":1,"y":530,"w":84,"h":70},
	"rotated": false,
	"trimmed": true,
	"spriteSourceSize": {"x":1,"y":1,"w":84,"h":70},
	"sourceSize": {"w":88,"h":74},
	"anchor": {"w":0.50000,"h":0.50000}
},
{
	"filename": "ItemNikol",
	"frame": {"x":351,"y":530,"w":58,"h":56},
	"rotated": false,
	"trimmed": true,
	"spriteSourceSize": {"x":1,"y":1,"w":58,"h":56},
	"sourceSize": {"w":61,"h":59},
	"anchor": {"w":0.49180,"h":0.49153}
},
{
	"filename": "ItemNikol2",
	"frame": {"x":710,"y":447,"w":74,"h":63},
	"rotated": false,
	"trimmed": true,
	"spriteSourceSize": {"x":1,"y":1,"w":74,"h":63},
	"sourceSize": {"w":78,"h":67},
	"anchor": {"w":0.50000,"h":0.49254}
},
{
	"filename": "RedGlow",
	"frame": {"x":822,"y":1,"w":109,"h":120},
	"rotated": false,
	"trimmed": true,
	"spriteSourceSize": {"x":11,"y":13,"w":109,"h":120},
	"sourceSize": {"w":131,"h":147},
	"anchor": {"w":0.49618,"h":0.49660}
},
{
	"filename": "EnemyGogoman",
	"frame": {"x":710,"y":313,"w":74,"h":132},
	"rotated": false,
	"trimmed": true,
	"spriteSourceSize": {"x":0,"y":0,"w":74,"h":132},
	"sourceSize": {"w":77,"h":135},
	"anchor": {"w":0.48052,"h":0.85185}
},
{
	"filename": "ItemSiska",
	"frame": {"x":822,"y":123,"w":66,"h":74},
	"rotated": false,
	"trimmed": true,
	"spriteSourceSize": {"x":0,"y":0,"w":66,"h":74},
	"sourceSize": {"w":66,"h":74},
	"anchor": {"w":0.46970,"h":0.54054}
},
{
	"filename": "ParticlePuff0",
	"frame": {"x":411,"y":530,"w":55,"h":55},
	"rotated": false,
	"trimmed": true,
	"spriteSourceSize": {"x":0,"y":0,"w":55,"h":55},
	"sourceSize": {"w":55,"h":55},
	"anchor": {"w":0.47273,"h":0.43636}
},
{
	"filename": "ParticlePuff1",
	"frame": {"x":971,"y":369,"w":51,"h":51},
	"rotated": false,
	"trimmed": true,
	"spriteSourceSize": {"x":2,"y":2,"w":51,"h":51},
	"sourceSize": {"w":55,"h":55},
	"anchor": {"w":0.50909,"h":0.47273}
},
{
	"filename": "ParticlePuff2",
	"frame": {"x":656,"y":530,"w":53,"h":49},
	"rotated": false,
	"trimmed": true,
	"spriteSourceSize": {"x":1,"y":3,"w":53,"h":49},
	"sourceSize": {"w":55,"h":55},
	"anchor": {"w":0.49091,"h":0.47273}
},
{
	"filename": "ParticlePuff3",
	"frame": {"x":971,"y":422,"w":43,"h":40},
	"rotated": false,
	"trimmed": true,
	"spriteSourceSize": {"x":6,"y":7,"w":43,"h":40},
	"sourceSize": {"w":55,"h":55},
	"anchor": {"w":0.52727,"h":0.45455}
},
{
	"filename": "ParticleScore10",
	"frame": {"x":206,"y":530,"w":81,"h":44},
	"rotated": false,
	"trimmed": true,
	"spriteSourceSize": {"x":2,"y":2,"w":81,"h":44},
	"sourceSize": {"w":85,"h":48},
	"anchor": {"w":0.43529,"h":0.52083}
},
{
	"filename": "ParticleScore5",
	"frame": {"x":468,"y":530,"w":63,"h":43},
	"rotated": false,
	"trimmed": true,
	"spriteSourceSize": {"x":2,"y":1,"w":63,"h":43},
	"sourceSize": {"w":66,"h":45},
	"anchor": {"w":0.50000,"h":0.46667}
},
{
	"filename": "TrailParticle",
	"frame": {"x":885,"y":313,"w":18,"h":18},
	"rotated": false,
	"trimmed": true,
	"spriteSourceSize": {"x":0,"y":0,"w":18,"h":18},
	"sourceSize": {"w":18,"h":18},
	"anchor": {"w":0.50000,"h":0.50000}
},
{
	"filename": "ruka",
	"frame": {"x":643,"y":1,"w":177,"h":223},
	"rotated": false,
	"trimmed": true,
	"spriteSourceSize": {"x":4,"y":1,"w":177,"h":223},
	"sourceSize": {"w":183,"h":224},
	"anchor": {"w":0.23497,"h":0.99107}
},
{
	"filename": "slice1",
	"frame": {"x":643,"y":313,"w":65,"h":170},
	"rotated": false,
	"trimmed": true,
	"spriteSourceSize": {"x":3,"y":1,"w":65,"h":170},
	"sourceSize": {"w":74,"h":176},
	"anchor": {"w":0.41892,"h":0.74432}
},
{
	"filename": "slice2",
	"frame": {"x":643,"y":226,"w":260,"h":85},
	"rotated": false,
	"trimmed": true,
	"spriteSourceSize": {"x":1,"y":2,"w":260,"h":85},
	"sourceSize": {"w":263,"h":92},
	"anchor": {"w":0.47909,"h":0.48913}
},
{
	"filename": "slice3",
	"frame": {"x":1,"y":520,"w":846,"h":8},
	"rotated": false,
	"trimmed": true,
	"spriteSourceSize": {"x":2,"y":0,"w":846,"h":8},
	"sourceSize": {"w":848,"h":8},
	"anchor": {"w":0.00708,"h":53.00000}
},
{
	"filename": "Arrow",
	"frame": {"x":643,"y":485,"w":42,"h":28},
	"rotated": false,
	"trimmed": true,
	"spriteSourceSize": {"x":0,"y":0,"w":42,"h":28},
	"sourceSize": {"w":42,"h":28},
	"anchor": {"w":-0.04762,"h":0.39286}
},
{
	"filename": "touch",
	"frame": {"x":786,"y":313,"w":97,"h":97},
	"rotated": false,
	"trimmed": true,
	"spriteSourceSize": {"x":0,"y":0,"w":97,"h":97},
	"sourceSize": {"w":97,"h":97},
	"anchor": {"w":0.49485,"h":0.49485}
},
{
	"filename": "Bonus4",
	"frame": {"x":151,"y":530,"w":53,"h":69},
	"rotated": false,
	"trimmed": true,
	"spriteSourceSize": {"x":0,"y":0,"w":53,"h":69},
	"sourceSize": {"w":53,"h":69},
	"anchor": {"w":0.49057,"h":0.49275}
},
{
	"filename": "HeroBurger",
	"frame": {"x":885,"y":369,"w":84,"h":108},
	"rotated": false,
	"trimmed": true,
	"spriteSourceSize": {"x":0,"y":0,"w":84,"h":108},
	"sourceSize": {"w":87,"h":111},
	"anchor": {"w":0.47126,"h":0.82883}
}
],
"meta": {
	"app": "Spritor"
}
}
