{
	"entity": [
		{
			"animation": [
				{
					"id": 0,
					"interval": 100,
					"length": 500,
					"looping": "false",
					"mainline": {
						"key": [
							{
								"bone_ref": [],
								"id": 0,
								"object_ref": [
									{
										"id": 0,
										"key": 0,
										"timeline": "0",
										"z_index": "0"
									}
								]
							},
							{
								"bone_ref": [],
								"id": 1,
								"object_ref": [
									{
										"id": 0,
										"key": 1,
										"timeline": "0",
										"z_index": "0"
									}
								],
								"time": 50
							},
							{
								"bone_ref": [],
								"id": 2,
								"object_ref": [
									{
										"id": 0,
										"key": 0,
										"timeline": "1",
										"z_index": "0"
									}
								],
								"time": 100
							},
							{
								"bone_ref": [],
								"id": 3,
								"object_ref": [
									{
										"id": 0,
										"key": 0,
										"timeline": "2",
										"z_index": "0"
									}
								],
								"time": 150
							},
							{
								"bone_ref": [],
								"id": 4,
								"object_ref": [
									{
										"id": 0,
										"key": 0,
										"timeline": "3",
										"z_index": "0"
									}
								],
								"time": 200
							},
							{
								"bone_ref": [],
								"id": 5,
								"object_ref": [
									{
										"id": 0,
										"key": 0,
										"timeline": "4",
										"z_index": "0"
									}
								],
								"time": 250
							},
							{
								"bone_ref": [],
								"id": 6,
								"object_ref": [
									{
										"id": 0,
										"key": 0,
										"timeline": "5",
										"z_index": "0"
									}
								],
								"time": 299
							},
							{
								"bone_ref": [],
								"id": 7,
								"object_ref": [
									{
										"id": 0,
										"key": 0,
										"timeline": "6",
										"z_index": "0"
									}
								],
								"time": 399
							},
							{
								"bone_ref": [],
								"id": 8,
								"object_ref": [
									{
										"id": 0,
										"key": 1,
										"timeline": "6",
										"z_index": "0"
									}
								],
								"time": 450
							},
							{
								"bone_ref": [],
								"id": 9,
								"object_ref": [
									{
										"id": 0,
										"key": 2,
										"timeline": "6",
										"z_index": "0"
									}
								],
								"time": 499
							}
						]
					},
					"name": "default",
					"timeline": [
						{
							"id": 0,
							"key": [
								{
									"id": 0,
									"object": {
										"a": 0,
										"angle": 0,
										"file": 0,
										"folder": 0,
										"x": 6,
										"y": 1
									},
									"spin": 0
								},
								{
									"id": 1,
									"object": {
										"angle": 0,
										"file": 0,
										"folder": 0,
										"x": 6,
										"y": 1
									},
									"spin": 0,
									"time": 50
								}
							],
							"name": "hiteffect_0_000"
						},
						{
							"id": 1,
							"key": [
								{
									"id": 0,
									"object": {
										"angle": 0,
										"file": 1,
										"folder": 0,
										"x": -2,
										"y": 1
									},
									"spin": 0,
									"time": 100
								}
							],
							"name": "hiteffect_1_000"
						},
						{
							"id": 2,
							"key": [
								{
									"id": 0,
									"object": {
										"angle": 0,
										"file": 3,
										"folder": 0,
										"x": 2,
										"y": 3
									},
									"spin": 0,
									"time": 150
								}
							],
							"name": "hiteffect_2"
						},
						{
							"id": 3,
							"key": [
								{
									"id": 0,
									"object": {
										"angle": 0,
										"file": 4,
										"folder": 0,
										"x": 3,
										"y": 2
									},
									"spin": 0,
									"time": 200
								}
							],
							"name": "hiteffect_3"
						},
						{
							"id": 4,
							"key": [
								{
									"id": 0,
									"object": {
										"angle": 0,
										"file": 5,
										"folder": 0,
										"x": 1,
										"y": -4
									},
									"spin": 0,
									"time": 250
								}
							],
							"name": "hiteffect_4"
						},
						{
							"id": 5,
							"key": [
								{
									"id": 0,
									"object": {
										"angle": 0,
										"file": 6,
										"folder": 0,
										"y": 3
									},
									"spin": 0,
									"time": 299
								}
							],
							"name": "hiteffect_5"
						},
						{
							"id": 6,
							"key": [
								{
									"id": 0,
									"object": {
										"angle": 0,
										"file": 2,
										"folder": 0,
										"x": 7,
										"y": 2
									},
									"spin": 0,
									"time": 399
								},
								{
									"id": 1,
									"object": {
										"a": 0.4,
										"angle": 0,
										"file": 2,
										"folder": 0,
										"scale_x": 1.110320284697509,
										"scale_y": 1.1177111320891753,
										"x": 7,
										"y": 2
									},
									"spin": 0,
									"time": 450
								},
								{
									"id": 2,
									"object": {
										"a": 0,
										"angle": 0,
										"file": 2,
										"folder": 0,
										"scale_x": 1.4448398576512453,
										"scale_y": 1.433447098976109,
										"x": 7,
										"y": 2
									},
									"spin": 0,
									"time": 499
								}
							],
							"name": "hiteffect_6"
						}
					]
				}
			],
			"character_map": [],
			"id": 0,
			"name": "hitFx",
			"obj_info": []
		}
	],
	"folder": [
		{
			"file": [
				{
					"height": 79,
					"id": 0,
					"name": "hiteffect_0.png",
					"pivot_x": 0.5,
					"pivot_y": 0.5,
					"width": 72
				},
				{
					"height": 139,
					"id": 1,
					"name": "hiteffect_1.png",
					"pivot_x": 0.4409448818897638,
					"pivot_y": 0.5035971223021583,
					"width": 127
				},
				{
					"height": 291,
					"id": 2,
					"name": "hiteffect_6.png",
					"pivot_x": 0.46153846153846156,
					"pivot_y": 0.5017182130584192,
					"width": 260
				},
				{
					"height": 174,
					"id": 3,
					"name": "hiteffect_2.png",
					"pivot_x": 0.4358974358974359,
					"pivot_y": 0.5,
					"width": 156
				},
				{
					"height": 203,
					"id": 4,
					"name": "hiteffect_3.png",
					"pivot_x": 0.4419889502762431,
					"pivot_y": 0.48768472906403937,
					"width": 181
				},
				{
					"height": 239,
					"id": 5,
					"name": "hiteffect_4.png",
					"pivot_x": 0.430622009569378,
					"pivot_y": 0.4769874476987448,
					"width": 209
				},
				{
					"height": 252,
					"id": 6,
					"name": "hiteffect_5.png",
					"pivot_x": 0.43243243243243246,
					"pivot_y": 0.4920634920634921,
					"width": 222
				}
			],
			"id": 0
		}
	],
	"generator": "BrashMonkey Spriter",
	"generator_version": "r11",
	"scon_version": "1.0"
}