{"frames":[{"filename":"shooterElbowL_00","frame":{"x":0,"y":968,"w":54,"h":44},"rotated":false,"trimmed":false,"spriteSourceSize":{"x":0,"y":0,"w":54,"h":44},"sourceSize":{"w":54,"h":44}},{"filename":"shooterElbowL_01","frame":{"x":55,"y":968,"w":54,"h":44},"rotated":false,"trimmed":false,"spriteSourceSize":{"x":0,"y":0,"w":54,"h":44},"sourceSize":{"w":54,"h":44}},{"filename":"shooterElbowL_02","frame":{"x":110,"y":968,"w":54,"h":44},"rotated":false,"trimmed":false,"spriteSourceSize":{"x":0,"y":0,"w":54,"h":44},"sourceSize":{"w":54,"h":44}},{"filename":"shooterElbowL_03","frame":{"x":165,"y":968,"w":54,"h":44},"rotated":false,"trimmed":false,"spriteSourceSize":{"x":0,"y":0,"w":54,"h":44},"sourceSize":{"w":54,"h":44}},{"filename":"shooterElbowL_04","frame":{"x":220,"y":968,"w":54,"h":44},"rotated":false,"trimmed":false,"spriteSourceSize":{"x":0,"y":0,"w":54,"h":44},"sourceSize":{"w":54,"h":44}},{"filename":"shooterElbowL_05","frame":{"x":275,"y":968,"w":54,"h":44},"rotated":false,"trimmed":false,"spriteSourceSize":{"x":0,"y":0,"w":54,"h":44},"sourceSize":{"w":54,"h":44}},{"filename":"shooterElbowL_06","frame":{"x":330,"y":968,"w":54,"h":44},"rotated":false,"trimmed":false,"spriteSourceSize":{"x":0,"y":0,"w":54,"h":44},"sourceSize":{"w":54,"h":44}},{"filename":"shooterElbowL_07","frame":{"x":385,"y":968,"w":54,"h":44},"rotated":false,"trimmed":false,"spriteSourceSize":{"x":0,"y":0,"w":54,"h":44},"sourceSize":{"w":54,"h":44}},{"filename":"shooterElbowL_08","frame":{"x":440,"y":968,"w":54,"h":44},"rotated":false,"trimmed":false,"spriteSourceSize":{"x":0,"y":0,"w":54,"h":44},"sourceSize":{"w":54,"h":44}},{"filename":"shooterElbowL_09","frame":{"x":495,"y":968,"w":54,"h":44},"rotated":false,"trimmed":false,"spriteSourceSize":{"x":0,"y":0,"w":54,"h":44},"sourceSize":{"w":54,"h":44}},{"filename":"shooterElbowL_10","frame":{"x":550,"y":968,"w":54,"h":44},"rotated":false,"trimmed":false,"spriteSourceSize":{"x":0,"y":0,"w":54,"h":44},"sourceSize":{"w":54,"h":44}},{"filename":"shooterElbowL_11","frame":{"x":605,"y":968,"w":54,"h":44},"rotated":false,"trimmed":false,"spriteSourceSize":{"x":0,"y":0,"w":54,"h":44},"sourceSize":{"w":54,"h":44}},{"filename":"shooterElbowL_12","frame":{"x":660,"y":968,"w":54,"h":44},"rotated":false,"trimmed":false,"spriteSourceSize":{"x":0,"y":0,"w":54,"h":44},"sourceSize":{"w":54,"h":44}},{"filename":"shooterElbowL_13","frame":{"x":715,"y":968,"w":54,"h":44},"rotated":false,"trimmed":false,"spriteSourceSize":{"x":0,"y":0,"w":54,"h":44},"sourceSize":{"w":54,"h":44}},{"filename":"shooterElbowL_14","frame":{"x":770,"y":968,"w":54,"h":44},"rotated":false,"trimmed":false,"spriteSourceSize":{"x":0,"y":0,"w":54,"h":44},"sourceSize":{"w":54,"h":44}},{"filename":"shooterElbowL_15","frame":{"x":825,"y":968,"w":54,"h":44},"rotated":false,"trimmed":false,"spriteSourceSize":{"x":0,"y":0,"w":54,"h":44},"sourceSize":{"w":54,"h":44}},{"filename":"shooterElbowR_00","frame":{"x":62,"y":909,"w":37,"h":55},"rotated":false,"trimmed":false,"spriteSourceSize":{"x":0,"y":0,"w":37,"h":55},"sourceSize":{"w":37,"h":55}},{"filename":"shooterElbowR_01","frame":{"x":100,"y":909,"w":37,"h":55},"rotated":false,"trimmed":false,"spriteSourceSize":{"x":0,"y":0,"w":37,"h":55},"sourceSize":{"w":37,"h":55}},{"filename":"shooterElbowR_02","frame":{"x":138,"y":909,"w":37,"h":55},"rotated":false,"trimmed":false,"spriteSourceSize":{"x":0,"y":0,"w":37,"h":55},"sourceSize":{"w":37,"h":55}},{"filename":"shooterElbowR_03","frame":{"x":176,"y":909,"w":37,"h":55},"rotated":false,"trimmed":false,"spriteSourceSize":{"x":0,"y":0,"w":37,"h":55},"sourceSize":{"w":37,"h":55}},{"filename":"shooterElbowR_04","frame":{"x":214,"y":909,"w":37,"h":55},"rotated":false,"trimmed":false,"spriteSourceSize":{"x":0,"y":0,"w":37,"h":55},"sourceSize":{"w":37,"h":55}},{"filename":"shooterElbowR_05","frame":{"x":252,"y":909,"w":37,"h":55},"rotated":false,"trimmed":false,"spriteSourceSize":{"x":0,"y":0,"w":37,"h":55},"sourceSize":{"w":37,"h":55}},{"filename":"shooterElbowR_06","frame":{"x":290,"y":909,"w":37,"h":55},"rotated":false,"trimmed":false,"spriteSourceSize":{"x":0,"y":0,"w":37,"h":55},"sourceSize":{"w":37,"h":55}},{"filename":"shooterElbowR_07","frame":{"x":328,"y":909,"w":37,"h":55},"rotated":false,"trimmed":false,"spriteSourceSize":{"x":0,"y":0,"w":37,"h":55},"sourceSize":{"w":37,"h":55}},{"filename":"shooterElbowR_08","frame":{"x":366,"y":909,"w":37,"h":55},"rotated":false,"trimmed":false,"spriteSourceSize":{"x":0,"y":0,"w":37,"h":55},"sourceSize":{"w":37,"h":55}},{"filename":"shooterElbowR_09","frame":{"x":404,"y":909,"w":37,"h":55},"rotated":false,"trimmed":false,"spriteSourceSize":{"x":0,"y":0,"w":37,"h":55},"sourceSize":{"w":37,"h":55}},{"filename":"shooterElbowR_10","frame":{"x":442,"y":909,"w":37,"h":55},"rotated":false,"trimmed":false,"spriteSourceSize":{"x":0,"y":0,"w":37,"h":55},"sourceSize":{"w":37,"h":55}},{"filename":"shooterElbowR_11","frame":{"x":480,"y":909,"w":37,"h":55},"rotated":false,"trimmed":false,"spriteSourceSize":{"x":0,"y":0,"w":37,"h":55},"sourceSize":{"w":37,"h":55}},{"filename":"shooterElbowR_12","frame":{"x":518,"y":909,"w":37,"h":55},"rotated":false,"trimmed":false,"spriteSourceSize":{"x":0,"y":0,"w":37,"h":55},"sourceSize":{"w":37,"h":55}},{"filename":"shooterElbowR_13","frame":{"x":556,"y":909,"w":37,"h":55},"rotated":false,"trimmed":false,"spriteSourceSize":{"x":0,"y":0,"w":37,"h":55},"sourceSize":{"w":37,"h":55}},{"filename":"shooterElbowR_14","frame":{"x":594,"y":909,"w":37,"h":55},"rotated":false,"trimmed":false,"spriteSourceSize":{"x":0,"y":0,"w":37,"h":55},"sourceSize":{"w":37,"h":55}},{"filename":"shooterElbowR_15","frame":{"x":632,"y":909,"w":37,"h":55},"rotated":false,"trimmed":false,"spriteSourceSize":{"x":0,"y":0,"w":37,"h":55},"sourceSize":{"w":37,"h":55}},{"filename":"shooterForarmL_00","frame":{"x":385,"y":345,"w":41,"h":49},"rotated":false,"trimmed":false,"spriteSourceSize":{"x":0,"y":0,"w":41,"h":49},"sourceSize":{"w":41,"h":49}},{"filename":"shooterForarmL_01","frame":{"x":385,"y":395,"w":41,"h":49},"rotated":false,"trimmed":false,"spriteSourceSize":{"x":0,"y":0,"w":41,"h":49},"sourceSize":{"w":41,"h":49}},{"filename":"shooterForarmL_02","frame":{"x":850,"y":580,"w":41,"h":49},"rotated":false,"trimmed":false,"spriteSourceSize":{"x":0,"y":0,"w":41,"h":49},"sourceSize":{"w":41,"h":49}},{"filename":"shooterForarmL_03","frame":{"x":850,"y":630,"w":41,"h":49},"rotated":false,"trimmed":false,"spriteSourceSize":{"x":0,"y":0,"w":41,"h":49},"sourceSize":{"w":41,"h":49}},{"filename":"shooterForarmL_04","frame":{"x":850,"y":680,"w":41,"h":49},"rotated":false,"trimmed":false,"spriteSourceSize":{"x":0,"y":0,"w":41,"h":49},"sourceSize":{"w":41,"h":49}},{"filename":"shooterForarmL_05","frame":{"x":850,"y":730,"w":41,"h":49},"rotated":false,"trimmed":false,"spriteSourceSize":{"x":0,"y":0,"w":41,"h":49},"sourceSize":{"w":41,"h":49}},{"filename":"shooterForarmL_06","frame":{"x":850,"y":780,"w":41,"h":49},"rotated":false,"trimmed":false,"spriteSourceSize":{"x":0,"y":0,"w":41,"h":49},"sourceSize":{"w":41,"h":49}},{"filename":"shooterForarmL_07","frame":{"x":850,"y":830,"w":41,"h":49},"rotated":false,"trimmed":false,"spriteSourceSize":{"x":0,"y":0,"w":41,"h":49},"sourceSize":{"w":41,"h":49}},{"filename":"shooterForarmL_08","frame":{"x":965,"y":0,"w":41,"h":49},"rotated":false,"trimmed":false,"spriteSourceSize":{"x":0,"y":0,"w":41,"h":49},"sourceSize":{"w":41,"h":49}},{"filename":"shooterForarmL_09","frame":{"x":965,"y":50,"w":41,"h":49},"rotated":false,"trimmed":false,"spriteSourceSize":{"x":0,"y":0,"w":41,"h":49},"sourceSize":{"w":41,"h":49}},{"filename":"shooterForarmL_10","frame":{"x":965,"y":100,"w":41,"h":49},"rotated":false,"trimmed":false,"spriteSourceSize":{"x":0,"y":0,"w":41,"h":49},"sourceSize":{"w":41,"h":49}},{"filename":"shooterForarmL_11","frame":{"x":965,"y":150,"w":41,"h":49},"rotated":false,"trimmed":false,"spriteSourceSize":{"x":0,"y":0,"w":41,"h":49},"sourceSize":{"w":41,"h":49}},{"filename":"shooterForarmL_12","frame":{"x":965,"y":200,"w":41,"h":49},"rotated":false,"trimmed":false,"spriteSourceSize":{"x":0,"y":0,"w":41,"h":49},"sourceSize":{"w":41,"h":49}},{"filename":"shooterForarmL_13","frame":{"x":965,"y":250,"w":41,"h":49},"rotated":false,"trimmed":false,"spriteSourceSize":{"x":0,"y":0,"w":41,"h":49},"sourceSize":{"w":41,"h":49}},{"filename":"shooterForarmL_14","frame":{"x":965,"y":300,"w":41,"h":49},"rotated":false,"trimmed":false,"spriteSourceSize":{"x":0,"y":0,"w":41,"h":49},"sourceSize":{"w":41,"h":49}},{"filename":"shooterForarmL_15","frame":{"x":965,"y":350,"w":41,"h":49},"rotated":false,"trimmed":false,"spriteSourceSize":{"x":0,"y":0,"w":41,"h":49},"sourceSize":{"w":41,"h":49}},{"filename":"shooterForarmR_00","frame":{"x":880,"y":968,"w":37,"h":41},"rotated":false,"trimmed":false,"spriteSourceSize":{"x":0,"y":0,"w":37,"h":41},"sourceSize":{"w":37,"h":41}},{"filename":"shooterForarmR_01","frame":{"x":918,"y":968,"w":37,"h":41},"rotated":false,"trimmed":false,"spriteSourceSize":{"x":0,"y":0,"w":37,"h":41},"sourceSize":{"w":37,"h":41}},{"filename":"shooterForarmR_02","frame":{"x":956,"y":968,"w":37,"h":41},"rotated":false,"trimmed":false,"spriteSourceSize":{"x":0,"y":0,"w":37,"h":41},"sourceSize":{"w":37,"h":41}},{"filename":"shooterForarmR_03","frame":{"x":965,"y":400,"w":37,"h":41},"rotated":false,"trimmed":false,"spriteSourceSize":{"x":0,"y":0,"w":37,"h":41},"sourceSize":{"w":37,"h":41}},{"filename":"shooterForarmR_04","frame":{"x":965,"y":442,"w":37,"h":41},"rotated":false,"trimmed":false,"spriteSourceSize":{"x":0,"y":0,"w":37,"h":41},"sourceSize":{"w":37,"h":41}},{"filename":"shooterForarmR_05","frame":{"x":965,"y":484,"w":37,"h":41},"rotated":false,"trimmed":false,"spriteSourceSize":{"x":0,"y":0,"w":37,"h":41},"sourceSize":{"w":37,"h":41}},{"filename":"shooterForarmR_06","frame":{"x":965,"y":526,"w":37,"h":41},"rotated":false,"trimmed":false,"spriteSourceSize":{"x":0,"y":0,"w":37,"h":41},"sourceSize":{"w":37,"h":41}},{"filename":"shooterForarmR_07","frame":{"x":965,"y":568,"w":37,"h":41},"rotated":false,"trimmed":false,"spriteSourceSize":{"x":0,"y":0,"w":37,"h":41},"sourceSize":{"w":37,"h":41}},{"filename":"shooterForarmR_08","frame":{"x":965,"y":610,"w":37,"h":41},"rotated":false,"trimmed":false,"spriteSourceSize":{"x":0,"y":0,"w":37,"h":41},"sourceSize":{"w":37,"h":41}},{"filename":"shooterForarmR_09","frame":{"x":965,"y":652,"w":37,"h":41},"rotated":false,"trimmed":false,"spriteSourceSize":{"x":0,"y":0,"w":37,"h":41},"sourceSize":{"w":37,"h":41}},{"filename":"shooterForarmR_10","frame":{"x":965,"y":694,"w":37,"h":41},"rotated":false,"trimmed":false,"spriteSourceSize":{"x":0,"y":0,"w":37,"h":41},"sourceSize":{"w":37,"h":41}},{"filename":"shooterForarmR_11","frame":{"x":965,"y":736,"w":37,"h":41},"rotated":false,"trimmed":false,"spriteSourceSize":{"x":0,"y":0,"w":37,"h":41},"sourceSize":{"w":37,"h":41}},{"filename":"shooterForarmR_12","frame":{"x":965,"y":778,"w":37,"h":41},"rotated":false,"trimmed":false,"spriteSourceSize":{"x":0,"y":0,"w":37,"h":41},"sourceSize":{"w":37,"h":41}},{"filename":"shooterForarmR_13","frame":{"x":965,"y":820,"w":37,"h":41},"rotated":false,"trimmed":false,"spriteSourceSize":{"x":0,"y":0,"w":37,"h":41},"sourceSize":{"w":37,"h":41}},{"filename":"shooterForarmR_14","frame":{"x":965,"y":862,"w":37,"h":41},"rotated":false,"trimmed":false,"spriteSourceSize":{"x":0,"y":0,"w":37,"h":41},"sourceSize":{"w":37,"h":41}},{"filename":"shooterForarmR_15","frame":{"x":965,"y":904,"w":37,"h":41},"rotated":false,"trimmed":false,"spriteSourceSize":{"x":0,"y":0,"w":37,"h":41},"sourceSize":{"w":37,"h":41}},{"filename":"shooterHandR_0","frame":{"x":955,"y":1013,"w":31,"h":33},"rotated":false,"trimmed":false,"spriteSourceSize":{"x":0,"y":0,"w":31,"h":33},"sourceSize":{"w":31,"h":33}},{"filename":"shooterHandR_1","frame":{"x":912,"y":1013,"w":42,"h":37},"rotated":false,"trimmed":false,"spriteSourceSize":{"x":0,"y":0,"w":42,"h":37},"sourceSize":{"w":42,"h":37}},{"filename":"shooterHead_00","frame":{"x":259,"y":126,"w":49,"h":65},"rotated":false,"trimmed":false,"spriteSourceSize":{"x":0,"y":0,"w":49,"h":65},"sourceSize":{"w":49,"h":65}},{"filename":"shooterHead_01","frame":{"x":315,"y":252,"w":49,"h":65},"rotated":false,"trimmed":false,"spriteSourceSize":{"x":0,"y":0,"w":49,"h":65},"sourceSize":{"w":49,"h":65}},{"filename":"shooterHead_02","frame":{"x":371,"y":252,"w":49,"h":65},"rotated":false,"trimmed":false,"spriteSourceSize":{"x":0,"y":0,"w":49,"h":65},"sourceSize":{"w":49,"h":65}},{"filename":"shooterHead_03","frame":{"x":690,"y":710,"w":49,"h":65},"rotated":false,"trimmed":false,"spriteSourceSize":{"x":0,"y":0,"w":49,"h":65},"sourceSize":{"w":49,"h":65}},{"filename":"shooterHead_04","frame":{"x":770,"y":213,"w":49,"h":65},"rotated":false,"trimmed":false,"spriteSourceSize":{"x":0,"y":0,"w":49,"h":65},"sourceSize":{"w":49,"h":65}},{"filename":"shooterHead_05","frame":{"x":770,"y":279,"w":49,"h":65},"rotated":false,"trimmed":false,"spriteSourceSize":{"x":0,"y":0,"w":49,"h":65},"sourceSize":{"w":49,"h":65}},{"filename":"shooterHead_06","frame":{"x":770,"y":345,"w":49,"h":65},"rotated":false,"trimmed":false,"spriteSourceSize":{"x":0,"y":0,"w":49,"h":65},"sourceSize":{"w":49,"h":65}},{"filename":"shooterHead_07","frame":{"x":770,"y":411,"w":49,"h":65},"rotated":false,"trimmed":false,"spriteSourceSize":{"x":0,"y":0,"w":49,"h":65},"sourceSize":{"w":49,"h":65}},{"filename":"shooterHead_08","frame":{"x":770,"y":477,"w":49,"h":65},"rotated":false,"trimmed":false,"spriteSourceSize":{"x":0,"y":0,"w":49,"h":65},"sourceSize":{"w":49,"h":65}},{"filename":"shooterHead_09","frame":{"x":770,"y":543,"w":49,"h":65},"rotated":false,"trimmed":false,"spriteSourceSize":{"x":0,"y":0,"w":49,"h":65},"sourceSize":{"w":49,"h":65}},{"filename":"shooterHead_10","frame":{"x":770,"y":609,"w":49,"h":65},"rotated":false,"trimmed":false,"spriteSourceSize":{"x":0,"y":0,"w":49,"h":65},"sourceSize":{"w":49,"h":65}},{"filename":"shooterHead_11","frame":{"x":770,"y":675,"w":49,"h":65},"rotated":false,"trimmed":false,"spriteSourceSize":{"x":0,"y":0,"w":49,"h":65},"sourceSize":{"w":49,"h":65}},{"filename":"shooterHead_12","frame":{"x":0,"y":780,"w":49,"h":65},"rotated":false,"trimmed":false,"spriteSourceSize":{"x":0,"y":0,"w":49,"h":65},"sourceSize":{"w":49,"h":65}},{"filename":"shooterHead_13","frame":{"x":50,"y":780,"w":49,"h":65},"rotated":false,"trimmed":false,"spriteSourceSize":{"x":0,"y":0,"w":49,"h":65},"sourceSize":{"w":49,"h":65}},{"filename":"shooterHead_14","frame":{"x":100,"y":780,"w":49,"h":65},"rotated":false,"trimmed":false,"spriteSourceSize":{"x":0,"y":0,"w":49,"h":65},"sourceSize":{"w":49,"h":65}},{"filename":"shooterHead_15","frame":{"x":150,"y":780,"w":49,"h":65},"rotated":false,"trimmed":false,"spriteSourceSize":{"x":0,"y":0,"w":49,"h":65},"sourceSize":{"w":49,"h":65}},{"filename":"shooterPelvice_00","frame":{"x":573,"y":681,"w":79,"h":70},"rotated":false,"trimmed":false,"spriteSourceSize":{"x":0,"y":0,"w":79,"h":70},"sourceSize":{"w":79,"h":70}},{"filename":"shooterPelvice_01","frame":{"x":464,"y":582,"w":79,"h":70},"rotated":false,"trimmed":false,"spriteSourceSize":{"x":0,"y":0,"w":79,"h":70},"sourceSize":{"w":79,"h":70}},{"filename":"shooterPelvice_02","frame":{"x":574,"y":594,"w":79,"h":70},"rotated":false,"trimmed":false,"spriteSourceSize":{"x":0,"y":0,"w":79,"h":70},"sourceSize":{"w":79,"h":70}},{"filename":"shooterPelvice_03","frame":{"x":690,"y":0,"w":79,"h":70},"rotated":false,"trimmed":false,"spriteSourceSize":{"x":0,"y":0,"w":79,"h":70},"sourceSize":{"w":79,"h":70}},{"filename":"shooterPelvice_04","frame":{"x":690,"y":71,"w":79,"h":70},"rotated":false,"trimmed":false,"spriteSourceSize":{"x":0,"y":0,"w":79,"h":70},"sourceSize":{"w":79,"h":70}},{"filename":"shooterPelvice_05","frame":{"x":690,"y":142,"w":79,"h":70},"rotated":false,"trimmed":false,"spriteSourceSize":{"x":0,"y":0,"w":79,"h":70},"sourceSize":{"w":79,"h":70}},{"filename":"shooterPelvice_06","frame":{"x":690,"y":213,"w":79,"h":70},"rotated":false,"trimmed":false,"spriteSourceSize":{"x":0,"y":0,"w":79,"h":70},"sourceSize":{"w":79,"h":70}},{"filename":"shooterPelvice_07","frame":{"x":690,"y":284,"w":79,"h":70},"rotated":false,"trimmed":false,"spriteSourceSize":{"x":0,"y":0,"w":79,"h":70},"sourceSize":{"w":79,"h":70}},{"filename":"shooterPelvice_08","frame":{"x":690,"y":355,"w":79,"h":70},"rotated":false,"trimmed":false,"spriteSourceSize":{"x":0,"y":0,"w":79,"h":70},"sourceSize":{"w":79,"h":70}},{"filename":"shooterPelvice_09","frame":{"x":690,"y":426,"w":79,"h":70},"rotated":false,"trimmed":false,"spriteSourceSize":{"x":0,"y":0,"w":79,"h":70},"sourceSize":{"w":79,"h":70}},{"filename":"shooterPelvice_10","frame":{"x":690,"y":497,"w":79,"h":70},"rotated":false,"trimmed":false,"spriteSourceSize":{"x":0,"y":0,"w":79,"h":70},"sourceSize":{"w":79,"h":70}},{"filename":"shooterPelvice_11","frame":{"x":690,"y":568,"w":79,"h":70},"rotated":false,"trimmed":false,"spriteSourceSize":{"x":0,"y":0,"w":79,"h":70},"sourceSize":{"w":79,"h":70}},{"filename":"shooterPelvice_12","frame":{"x":690,"y":639,"w":79,"h":70},"rotated":false,"trimmed":false,"spriteSourceSize":{"x":0,"y":0,"w":79,"h":70},"sourceSize":{"w":79,"h":70}},{"filename":"shooterPelvice_13","frame":{"x":770,"y":0,"w":79,"h":70},"rotated":false,"trimmed":false,"spriteSourceSize":{"x":0,"y":0,"w":79,"h":70},"sourceSize":{"w":79,"h":70}},{"filename":"shooterPelvice_14","frame":{"x":770,"y":71,"w":79,"h":70},"rotated":false,"trimmed":false,"spriteSourceSize":{"x":0,"y":0,"w":79,"h":70},"sourceSize":{"w":79,"h":70}},{"filename":"shooterPelvice_15","frame":{"x":770,"y":142,"w":79,"h":70},"rotated":false,"trimmed":false,"spriteSourceSize":{"x":0,"y":0,"w":79,"h":70},"sourceSize":{"w":79,"h":70}},{"filename":"shooterShinL_00","frame":{"x":427,"y":0,"w":48,"h":110},"rotated":false,"trimmed":false,"spriteSourceSize":{"x":0,"y":0,"w":48,"h":110},"sourceSize":{"w":48,"h":110}},{"filename":"shooterShinL_01","frame":{"x":427,"y":111,"w":48,"h":110},"rotated":false,"trimmed":false,"spriteSourceSize":{"x":0,"y":0,"w":48,"h":110},"sourceSize":{"w":48,"h":110}},{"filename":"shooterShinL_02","frame":{"x":427,"y":222,"w":48,"h":110},"rotated":false,"trimmed":false,"spriteSourceSize":{"x":0,"y":0,"w":48,"h":110},"sourceSize":{"w":48,"h":110}},{"filename":"shooterShinL_03","frame":{"x":427,"y":333,"w":48,"h":110},"rotated":false,"trimmed":false,"spriteSourceSize":{"x":0,"y":0,"w":48,"h":110},"sourceSize":{"w":48,"h":110}},{"filename":"shooterShinL_04","frame":{"x":476,"y":0,"w":48,"h":110},"rotated":false,"trimmed":false,"spriteSourceSize":{"x":0,"y":0,"w":48,"h":110},"sourceSize":{"w":48,"h":110}},{"filename":"shooterShinL_05","frame":{"x":476,"y":111,"w":48,"h":110},"rotated":false,"trimmed":false,"spriteSourceSize":{"x":0,"y":0,"w":48,"h":110},"sourceSize":{"w":48,"h":110}},{"filename":"shooterShinL_06","frame":{"x":476,"y":222,"w":48,"h":110},"rotated":false,"trimmed":false,"spriteSourceSize":{"x":0,"y":0,"w":48,"h":110},"sourceSize":{"w":48,"h":110}},{"filename":"shooterShinL_07","frame":{"x":476,"y":333,"w":48,"h":110},"rotated":false,"trimmed":false,"spriteSourceSize":{"x":0,"y":0,"w":48,"h":110},"sourceSize":{"w":48,"h":110}},{"filename":"shooterShinL_08","frame":{"x":525,"y":0,"w":48,"h":110},"rotated":false,"trimmed":false,"spriteSourceSize":{"x":0,"y":0,"w":48,"h":110},"sourceSize":{"w":48,"h":110}},{"filename":"shooterShinL_09","frame":{"x":525,"y":111,"w":48,"h":110},"rotated":false,"trimmed":false,"spriteSourceSize":{"x":0,"y":0,"w":48,"h":110},"sourceSize":{"w":48,"h":110}},{"filename":"shooterShinL_10","frame":{"x":336,"y":345,"w":48,"h":111},"rotated":false,"trimmed":false,"spriteSourceSize":{"x":0,"y":0,"w":48,"h":111},"sourceSize":{"w":48,"h":111}},{"filename":"shooterShinL_11","frame":{"x":525,"y":222,"w":48,"h":110},"rotated":false,"trimmed":false,"spriteSourceSize":{"x":0,"y":0,"w":48,"h":110},"sourceSize":{"w":48,"h":110}},{"filename":"shooterShinL_12","frame":{"x":525,"y":333,"w":48,"h":110},"rotated":false,"trimmed":false,"spriteSourceSize":{"x":0,"y":0,"w":48,"h":110},"sourceSize":{"w":48,"h":110}},{"filename":"shooterShinL_13","frame":{"x":0,"y":471,"w":48,"h":110},"rotated":false,"trimmed":false,"spriteSourceSize":{"x":0,"y":0,"w":48,"h":110},"sourceSize":{"w":48,"h":110}},{"filename":"shooterShinL_14","frame":{"x":49,"y":471,"w":48,"h":110},"rotated":false,"trimmed":false,"spriteSourceSize":{"x":0,"y":0,"w":48,"h":110},"sourceSize":{"w":48,"h":110}},{"filename":"shooterShinL_15","frame":{"x":98,"y":471,"w":48,"h":110},"rotated":false,"trimmed":false,"spriteSourceSize":{"x":0,"y":0,"w":48,"h":110},"sourceSize":{"w":48,"h":110}},{"filename":"shooterShinLRef","frame":{"x":850,"y":0,"w":52,"h":59},"rotated":false,"trimmed":false,"spriteSourceSize":{"x":0,"y":0,"w":52,"h":59},"sourceSize":{"w":52,"h":59}},{"filename":"shooterShinR_00","frame":{"x":259,"y":0,"w":55,"h":125},"rotated":false,"trimmed":false,"spriteSourceSize":{"x":0,"y":0,"w":55,"h":125},"sourceSize":{"w":55,"h":125}},{"filename":"shooterShinR_01","frame":{"x":0,"y":219,"w":55,"h":125},"rotated":false,"trimmed":false,"spriteSourceSize":{"x":0,"y":0,"w":55,"h":125},"sourceSize":{"w":55,"h":125}},{"filename":"shooterShinR_02","frame":{"x":56,"y":219,"w":55,"h":125},"rotated":false,"trimmed":false,"spriteSourceSize":{"x":0,"y":0,"w":55,"h":125},"sourceSize":{"w":55,"h":125}},{"filename":"shooterShinR_03","frame":{"x":112,"y":219,"w":55,"h":125},"rotated":false,"trimmed":false,"spriteSourceSize":{"x":0,"y":0,"w":55,"h":125},"sourceSize":{"w":55,"h":125}},{"filename":"shooterShinR_04","frame":{"x":168,"y":219,"w":55,"h":125},"rotated":false,"trimmed":false,"spriteSourceSize":{"x":0,"y":0,"w":55,"h":125},"sourceSize":{"w":55,"h":125}},{"filename":"shooterShinR_05","frame":{"x":224,"y":219,"w":55,"h":125},"rotated":false,"trimmed":false,"spriteSourceSize":{"x":0,"y":0,"w":55,"h":125},"sourceSize":{"w":55,"h":125}},{"filename":"shooterShinR_06","frame":{"x":315,"y":0,"w":55,"h":125},"rotated":false,"trimmed":false,"spriteSourceSize":{"x":0,"y":0,"w":55,"h":125},"sourceSize":{"w":55,"h":125}},{"filename":"shooterShinR_07","frame":{"x":315,"y":126,"w":55,"h":125},"rotated":false,"trimmed":false,"spriteSourceSize":{"x":0,"y":0,"w":55,"h":125},"sourceSize":{"w":55,"h":125}},{"filename":"shooterShinR_08","frame":{"x":371,"y":0,"w":55,"h":125},"rotated":false,"trimmed":false,"spriteSourceSize":{"x":0,"y":0,"w":55,"h":125},"sourceSize":{"w":55,"h":125}},{"filename":"shooterShinR_09","frame":{"x":371,"y":126,"w":55,"h":125},"rotated":false,"trimmed":false,"spriteSourceSize":{"x":0,"y":0,"w":55,"h":125},"sourceSize":{"w":55,"h":125}},{"filename":"shooterShinR_10","frame":{"x":0,"y":345,"w":55,"h":125},"rotated":false,"trimmed":false,"spriteSourceSize":{"x":0,"y":0,"w":55,"h":125},"sourceSize":{"w":55,"h":125}},{"filename":"shooterShinR_11","frame":{"x":56,"y":345,"w":55,"h":125},"rotated":false,"trimmed":false,"spriteSourceSize":{"x":0,"y":0,"w":55,"h":125},"sourceSize":{"w":55,"h":125}},{"filename":"shooterShinR_12","frame":{"x":112,"y":345,"w":55,"h":125},"rotated":false,"trimmed":false,"spriteSourceSize":{"x":0,"y":0,"w":55,"h":125},"sourceSize":{"w":55,"h":125}},{"filename":"shooterShinR_13","frame":{"x":168,"y":345,"w":55,"h":125},"rotated":false,"trimmed":false,"spriteSourceSize":{"x":0,"y":0,"w":55,"h":125},"sourceSize":{"w":55,"h":125}},{"filename":"shooterShinR_14","frame":{"x":224,"y":345,"w":55,"h":125},"rotated":false,"trimmed":false,"spriteSourceSize":{"x":0,"y":0,"w":55,"h":125},"sourceSize":{"w":55,"h":125}},{"filename":"shooterShinR_15","frame":{"x":280,"y":345,"w":55,"h":125},"rotated":false,"trimmed":false,"spriteSourceSize":{"x":0,"y":0,"w":55,"h":125},"sourceSize":{"w":55,"h":125}},{"filename":"shooterShinRRef","frame":{"x":495,"y":471,"w":54,"h":65},"rotated":false,"trimmed":false,"spriteSourceSize":{"x":0,"y":0,"w":54,"h":65},"sourceSize":{"w":54,"h":65}},{"filename":"shooterSholderL_00","frame":{"x":0,"y":1013,"w":56,"h":40},"rotated":false,"trimmed":false,"spriteSourceSize":{"x":0,"y":0,"w":56,"h":40},"sourceSize":{"w":56,"h":40}},{"filename":"shooterSholderL_01","frame":{"x":57,"y":1013,"w":56,"h":40},"rotated":false,"trimmed":false,"spriteSourceSize":{"x":0,"y":0,"w":56,"h":40},"sourceSize":{"w":56,"h":40}},{"filename":"shooterSholderL_02","frame":{"x":114,"y":1013,"w":56,"h":40},"rotated":false,"trimmed":false,"spriteSourceSize":{"x":0,"y":0,"w":56,"h":40},"sourceSize":{"w":56,"h":40}},{"filename":"shooterSholderL_03","frame":{"x":171,"y":1013,"w":56,"h":40},"rotated":false,"trimmed":false,"spriteSourceSize":{"x":0,"y":0,"w":56,"h":40},"sourceSize":{"w":56,"h":40}},{"filename":"shooterSholderL_04","frame":{"x":228,"y":1013,"w":56,"h":40},"rotated":false,"trimmed":false,"spriteSourceSize":{"x":0,"y":0,"w":56,"h":40},"sourceSize":{"w":56,"h":40}},{"filename":"shooterSholderL_05","frame":{"x":285,"y":1013,"w":56,"h":40},"rotated":false,"trimmed":false,"spriteSourceSize":{"x":0,"y":0,"w":56,"h":40},"sourceSize":{"w":56,"h":40}},{"filename":"shooterSholderL_06","frame":{"x":342,"y":1013,"w":56,"h":40},"rotated":false,"trimmed":false,"spriteSourceSize":{"x":0,"y":0,"w":56,"h":40},"sourceSize":{"w":56,"h":40}},{"filename":"shooterSholderL_07","frame":{"x":399,"y":1013,"w":56,"h":40},"rotated":false,"trimmed":false,"spriteSourceSize":{"x":0,"y":0,"w":56,"h":40},"sourceSize":{"w":56,"h":40}},{"filename":"shooterSholderL_08","frame":{"x":456,"y":1013,"w":56,"h":40},"rotated":false,"trimmed":false,"spriteSourceSize":{"x":0,"y":0,"w":56,"h":40},"sourceSize":{"w":56,"h":40}},{"filename":"shooterSholderL_09","frame":{"x":513,"y":1013,"w":56,"h":40},"rotated":false,"trimmed":false,"spriteSourceSize":{"x":0,"y":0,"w":56,"h":40},"sourceSize":{"w":56,"h":40}},{"filename":"shooterSholderL_10","frame":{"x":570,"y":1013,"w":56,"h":40},"rotated":false,"trimmed":false,"spriteSourceSize":{"x":0,"y":0,"w":56,"h":40},"sourceSize":{"w":56,"h":40}},{"filename":"shooterSholderL_11","frame":{"x":627,"y":1013,"w":56,"h":40},"rotated":false,"trimmed":false,"spriteSourceSize":{"x":0,"y":0,"w":56,"h":40},"sourceSize":{"w":56,"h":40}},{"filename":"shooterSholderL_12","frame":{"x":684,"y":1013,"w":56,"h":40},"rotated":false,"trimmed":false,"spriteSourceSize":{"x":0,"y":0,"w":56,"h":40},"sourceSize":{"w":56,"h":40}},{"filename":"shooterSholderL_13","frame":{"x":741,"y":1013,"w":56,"h":40},"rotated":false,"trimmed":false,"spriteSourceSize":{"x":0,"y":0,"w":56,"h":40},"sourceSize":{"w":56,"h":40}},{"filename":"shooterSholderL_14","frame":{"x":798,"y":1013,"w":56,"h":40},"rotated":false,"trimmed":false,"spriteSourceSize":{"x":0,"y":0,"w":56,"h":40},"sourceSize":{"w":56,"h":40}},{"filename":"shooterSholderL_15","frame":{"x":855,"y":1013,"w":56,"h":40},"rotated":false,"trimmed":false,"spriteSourceSize":{"x":0,"y":0,"w":56,"h":40},"sourceSize":{"w":56,"h":40}},{"filename":"shooterSholderR_00","frame":{"x":670,"y":909,"w":42,"h":51},"rotated":false,"trimmed":false,"spriteSourceSize":{"x":0,"y":0,"w":42,"h":51},"sourceSize":{"w":42,"h":51}},{"filename":"shooterSholderR_01","frame":{"x":713,"y":909,"w":42,"h":51},"rotated":false,"trimmed":false,"spriteSourceSize":{"x":0,"y":0,"w":42,"h":51},"sourceSize":{"w":42,"h":51}},{"filename":"shooterSholderR_02","frame":{"x":756,"y":909,"w":42,"h":51},"rotated":false,"trimmed":false,"spriteSourceSize":{"x":0,"y":0,"w":42,"h":51},"sourceSize":{"w":42,"h":51}},{"filename":"shooterSholderR_03","frame":{"x":799,"y":909,"w":42,"h":51},"rotated":false,"trimmed":false,"spriteSourceSize":{"x":0,"y":0,"w":42,"h":51},"sourceSize":{"w":42,"h":51}},{"filename":"shooterSholderR_04","frame":{"x":842,"y":909,"w":42,"h":51},"rotated":false,"trimmed":false,"spriteSourceSize":{"x":0,"y":0,"w":42,"h":51},"sourceSize":{"w":42,"h":51}},{"filename":"shooterSholderR_05","frame":{"x":885,"y":909,"w":42,"h":51},"rotated":false,"trimmed":false,"spriteSourceSize":{"x":0,"y":0,"w":42,"h":51},"sourceSize":{"w":42,"h":51}},{"filename":"shooterSholderR_06","frame":{"x":850,"y":60,"w":42,"h":51},"rotated":false,"trimmed":false,"spriteSourceSize":{"x":0,"y":0,"w":42,"h":51},"sourceSize":{"w":42,"h":51}},{"filename":"shooterSholderR_07","frame":{"x":850,"y":112,"w":42,"h":51},"rotated":false,"trimmed":false,"spriteSourceSize":{"x":0,"y":0,"w":42,"h":51},"sourceSize":{"w":42,"h":51}},{"filename":"shooterSholderR_08","frame":{"x":850,"y":164,"w":42,"h":51},"rotated":false,"trimmed":false,"spriteSourceSize":{"x":0,"y":0,"w":42,"h":51},"sourceSize":{"w":42,"h":51}},{"filename":"shooterSholderR_09","frame":{"x":850,"y":216,"w":42,"h":51},"rotated":false,"trimmed":false,"spriteSourceSize":{"x":0,"y":0,"w":42,"h":51},"sourceSize":{"w":42,"h":51}},{"filename":"shooterSholderR_10","frame":{"x":850,"y":268,"w":42,"h":51},"rotated":false,"trimmed":false,"spriteSourceSize":{"x":0,"y":0,"w":42,"h":51},"sourceSize":{"w":42,"h":51}},{"filename":"shooterSholderR_11","frame":{"x":850,"y":320,"w":42,"h":51},"rotated":false,"trimmed":false,"spriteSourceSize":{"x":0,"y":0,"w":42,"h":51},"sourceSize":{"w":42,"h":51}},{"filename":"shooterSholderR_12","frame":{"x":850,"y":372,"w":42,"h":51},"rotated":false,"trimmed":false,"spriteSourceSize":{"x":0,"y":0,"w":42,"h":51},"sourceSize":{"w":42,"h":51}},{"filename":"shooterSholderR_13","frame":{"x":850,"y":424,"w":42,"h":51},"rotated":false,"trimmed":false,"spriteSourceSize":{"x":0,"y":0,"w":42,"h":51},"sourceSize":{"w":42,"h":51}},{"filename":"shooterSholderR_14","frame":{"x":850,"y":476,"w":42,"h":51},"rotated":false,"trimmed":false,"spriteSourceSize":{"x":0,"y":0,"w":42,"h":51},"sourceSize":{"w":42,"h":51}},{"filename":"shooterSholderR_15","frame":{"x":850,"y":528,"w":42,"h":51},"rotated":false,"trimmed":false,"spriteSourceSize":{"x":0,"y":0,"w":42,"h":51},"sourceSize":{"w":42,"h":51}},{"filename":"shooterStick","frame":{"x":0,"y":0,"w":258,"h":218},"rotated":false,"trimmed":false,"spriteSourceSize":{"x":0,"y":0,"w":258,"h":218},"sourceSize":{"w":258,"h":218}},{"filename":"shooterStickRef","frame":{"x":348,"y":681,"w":224,"h":97},"rotated":false,"trimmed":false,"spriteSourceSize":{"x":0,"y":0,"w":224,"h":97},"sourceSize":{"w":224,"h":97}},{"filename":"shooterThighL_00","frame":{"x":903,"y":0,"w":61,"h":58},"rotated":false,"trimmed":false,"spriteSourceSize":{"x":0,"y":0,"w":61,"h":58},"sourceSize":{"w":61,"h":58}},{"filename":"shooterThighL_01","frame":{"x":903,"y":59,"w":61,"h":58},"rotated":false,"trimmed":false,"spriteSourceSize":{"x":0,"y":0,"w":61,"h":58},"sourceSize":{"w":61,"h":58}},{"filename":"shooterThighL_02","frame":{"x":903,"y":118,"w":61,"h":58},"rotated":false,"trimmed":false,"spriteSourceSize":{"x":0,"y":0,"w":61,"h":58},"sourceSize":{"w":61,"h":58}},{"filename":"shooterThighL_03","frame":{"x":903,"y":177,"w":61,"h":58},"rotated":false,"trimmed":false,"spriteSourceSize":{"x":0,"y":0,"w":61,"h":58},"sourceSize":{"w":61,"h":58}},{"filename":"shooterThighL_04","frame":{"x":903,"y":236,"w":61,"h":58},"rotated":false,"trimmed":false,"spriteSourceSize":{"x":0,"y":0,"w":61,"h":58},"sourceSize":{"w":61,"h":58}},{"filename":"shooterThighL_05","frame":{"x":903,"y":295,"w":61,"h":58},"rotated":false,"trimmed":false,"spriteSourceSize":{"x":0,"y":0,"w":61,"h":58},"sourceSize":{"w":61,"h":58}},{"filename":"shooterThighL_06","frame":{"x":903,"y":354,"w":61,"h":58},"rotated":false,"trimmed":false,"spriteSourceSize":{"x":0,"y":0,"w":61,"h":58},"sourceSize":{"w":61,"h":58}},{"filename":"shooterThighL_07","frame":{"x":903,"y":413,"w":61,"h":58},"rotated":false,"trimmed":false,"spriteSourceSize":{"x":0,"y":0,"w":61,"h":58},"sourceSize":{"w":61,"h":58}},{"filename":"shooterThighL_08","frame":{"x":903,"y":472,"w":61,"h":58},"rotated":false,"trimmed":false,"spriteSourceSize":{"x":0,"y":0,"w":61,"h":58},"sourceSize":{"w":61,"h":58}},{"filename":"shooterThighL_09","frame":{"x":903,"y":531,"w":61,"h":58},"rotated":false,"trimmed":false,"spriteSourceSize":{"x":0,"y":0,"w":61,"h":58},"sourceSize":{"w":61,"h":58}},{"filename":"shooterThighL_10","frame":{"x":903,"y":590,"w":61,"h":58},"rotated":false,"trimmed":false,"spriteSourceSize":{"x":0,"y":0,"w":61,"h":58},"sourceSize":{"w":61,"h":58}},{"filename":"shooterThighL_11","frame":{"x":903,"y":649,"w":61,"h":58},"rotated":false,"trimmed":false,"spriteSourceSize":{"x":0,"y":0,"w":61,"h":58},"sourceSize":{"w":61,"h":58}},{"filename":"shooterThighL_12","frame":{"x":903,"y":708,"w":61,"h":58},"rotated":false,"trimmed":false,"spriteSourceSize":{"x":0,"y":0,"w":61,"h":58},"sourceSize":{"w":61,"h":58}},{"filename":"shooterThighL_13","frame":{"x":903,"y":767,"w":61,"h":58},"rotated":false,"trimmed":false,"spriteSourceSize":{"x":0,"y":0,"w":61,"h":58},"sourceSize":{"w":61,"h":58}},{"filename":"shooterThighL_14","frame":{"x":903,"y":826,"w":61,"h":58},"rotated":false,"trimmed":false,"spriteSourceSize":{"x":0,"y":0,"w":61,"h":58},"sourceSize":{"w":61,"h":58}},{"filename":"shooterThighL_15","frame":{"x":0,"y":909,"w":61,"h":58},"rotated":false,"trimmed":false,"spriteSourceSize":{"x":0,"y":0,"w":61,"h":58},"sourceSize":{"w":61,"h":58}},{"filename":"shooterThighR_00","frame":{"x":200,"y":780,"w":90,"h":62},"rotated":false,"trimmed":false,"spriteSourceSize":{"x":0,"y":0,"w":90,"h":62},"sourceSize":{"w":90,"h":62}},{"filename":"shooterThighR_01","frame":{"x":291,"y":780,"w":90,"h":62},"rotated":false,"trimmed":false,"spriteSourceSize":{"x":0,"y":0,"w":90,"h":62},"sourceSize":{"w":90,"h":62}},{"filename":"shooterThighR_02","frame":{"x":382,"y":780,"w":90,"h":62},"rotated":false,"trimmed":false,"spriteSourceSize":{"x":0,"y":0,"w":90,"h":62},"sourceSize":{"w":90,"h":62}},{"filename":"shooterThighR_03","frame":{"x":473,"y":780,"w":90,"h":62},"rotated":false,"trimmed":false,"spriteSourceSize":{"x":0,"y":0,"w":90,"h":62},"sourceSize":{"w":90,"h":62}},{"filename":"shooterThighR_04","frame":{"x":564,"y":780,"w":90,"h":62},"rotated":false,"trimmed":false,"spriteSourceSize":{"x":0,"y":0,"w":90,"h":62},"sourceSize":{"w":90,"h":62}},{"filename":"shooterThighR_05","frame":{"x":655,"y":780,"w":90,"h":62},"rotated":false,"trimmed":false,"spriteSourceSize":{"x":0,"y":0,"w":90,"h":62},"sourceSize":{"w":90,"h":62}},{"filename":"shooterThighR_06","frame":{"x":746,"y":780,"w":90,"h":62},"rotated":false,"trimmed":false,"spriteSourceSize":{"x":0,"y":0,"w":90,"h":62},"sourceSize":{"w":90,"h":62}},{"filename":"shooterThighR_07","frame":{"x":0,"y":846,"w":90,"h":62},"rotated":false,"trimmed":false,"spriteSourceSize":{"x":0,"y":0,"w":90,"h":62},"sourceSize":{"w":90,"h":62}},{"filename":"shooterThighR_08","frame":{"x":91,"y":846,"w":90,"h":62},"rotated":false,"trimmed":false,"spriteSourceSize":{"x":0,"y":0,"w":90,"h":62},"sourceSize":{"w":90,"h":62}},{"filename":"shooterThighR_09","frame":{"x":182,"y":846,"w":90,"h":62},"rotated":false,"trimmed":false,"spriteSourceSize":{"x":0,"y":0,"w":90,"h":62},"sourceSize":{"w":90,"h":62}},{"filename":"shooterThighR_10","frame":{"x":273,"y":846,"w":90,"h":62},"rotated":false,"trimmed":false,"spriteSourceSize":{"x":0,"y":0,"w":90,"h":62},"sourceSize":{"w":90,"h":62}},{"filename":"shooterThighR_11","frame":{"x":364,"y":846,"w":90,"h":62},"rotated":false,"trimmed":false,"spriteSourceSize":{"x":0,"y":0,"w":90,"h":62},"sourceSize":{"w":90,"h":62}},{"filename":"shooterThighR_12","frame":{"x":455,"y":846,"w":90,"h":62},"rotated":false,"trimmed":false,"spriteSourceSize":{"x":0,"y":0,"w":90,"h":62},"sourceSize":{"w":90,"h":62}},{"filename":"shooterThighR_13","frame":{"x":546,"y":846,"w":90,"h":62},"rotated":false,"trimmed":false,"spriteSourceSize":{"x":0,"y":0,"w":90,"h":62},"sourceSize":{"w":90,"h":62}},{"filename":"shooterThighR_14","frame":{"x":637,"y":846,"w":90,"h":62},"rotated":false,"trimmed":false,"spriteSourceSize":{"x":0,"y":0,"w":90,"h":62},"sourceSize":{"w":90,"h":62}},{"filename":"shooterThighR_15","frame":{"x":728,"y":846,"w":90,"h":62},"rotated":false,"trimmed":false,"spriteSourceSize":{"x":0,"y":0,"w":90,"h":62},"sourceSize":{"w":90,"h":62}},{"filename":"shooterTorso_00","frame":{"x":147,"y":471,"w":115,"h":98},"rotated":false,"trimmed":false,"spriteSourceSize":{"x":0,"y":0,"w":115,"h":98},"sourceSize":{"w":115,"h":98}},{"filename":"shooterTorso_01","frame":{"x":263,"y":471,"w":115,"h":98},"rotated":false,"trimmed":false,"spriteSourceSize":{"x":0,"y":0,"w":115,"h":98},"sourceSize":{"w":115,"h":98}},{"filename":"shooterTorso_02","frame":{"x":379,"y":471,"w":115,"h":98},"rotated":false,"trimmed":false,"spriteSourceSize":{"x":0,"y":0,"w":115,"h":98},"sourceSize":{"w":115,"h":98}},{"filename":"shooterTorso_03","frame":{"x":0,"y":582,"w":115,"h":98},"rotated":false,"trimmed":false,"spriteSourceSize":{"x":0,"y":0,"w":115,"h":98},"sourceSize":{"w":115,"h":98}},{"filename":"shooterTorso_04","frame":{"x":116,"y":582,"w":115,"h":98},"rotated":false,"trimmed":false,"spriteSourceSize":{"x":0,"y":0,"w":115,"h":98},"sourceSize":{"w":115,"h":98}},{"filename":"shooterTorso_05","frame":{"x":232,"y":582,"w":115,"h":98},"rotated":false,"trimmed":false,"spriteSourceSize":{"x":0,"y":0,"w":115,"h":98},"sourceSize":{"w":115,"h":98}},{"filename":"shooterTorso_06","frame":{"x":348,"y":582,"w":115,"h":98},"rotated":false,"trimmed":false,"spriteSourceSize":{"x":0,"y":0,"w":115,"h":98},"sourceSize":{"w":115,"h":98}},{"filename":"shooterTorso_07","frame":{"x":574,"y":0,"w":115,"h":98},"rotated":false,"trimmed":false,"spriteSourceSize":{"x":0,"y":0,"w":115,"h":98},"sourceSize":{"w":115,"h":98}},{"filename":"shooterTorso_08","frame":{"x":574,"y":99,"w":115,"h":98},"rotated":false,"trimmed":false,"spriteSourceSize":{"x":0,"y":0,"w":115,"h":98},"sourceSize":{"w":115,"h":98}},{"filename":"shooterTorso_09","frame":{"x":574,"y":198,"w":115,"h":98},"rotated":false,"trimmed":false,"spriteSourceSize":{"x":0,"y":0,"w":115,"h":98},"sourceSize":{"w":115,"h":98}},{"filename":"shooterTorso_10","frame":{"x":574,"y":297,"w":115,"h":98},"rotated":false,"trimmed":false,"spriteSourceSize":{"x":0,"y":0,"w":115,"h":98},"sourceSize":{"w":115,"h":98}},{"filename":"shooterTorso_11","frame":{"x":574,"y":396,"w":115,"h":98},"rotated":false,"trimmed":false,"spriteSourceSize":{"x":0,"y":0,"w":115,"h":98},"sourceSize":{"w":115,"h":98}},{"filename":"shooterTorso_12","frame":{"x":574,"y":495,"w":115,"h":98},"rotated":false,"trimmed":false,"spriteSourceSize":{"x":0,"y":0,"w":115,"h":98},"sourceSize":{"w":115,"h":98}},{"filename":"shooterTorso_13","frame":{"x":0,"y":681,"w":115,"h":98},"rotated":false,"trimmed":false,"spriteSourceSize":{"x":0,"y":0,"w":115,"h":98},"sourceSize":{"w":115,"h":98}},{"filename":"shooterTorso_15","frame":{"x":116,"y":681,"w":115,"h":98},"rotated":false,"trimmed":false,"spriteSourceSize":{"x":0,"y":0,"w":115,"h":98},"sourceSize":{"w":115,"h":98}},{"filename":"shooterTorso_14","frame":{"x":232,"y":681,"w":115,"h":98},"rotated":false,"trimmed":false,"spriteSourceSize":{"x":0,"y":0,"w":115,"h":98},"sourceSize":{"w":115,"h":98}}],"meta":{"app":"https://www.leshylabs.com/apps/sstool/","version":"Leshy SpriteSheet Tool v0.8.4","image":"spritesheet.png","size":{"w":1006,"h":1053},"scale":1}}