{"frames":[{"filename":"background","frame":{"x":0,"y":0,"w":726,"h":1138},"rotated":false,"trimmed":false,"spriteSourceSize":{"x":0,"y":0,"w":726,"h":1138},"sourceSize":{"w":726,"h":1138}},{"filename":"barFirePuckEBar","frame":{"x":987,"y":1684,"w":43,"h":28},"rotated":false,"trimmed":false,"spriteSourceSize":{"x":0,"y":0,"w":43,"h":28},"sourceSize":{"w":43,"h":28}},{"filename":"barFirePuckFBar","frame":{"x":1031,"y":1684,"w":43,"h":28},"rotated":false,"trimmed":false,"spriteSourceSize":{"x":0,"y":0,"w":43,"h":28},"sourceSize":{"w":43,"h":28}},{"filename":"barFirePuckIcon","frame":{"x":1370,"y":1162,"w":88,"h":77},"rotated":false,"trimmed":false,"spriteSourceSize":{"x":0,"y":0,"w":88,"h":77},"sourceSize":{"w":88,"h":77}},{"filename":"barPowerE","frame":{"x":1328,"y":810,"w":20,"h":518},"rotated":false,"trimmed":false,"spriteSourceSize":{"x":0,"y":0,"w":20,"h":518},"sourceSize":{"w":20,"h":518}},{"filename":"barPowerF","frame":{"x":1349,"y":810,"w":20,"h":518},"rotated":false,"trimmed":false,"spriteSourceSize":{"x":0,"y":0,"w":20,"h":518},"sourceSize":{"w":20,"h":518}},{"filename":"barPucks","frame":{"x":1328,"y":446,"w":229,"h":58},"rotated":false,"trimmed":false,"spriteSourceSize":{"x":0,"y":0,"w":229,"h":58},"sourceSize":{"w":229,"h":58}},{"filename":"barrierLogoSkoda","frame":{"x":1019,"y":1725,"w":127,"h":22},"rotated":false,"trimmed":false,"spriteSourceSize":{"x":0,"y":0,"w":127,"h":22},"sourceSize":{"w":127,"h":22}},{"filename":"barScore","frame":{"x":727,"y":1684,"w":189,"h":39},"rotated":false,"trimmed":false,"spriteSourceSize":{"x":0,"y":0,"w":189,"h":39},"sourceSize":{"w":189,"h":39}},{"filename":"btnFlag0","frame":{"x":1328,"y":1400,"w":97,"h":97},"rotated":false,"trimmed":false,"spriteSourceSize":{"x":0,"y":0,"w":97,"h":97},"sourceSize":{"w":97,"h":97}},{"filename":"btnFlag1","frame":{"x":1328,"y":707,"w":102,"h":102},"rotated":false,"trimmed":false,"spriteSourceSize":{"x":0,"y":0,"w":102,"h":102},"sourceSize":{"w":102,"h":102}},{"filename":"btnOk0","frame":{"x":1072,"y":949,"w":186,"h":81},"rotated":false,"trimmed":false,"spriteSourceSize":{"x":0,"y":0,"w":186,"h":81},"sourceSize":{"w":186,"h":81}},{"filename":"btnOk1","frame":{"x":1328,"y":364,"w":186,"h":81},"rotated":false,"trimmed":false,"spriteSourceSize":{"x":0,"y":0,"w":186,"h":81},"sourceSize":{"w":186,"h":81}},{"filename":"btnOk2","frame":{"x":1072,"y":1040,"w":186,"h":81},"rotated":false,"trimmed":false,"spriteSourceSize":{"x":0,"y":0,"w":186,"h":81},"sourceSize":{"w":186,"h":81}},{"filename":"firePuck","frame":{"x":1259,"y":949,"w":41,"h":40},"rotated":false,"trimmed":false,"spriteSourceSize":{"x":0,"y":0,"w":41,"h":40},"sourceSize":{"w":41,"h":40}},{"filename":"firePuckTail","frame":{"x":1328,"y":505,"w":66,"h":201},"rotated":false,"trimmed":false,"spriteSourceSize":{"x":0,"y":0,"w":66,"h":201},"sourceSize":{"w":66,"h":201}},{"filename":"flag0","frame":{"x":1426,"y":1400,"w":87,"h":87},"rotated":false,"trimmed":false,"spriteSourceSize":{"x":0,"y":0,"w":87,"h":87},"sourceSize":{"w":87,"h":87}},{"filename":"flag1","frame":{"x":1370,"y":1074,"w":87,"h":87},"rotated":false,"trimmed":false,"spriteSourceSize":{"x":0,"y":0,"w":87,"h":87},"sourceSize":{"w":87,"h":87}},{"filename":"flag10","frame":{"x":1328,"y":1586,"w":87,"h":87},"rotated":false,"trimmed":false,"spriteSourceSize":{"x":0,"y":0,"w":87,"h":87},"sourceSize":{"w":87,"h":87}},{"filename":"flag11","frame":{"x":1370,"y":898,"w":87,"h":87},"rotated":false,"trimmed":false,"spriteSourceSize":{"x":0,"y":0,"w":87,"h":87},"sourceSize":{"w":87,"h":87}},{"filename":"flag12","frame":{"x":1504,"y":1674,"w":87,"h":87},"rotated":false,"trimmed":false,"spriteSourceSize":{"x":0,"y":0,"w":87,"h":87},"sourceSize":{"w":87,"h":87}},{"filename":"flag13","frame":{"x":1416,"y":1586,"w":87,"h":87},"rotated":false,"trimmed":false,"spriteSourceSize":{"x":0,"y":0,"w":87,"h":87},"sourceSize":{"w":87,"h":87}},{"filename":"flag14","frame":{"x":1416,"y":1498,"w":87,"h":87},"rotated":false,"trimmed":false,"spriteSourceSize":{"x":0,"y":0,"w":87,"h":87},"sourceSize":{"w":87,"h":87}},{"filename":"flag15","frame":{"x":1504,"y":1586,"w":87,"h":87},"rotated":false,"trimmed":false,"spriteSourceSize":{"x":0,"y":0,"w":87,"h":87},"sourceSize":{"w":87,"h":87}},{"filename":"flag2","frame":{"x":1370,"y":810,"w":87,"h":87},"rotated":false,"trimmed":false,"spriteSourceSize":{"x":0,"y":0,"w":87,"h":87},"sourceSize":{"w":87,"h":87}},{"filename":"flag3","frame":{"x":1514,"y":1400,"w":87,"h":87},"rotated":false,"trimmed":false,"spriteSourceSize":{"x":0,"y":0,"w":87,"h":87},"sourceSize":{"w":87,"h":87}},{"filename":"flag4","frame":{"x":1370,"y":986,"w":87,"h":87},"rotated":false,"trimmed":false,"spriteSourceSize":{"x":0,"y":0,"w":87,"h":87},"sourceSize":{"w":87,"h":87}},{"filename":"flag5","frame":{"x":1196,"y":801,"w":87,"h":87},"rotated":false,"trimmed":false,"spriteSourceSize":{"x":0,"y":0,"w":87,"h":87},"sourceSize":{"w":87,"h":87}},{"filename":"flag6","frame":{"x":1328,"y":1674,"w":87,"h":87},"rotated":false,"trimmed":false,"spriteSourceSize":{"x":0,"y":0,"w":87,"h":87},"sourceSize":{"w":87,"h":87}},{"filename":"flag7","frame":{"x":1328,"y":1498,"w":87,"h":87},"rotated":false,"trimmed":false,"spriteSourceSize":{"x":0,"y":0,"w":87,"h":87},"sourceSize":{"w":87,"h":87}},{"filename":"flag8","frame":{"x":1416,"y":1674,"w":87,"h":87},"rotated":false,"trimmed":false,"spriteSourceSize":{"x":0,"y":0,"w":87,"h":87},"sourceSize":{"w":87,"h":87}},{"filename":"flag9","frame":{"x":1504,"y":1498,"w":87,"h":87},"rotated":false,"trimmed":false,"spriteSourceSize":{"x":0,"y":0,"w":87,"h":87},"sourceSize":{"w":87,"h":87}},{"filename":"gameeWatermark","frame":{"x":1328,"y":0,"w":279,"h":73},"rotated":false,"trimmed":false,"spriteSourceSize":{"x":0,"y":0,"w":279,"h":73},"sourceSize":{"w":279,"h":73}},{"filename":"hiteffect_0","frame":{"x":1458,"y":1074,"w":72,"h":79},"rotated":false,"trimmed":false,"spriteSourceSize":{"x":0,"y":0,"w":72,"h":79},"sourceSize":{"w":72,"h":79}},{"filename":"hiteffect_1","frame":{"x":1328,"y":224,"w":127,"h":139},"rotated":false,"trimmed":false,"spriteSourceSize":{"x":0,"y":0,"w":127,"h":139},"sourceSize":{"w":127,"h":139}},{"filename":"hiteffect_2","frame":{"x":1170,"y":1139,"w":156,"h":174},"rotated":false,"trimmed":false,"spriteSourceSize":{"x":0,"y":0,"w":156,"h":174},"sourceSize":{"w":156,"h":174}},{"filename":"hiteffect_4","frame":{"x":950,"y":1431,"w":209,"h":239},"rotated":false,"trimmed":false,"spriteSourceSize":{"x":0,"y":0,"w":209,"h":239},"sourceSize":{"w":209,"h":239}},{"filename":"hiteffect_3","frame":{"x":988,"y":1139,"w":181,"h":203},"rotated":false,"trimmed":false,"spriteSourceSize":{"x":0,"y":0,"w":181,"h":203},"sourceSize":{"w":181,"h":203}},{"filename":"hiteffect_5","frame":{"x":727,"y":1431,"w":222,"h":252},"rotated":false,"trimmed":false,"spriteSourceSize":{"x":0,"y":0,"w":222,"h":252},"sourceSize":{"w":222,"h":252}},{"filename":"hiteffect_6","frame":{"x":727,"y":1139,"w":260,"h":291},"rotated":false,"trimmed":false,"spriteSourceSize":{"x":0,"y":0,"w":260,"h":291},"sourceSize":{"w":260,"h":291}},{"filename":"lblFirePuck","frame":{"x":988,"y":1343,"w":310,"h":84},"rotated":false,"trimmed":false,"spriteSourceSize":{"x":0,"y":0,"w":310,"h":84},"sourceSize":{"w":310,"h":84}},{"filename":"lblGoal","frame":{"x":727,"y":801,"w":468,"h":92},"rotated":false,"trimmed":false,"spriteSourceSize":{"x":0,"y":0,"w":468,"h":92},"sourceSize":{"w":468,"h":92}},{"filename":"lblLastPuck","frame":{"x":702,"y":1725,"w":316,"h":37},"rotated":false,"trimmed":false,"spriteSourceSize":{"x":0,"y":0,"w":316,"h":37},"sourceSize":{"w":316,"h":37}},{"filename":"lblSelectTeam","frame":{"x":727,"y":894,"w":577,"h":54},"rotated":false,"trimmed":false,"spriteSourceSize":{"x":0,"y":0,"w":577,"h":54},"sourceSize":{"w":577,"h":54}},{"filename":"lblVs","frame":{"x":917,"y":1684,"w":69,"h":30},"rotated":false,"trimmed":false,"spriteSourceSize":{"x":0,"y":0,"w":69,"h":30},"sourceSize":{"w":69,"h":30}},{"filename":"lblVsLBck","frame":{"x":727,"y":1040,"w":344,"h":90},"rotated":false,"trimmed":false,"spriteSourceSize":{"x":0,"y":0,"w":344,"h":90},"sourceSize":{"w":344,"h":90}},{"filename":"lblVsRBck","frame":{"x":727,"y":949,"w":344,"h":90},"rotated":false,"trimmed":false,"spriteSourceSize":{"x":0,"y":0,"w":344,"h":90},"sourceSize":{"w":344,"h":90}},{"filename":"lightFx","frame":{"x":0,"y":1139,"w":726,"h":585},"rotated":false,"trimmed":false,"spriteSourceSize":{"x":0,"y":0,"w":726,"h":585},"sourceSize":{"w":726,"h":585}},{"filename":"msgHardHit","frame":{"x":1328,"y":1329,"w":144,"h":70},"rotated":false,"trimmed":false,"spriteSourceSize":{"x":0,"y":0,"w":144,"h":70},"sourceSize":{"w":144,"h":70}},{"filename":"msgMiss","frame":{"x":1458,"y":986,"w":107,"h":42},"rotated":false,"trimmed":false,"spriteSourceSize":{"x":0,"y":0,"w":107,"h":42},"sourceSize":{"w":107,"h":42}},{"filename":"msgPuckPlus1","frame":{"x":1370,"y":1240,"w":112,"h":56},"rotated":false,"trimmed":false,"spriteSourceSize":{"x":0,"y":0,"w":112,"h":56},"sourceSize":{"w":112,"h":56}},{"filename":"msgPuckPlus2","frame":{"x":1473,"y":1329,"w":115,"h":56},"rotated":false,"trimmed":false,"spriteSourceSize":{"x":0,"y":0,"w":115,"h":56},"sourceSize":{"w":115,"h":56}},{"filename":"msgPuckPlus3","frame":{"x":1483,"y":1240,"w":114,"h":55},"rotated":false,"trimmed":false,"spriteSourceSize":{"x":0,"y":0,"w":114,"h":55},"sourceSize":{"w":114,"h":55}},{"filename":"msgScore1000","frame":{"x":1459,"y":1162,"w":130,"h":41},"rotated":false,"trimmed":false,"spriteSourceSize":{"x":0,"y":0,"w":130,"h":41},"sourceSize":{"w":130,"h":41}},{"filename":"msgScore50","frame":{"x":1458,"y":898,"w":84,"h":41},"rotated":false,"trimmed":false,"spriteSourceSize":{"x":0,"y":0,"w":84,"h":41},"sourceSize":{"w":84,"h":41}},{"filename":"msgScore500","frame":{"x":1458,"y":1029,"w":107,"h":41},"rotated":false,"trimmed":false,"spriteSourceSize":{"x":0,"y":0,"w":107,"h":41},"sourceSize":{"w":107,"h":41}},{"filename":"puck","frame":{"x":1259,"y":990,"w":41,"h":40},"rotated":false,"trimmed":false,"spriteSourceSize":{"x":0,"y":0,"w":41,"h":40},"sourceSize":{"w":41,"h":40}},{"filename":"puckTail","frame":{"x":1294,"y":1431,"w":32,"h":72},"rotated":false,"trimmed":false,"spriteSourceSize":{"x":0,"y":0,"w":32,"h":72},"sourceSize":{"w":32,"h":72}},{"filename":"slideMsgBck","frame":{"x":0,"y":1725,"w":701,"h":40},"rotated":false,"trimmed":false,"spriteSourceSize":{"x":0,"y":0,"w":701,"h":40},"sourceSize":{"w":701,"h":40}},{"filename":"starParticle","frame":{"x":1259,"y":1040,"w":63,"h":61},"rotated":false,"trimmed":false,"spriteSourceSize":{"x":0,"y":0,"w":63,"h":61},"sourceSize":{"w":63,"h":61}},{"filename":"tutor1","frame":{"x":1160,"y":1431,"w":133,"h":217},"rotated":false,"trimmed":false,"spriteSourceSize":{"x":0,"y":0,"w":133,"h":217},"sourceSize":{"w":133,"h":217}},{"filename":"tutorHand","frame":{"x":1328,"y":74,"w":133,"h":149},"rotated":false,"trimmed":false,"spriteSourceSize":{"x":0,"y":0,"w":133,"h":149},"sourceSize":{"w":133,"h":149}},{"filename":"windowBck","frame":{"x":727,"y":0,"w":600,"h":800},"rotated":false,"trimmed":false,"spriteSourceSize":{"x":0,"y":0,"w":600,"h":800},"sourceSize":{"w":600,"h":800}}],"meta":{"app":"https://www.leshylabs.com/apps/sstool/","version":"Leshy SpriteSheet Tool v0.8.4","image":"spritesheet.png","size":{"w":1607,"h":1765},"scale":1}}