{"frames":[{"filename":"keeper_head_00","frame":{"x":138,"y":248,"w":27,"h":46},"rotated":false,"trimmed":false,"spriteSourceSize":{"x":0,"y":0,"w":27,"h":46},"sourceSize":{"w":27,"h":46}},{"filename":"keeper_head_01","frame":{"x":166,"y":248,"w":27,"h":46},"rotated":false,"trimmed":false,"spriteSourceSize":{"x":0,"y":0,"w":27,"h":46},"sourceSize":{"w":27,"h":46}},{"filename":"keeper_head_02","frame":{"x":194,"y":248,"w":27,"h":46},"rotated":false,"trimmed":false,"spriteSourceSize":{"x":0,"y":0,"w":27,"h":46},"sourceSize":{"w":27,"h":46}},{"filename":"keeper_head_03","frame":{"x":222,"y":248,"w":27,"h":46},"rotated":false,"trimmed":false,"spriteSourceSize":{"x":0,"y":0,"w":27,"h":46},"sourceSize":{"w":27,"h":46}},{"filename":"keeper_head_04","frame":{"x":250,"y":248,"w":27,"h":46},"rotated":false,"trimmed":false,"spriteSourceSize":{"x":0,"y":0,"w":27,"h":46},"sourceSize":{"w":27,"h":46}},{"filename":"keeper_head_05","frame":{"x":289,"y":0,"w":27,"h":46},"rotated":false,"trimmed":false,"spriteSourceSize":{"x":0,"y":0,"w":27,"h":46},"sourceSize":{"w":27,"h":46}},{"filename":"keeper_head_06","frame":{"x":289,"y":47,"w":27,"h":46},"rotated":false,"trimmed":false,"spriteSourceSize":{"x":0,"y":0,"w":27,"h":46},"sourceSize":{"w":27,"h":46}},{"filename":"keeper_head_07","frame":{"x":289,"y":94,"w":27,"h":46},"rotated":false,"trimmed":false,"spriteSourceSize":{"x":0,"y":0,"w":27,"h":46},"sourceSize":{"w":27,"h":46}},{"filename":"keeper_head_08","frame":{"x":289,"y":141,"w":27,"h":46},"rotated":false,"trimmed":false,"spriteSourceSize":{"x":0,"y":0,"w":27,"h":46},"sourceSize":{"w":27,"h":46}},{"filename":"keeper_head_09","frame":{"x":289,"y":188,"w":27,"h":46},"rotated":false,"trimmed":false,"spriteSourceSize":{"x":0,"y":0,"w":27,"h":46},"sourceSize":{"w":27,"h":46}},{"filename":"keeper_head_10","frame":{"x":289,"y":235,"w":27,"h":46},"rotated":false,"trimmed":false,"spriteSourceSize":{"x":0,"y":0,"w":27,"h":46},"sourceSize":{"w":27,"h":46}},{"filename":"keeper_head_11","frame":{"x":317,"y":0,"w":27,"h":46},"rotated":false,"trimmed":false,"spriteSourceSize":{"x":0,"y":0,"w":27,"h":46},"sourceSize":{"w":27,"h":46}},{"filename":"keeper_head_12","frame":{"x":317,"y":47,"w":27,"h":46},"rotated":false,"trimmed":false,"spriteSourceSize":{"x":0,"y":0,"w":27,"h":46},"sourceSize":{"w":27,"h":46}},{"filename":"keeper_head_13","frame":{"x":317,"y":94,"w":27,"h":46},"rotated":false,"trimmed":false,"spriteSourceSize":{"x":0,"y":0,"w":27,"h":46},"sourceSize":{"w":27,"h":46}},{"filename":"keeper_head_14","frame":{"x":317,"y":141,"w":27,"h":46},"rotated":false,"trimmed":false,"spriteSourceSize":{"x":0,"y":0,"w":27,"h":46},"sourceSize":{"w":27,"h":46}},{"filename":"keeper_head_15","frame":{"x":317,"y":188,"w":27,"h":46},"rotated":false,"trimmed":false,"spriteSourceSize":{"x":0,"y":0,"w":27,"h":46},"sourceSize":{"w":27,"h":46}},{"filename":"keeper_lElbow_00","frame":{"x":461,"y":0,"w":30,"h":30},"rotated":false,"trimmed":false,"spriteSourceSize":{"x":0,"y":0,"w":30,"h":30},"sourceSize":{"w":30,"h":30}},{"filename":"keeper_lElbow_01","frame":{"x":461,"y":31,"w":30,"h":30},"rotated":false,"trimmed":false,"spriteSourceSize":{"x":0,"y":0,"w":30,"h":30},"sourceSize":{"w":30,"h":30}},{"filename":"keeper_lElbow_02","frame":{"x":461,"y":62,"w":30,"h":30},"rotated":false,"trimmed":false,"spriteSourceSize":{"x":0,"y":0,"w":30,"h":30},"sourceSize":{"w":30,"h":30}},{"filename":"keeper_lElbow_03","frame":{"x":461,"y":93,"w":30,"h":30},"rotated":false,"trimmed":false,"spriteSourceSize":{"x":0,"y":0,"w":30,"h":30},"sourceSize":{"w":30,"h":30}},{"filename":"keeper_lElbow_04","frame":{"x":461,"y":124,"w":30,"h":30},"rotated":false,"trimmed":false,"spriteSourceSize":{"x":0,"y":0,"w":30,"h":30},"sourceSize":{"w":30,"h":30}},{"filename":"keeper_lElbow_05","frame":{"x":461,"y":155,"w":30,"h":30},"rotated":false,"trimmed":false,"spriteSourceSize":{"x":0,"y":0,"w":30,"h":30},"sourceSize":{"w":30,"h":30}},{"filename":"keeper_lElbow_06","frame":{"x":461,"y":186,"w":30,"h":30},"rotated":false,"trimmed":false,"spriteSourceSize":{"x":0,"y":0,"w":30,"h":30},"sourceSize":{"w":30,"h":30}},{"filename":"keeper_lElbow_07","frame":{"x":461,"y":217,"w":30,"h":30},"rotated":false,"trimmed":false,"spriteSourceSize":{"x":0,"y":0,"w":30,"h":30},"sourceSize":{"w":30,"h":30}},{"filename":"keeper_lElbow_08","frame":{"x":461,"y":248,"w":30,"h":30},"rotated":false,"trimmed":false,"spriteSourceSize":{"x":0,"y":0,"w":30,"h":30},"sourceSize":{"w":30,"h":30}},{"filename":"keeper_lElbow_09","frame":{"x":461,"y":279,"w":30,"h":30},"rotated":false,"trimmed":false,"spriteSourceSize":{"x":0,"y":0,"w":30,"h":30},"sourceSize":{"w":30,"h":30}},{"filename":"keeper_lElbow_10","frame":{"x":461,"y":310,"w":30,"h":30},"rotated":false,"trimmed":false,"spriteSourceSize":{"x":0,"y":0,"w":30,"h":30},"sourceSize":{"w":30,"h":30}},{"filename":"keeper_lElbow_11","frame":{"x":461,"y":341,"w":30,"h":30},"rotated":false,"trimmed":false,"spriteSourceSize":{"x":0,"y":0,"w":30,"h":30},"sourceSize":{"w":30,"h":30}},{"filename":"keeper_lElbow_12","frame":{"x":461,"y":372,"w":30,"h":30},"rotated":false,"trimmed":false,"spriteSourceSize":{"x":0,"y":0,"w":30,"h":30},"sourceSize":{"w":30,"h":30}},{"filename":"keeper_lElbow_13","frame":{"x":461,"y":403,"w":30,"h":30},"rotated":false,"trimmed":false,"spriteSourceSize":{"x":0,"y":0,"w":30,"h":30},"sourceSize":{"w":30,"h":30}},{"filename":"keeper_lElbow_14","frame":{"x":461,"y":434,"w":30,"h":30},"rotated":false,"trimmed":false,"spriteSourceSize":{"x":0,"y":0,"w":30,"h":30},"sourceSize":{"w":30,"h":30}},{"filename":"keeper_lElbow_15","frame":{"x":0,"y":492,"w":30,"h":30},"rotated":false,"trimmed":false,"spriteSourceSize":{"x":0,"y":0,"w":30,"h":30},"sourceSize":{"w":30,"h":30}},{"filename":"keeper_lGlove_xx","frame":{"x":0,"y":392,"w":41,"h":35},"rotated":false,"trimmed":false,"spriteSourceSize":{"x":0,"y":0,"w":41,"h":35},"sourceSize":{"w":41,"h":35}},{"filename":"keeper_lLeg_00","frame":{"x":0,"y":304,"w":37,"h":43},"rotated":false,"trimmed":false,"spriteSourceSize":{"x":0,"y":0,"w":37,"h":43},"sourceSize":{"w":37,"h":43}},{"filename":"keeper_lLeg_01","frame":{"x":38,"y":304,"w":37,"h":43},"rotated":false,"trimmed":false,"spriteSourceSize":{"x":0,"y":0,"w":37,"h":43},"sourceSize":{"w":37,"h":43}},{"filename":"keeper_lLeg_02","frame":{"x":76,"y":304,"w":37,"h":43},"rotated":false,"trimmed":false,"spriteSourceSize":{"x":0,"y":0,"w":37,"h":43},"sourceSize":{"w":37,"h":43}},{"filename":"keeper_lLeg_03","frame":{"x":114,"y":304,"w":37,"h":43},"rotated":false,"trimmed":false,"spriteSourceSize":{"x":0,"y":0,"w":37,"h":43},"sourceSize":{"w":37,"h":43}},{"filename":"keeper_lLeg_04","frame":{"x":152,"y":304,"w":37,"h":43},"rotated":false,"trimmed":false,"spriteSourceSize":{"x":0,"y":0,"w":37,"h":43},"sourceSize":{"w":37,"h":43}},{"filename":"keeper_lLeg_05","frame":{"x":190,"y":304,"w":37,"h":43},"rotated":false,"trimmed":false,"spriteSourceSize":{"x":0,"y":0,"w":37,"h":43},"sourceSize":{"w":37,"h":43}},{"filename":"keeper_lLeg_06","frame":{"x":228,"y":304,"w":37,"h":43},"rotated":false,"trimmed":false,"spriteSourceSize":{"x":0,"y":0,"w":37,"h":43},"sourceSize":{"w":37,"h":43}},{"filename":"keeper_lLeg_07","frame":{"x":266,"y":304,"w":37,"h":43},"rotated":false,"trimmed":false,"spriteSourceSize":{"x":0,"y":0,"w":37,"h":43},"sourceSize":{"w":37,"h":43}},{"filename":"keeper_lLeg_08","frame":{"x":304,"y":304,"w":37,"h":43},"rotated":false,"trimmed":false,"spriteSourceSize":{"x":0,"y":0,"w":37,"h":43},"sourceSize":{"w":37,"h":43}},{"filename":"keeper_lLeg_09","frame":{"x":345,"y":0,"w":37,"h":43},"rotated":false,"trimmed":false,"spriteSourceSize":{"x":0,"y":0,"w":37,"h":43},"sourceSize":{"w":37,"h":43}},{"filename":"keeper_lLeg_10","frame":{"x":345,"y":44,"w":37,"h":43},"rotated":false,"trimmed":false,"spriteSourceSize":{"x":0,"y":0,"w":37,"h":43},"sourceSize":{"w":37,"h":43}},{"filename":"keeper_lLeg_11","frame":{"x":345,"y":88,"w":37,"h":43},"rotated":false,"trimmed":false,"spriteSourceSize":{"x":0,"y":0,"w":37,"h":43},"sourceSize":{"w":37,"h":43}},{"filename":"keeper_lLeg_12","frame":{"x":345,"y":132,"w":37,"h":43},"rotated":false,"trimmed":false,"spriteSourceSize":{"x":0,"y":0,"w":37,"h":43},"sourceSize":{"w":37,"h":43}},{"filename":"keeper_lLeg_13","frame":{"x":345,"y":176,"w":37,"h":43},"rotated":false,"trimmed":false,"spriteSourceSize":{"x":0,"y":0,"w":37,"h":43},"sourceSize":{"w":37,"h":43}},{"filename":"keeper_lLeg_14","frame":{"x":345,"y":220,"w":37,"h":43},"rotated":false,"trimmed":false,"spriteSourceSize":{"x":0,"y":0,"w":37,"h":43},"sourceSize":{"w":37,"h":43}},{"filename":"keeper_lLeg_15","frame":{"x":345,"y":264,"w":37,"h":43},"rotated":false,"trimmed":false,"spriteSourceSize":{"x":0,"y":0,"w":37,"h":43},"sourceSize":{"w":37,"h":43}},{"filename":"keeper_lShin_reflection_xx","frame":{"x":149,"y":68,"w":47,"h":66},"rotated":false,"trimmed":false,"spriteSourceSize":{"x":0,"y":0,"w":47,"h":66},"sourceSize":{"w":47,"h":66}},{"filename":"keeper_lShin_xx","frame":{"x":100,"y":0,"w":48,"h":92},"rotated":false,"trimmed":false,"spriteSourceSize":{"x":0,"y":0,"w":48,"h":92},"sourceSize":{"w":48,"h":92}},{"filename":"keeper_lSholder_00","frame":{"x":345,"y":308,"w":36,"h":31},"rotated":false,"trimmed":false,"spriteSourceSize":{"x":0,"y":0,"w":36,"h":31},"sourceSize":{"w":36,"h":31}},{"filename":"keeper_lSholder_01","frame":{"x":383,"y":305,"w":36,"h":31},"rotated":false,"trimmed":false,"spriteSourceSize":{"x":0,"y":0,"w":36,"h":31},"sourceSize":{"w":36,"h":31}},{"filename":"keeper_lSholder_02","frame":{"x":383,"y":337,"w":36,"h":31},"rotated":false,"trimmed":false,"spriteSourceSize":{"x":0,"y":0,"w":36,"h":31},"sourceSize":{"w":36,"h":31}},{"filename":"keeper_lSholder_03","frame":{"x":421,"y":245,"w":36,"h":31},"rotated":false,"trimmed":false,"spriteSourceSize":{"x":0,"y":0,"w":36,"h":31},"sourceSize":{"w":36,"h":31}},{"filename":"keeper_lSholder_04","frame":{"x":421,"y":277,"w":36,"h":31},"rotated":false,"trimmed":false,"spriteSourceSize":{"x":0,"y":0,"w":36,"h":31},"sourceSize":{"w":36,"h":31}},{"filename":"keeper_lSholder_05","frame":{"x":421,"y":309,"w":36,"h":31},"rotated":false,"trimmed":false,"spriteSourceSize":{"x":0,"y":0,"w":36,"h":31},"sourceSize":{"w":36,"h":31}},{"filename":"keeper_lSholder_06","frame":{"x":421,"y":341,"w":36,"h":31},"rotated":false,"trimmed":false,"spriteSourceSize":{"x":0,"y":0,"w":36,"h":31},"sourceSize":{"w":36,"h":31}},{"filename":"keeper_lSholder_07","frame":{"x":421,"y":373,"w":36,"h":31},"rotated":false,"trimmed":false,"spriteSourceSize":{"x":0,"y":0,"w":36,"h":31},"sourceSize":{"w":36,"h":31}},{"filename":"keeper_lSholder_08","frame":{"x":0,"y":428,"w":36,"h":31},"rotated":false,"trimmed":false,"spriteSourceSize":{"x":0,"y":0,"w":36,"h":31},"sourceSize":{"w":36,"h":31}},{"filename":"keeper_lSholder_09","frame":{"x":37,"y":428,"w":36,"h":31},"rotated":false,"trimmed":false,"spriteSourceSize":{"x":0,"y":0,"w":36,"h":31},"sourceSize":{"w":36,"h":31}},{"filename":"keeper_lSholder_10","frame":{"x":74,"y":428,"w":36,"h":31},"rotated":false,"trimmed":false,"spriteSourceSize":{"x":0,"y":0,"w":36,"h":31},"sourceSize":{"w":36,"h":31}},{"filename":"keeper_lSholder_11","frame":{"x":111,"y":428,"w":36,"h":31},"rotated":false,"trimmed":false,"spriteSourceSize":{"x":0,"y":0,"w":36,"h":31},"sourceSize":{"w":36,"h":31}},{"filename":"keeper_lSholder_12","frame":{"x":148,"y":428,"w":36,"h":31},"rotated":false,"trimmed":false,"spriteSourceSize":{"x":0,"y":0,"w":36,"h":31},"sourceSize":{"w":36,"h":31}},{"filename":"keeper_lSholder_13","frame":{"x":185,"y":428,"w":36,"h":31},"rotated":false,"trimmed":false,"spriteSourceSize":{"x":0,"y":0,"w":36,"h":31},"sourceSize":{"w":36,"h":31}},{"filename":"keeper_lSholder_14","frame":{"x":222,"y":428,"w":36,"h":31},"rotated":false,"trimmed":false,"spriteSourceSize":{"x":0,"y":0,"w":36,"h":31},"sourceSize":{"w":36,"h":31}},{"filename":"keeper_lSholder_15","frame":{"x":259,"y":428,"w":36,"h":31},"rotated":false,"trimmed":false,"spriteSourceSize":{"x":0,"y":0,"w":36,"h":31},"sourceSize":{"w":36,"h":31}},{"filename":"keeper_pelvice_00","frame":{"x":42,"y":392,"w":39,"h":34},"rotated":false,"trimmed":false,"spriteSourceSize":{"x":0,"y":0,"w":39,"h":34},"sourceSize":{"w":39,"h":34}},{"filename":"keeper_pelvice_01","frame":{"x":82,"y":392,"w":39,"h":34},"rotated":false,"trimmed":false,"spriteSourceSize":{"x":0,"y":0,"w":39,"h":34},"sourceSize":{"w":39,"h":34}},{"filename":"keeper_pelvice_02","frame":{"x":122,"y":392,"w":39,"h":34},"rotated":false,"trimmed":false,"spriteSourceSize":{"x":0,"y":0,"w":39,"h":34},"sourceSize":{"w":39,"h":34}},{"filename":"keeper_pelvice_03","frame":{"x":162,"y":392,"w":39,"h":34},"rotated":false,"trimmed":false,"spriteSourceSize":{"x":0,"y":0,"w":39,"h":34},"sourceSize":{"w":39,"h":34}},{"filename":"keeper_pelvice_04","frame":{"x":202,"y":392,"w":39,"h":34},"rotated":false,"trimmed":false,"spriteSourceSize":{"x":0,"y":0,"w":39,"h":34},"sourceSize":{"w":39,"h":34}},{"filename":"keeper_pelvice_05","frame":{"x":242,"y":392,"w":39,"h":34},"rotated":false,"trimmed":false,"spriteSourceSize":{"x":0,"y":0,"w":39,"h":34},"sourceSize":{"w":39,"h":34}},{"filename":"keeper_pelvice_06","frame":{"x":282,"y":392,"w":39,"h":34},"rotated":false,"trimmed":false,"spriteSourceSize":{"x":0,"y":0,"w":39,"h":34},"sourceSize":{"w":39,"h":34}},{"filename":"keeper_pelvice_07","frame":{"x":322,"y":392,"w":39,"h":34},"rotated":false,"trimmed":false,"spriteSourceSize":{"x":0,"y":0,"w":39,"h":34},"sourceSize":{"w":39,"h":34}},{"filename":"keeper_pelvice_08","frame":{"x":362,"y":392,"w":39,"h":34},"rotated":false,"trimmed":false,"spriteSourceSize":{"x":0,"y":0,"w":39,"h":34},"sourceSize":{"w":39,"h":34}},{"filename":"keeper_pelvice_09","frame":{"x":421,"y":0,"w":39,"h":34},"rotated":false,"trimmed":false,"spriteSourceSize":{"x":0,"y":0,"w":39,"h":34},"sourceSize":{"w":39,"h":34}},{"filename":"keeper_pelvice_10","frame":{"x":421,"y":35,"w":39,"h":34},"rotated":false,"trimmed":false,"spriteSourceSize":{"x":0,"y":0,"w":39,"h":34},"sourceSize":{"w":39,"h":34}},{"filename":"keeper_pelvice_11","frame":{"x":421,"y":70,"w":39,"h":34},"rotated":false,"trimmed":false,"spriteSourceSize":{"x":0,"y":0,"w":39,"h":34},"sourceSize":{"w":39,"h":34}},{"filename":"keeper_pelvice_12","frame":{"x":421,"y":105,"w":39,"h":34},"rotated":false,"trimmed":false,"spriteSourceSize":{"x":0,"y":0,"w":39,"h":34},"sourceSize":{"w":39,"h":34}},{"filename":"keeper_pelvice_13","frame":{"x":421,"y":140,"w":39,"h":34},"rotated":false,"trimmed":false,"spriteSourceSize":{"x":0,"y":0,"w":39,"h":34},"sourceSize":{"w":39,"h":34}},{"filename":"keeper_pelvice_14","frame":{"x":421,"y":175,"w":39,"h":34},"rotated":false,"trimmed":false,"spriteSourceSize":{"x":0,"y":0,"w":39,"h":34},"sourceSize":{"w":39,"h":34}},{"filename":"keeper_pelvice_15","frame":{"x":421,"y":210,"w":39,"h":34},"rotated":false,"trimmed":false,"spriteSourceSize":{"x":0,"y":0,"w":39,"h":34},"sourceSize":{"w":39,"h":34}},{"filename":"keeper_rElbow_00","frame":{"x":31,"y":492,"w":29,"h":30},"rotated":false,"trimmed":false,"spriteSourceSize":{"x":0,"y":0,"w":29,"h":30},"sourceSize":{"w":29,"h":30}},{"filename":"keeper_rElbow_01","frame":{"x":61,"y":492,"w":29,"h":30},"rotated":false,"trimmed":false,"spriteSourceSize":{"x":0,"y":0,"w":29,"h":30},"sourceSize":{"w":29,"h":30}},{"filename":"keeper_rElbow_02","frame":{"x":91,"y":492,"w":29,"h":30},"rotated":false,"trimmed":false,"spriteSourceSize":{"x":0,"y":0,"w":29,"h":30},"sourceSize":{"w":29,"h":30}},{"filename":"keeper_rElbow_03","frame":{"x":121,"y":492,"w":29,"h":30},"rotated":false,"trimmed":false,"spriteSourceSize":{"x":0,"y":0,"w":29,"h":30},"sourceSize":{"w":29,"h":30}},{"filename":"keeper_rElbow_04","frame":{"x":151,"y":492,"w":29,"h":30},"rotated":false,"trimmed":false,"spriteSourceSize":{"x":0,"y":0,"w":29,"h":30},"sourceSize":{"w":29,"h":30}},{"filename":"keeper_rElbow_05","frame":{"x":181,"y":492,"w":29,"h":30},"rotated":false,"trimmed":false,"spriteSourceSize":{"x":0,"y":0,"w":29,"h":30},"sourceSize":{"w":29,"h":30}},{"filename":"keeper_rElbow_06","frame":{"x":211,"y":492,"w":29,"h":30},"rotated":false,"trimmed":false,"spriteSourceSize":{"x":0,"y":0,"w":29,"h":30},"sourceSize":{"w":29,"h":30}},{"filename":"keeper_rElbow_07","frame":{"x":241,"y":492,"w":29,"h":30},"rotated":false,"trimmed":false,"spriteSourceSize":{"x":0,"y":0,"w":29,"h":30},"sourceSize":{"w":29,"h":30}},{"filename":"keeper_rElbow_08","frame":{"x":271,"y":492,"w":29,"h":30},"rotated":false,"trimmed":false,"spriteSourceSize":{"x":0,"y":0,"w":29,"h":30},"sourceSize":{"w":29,"h":30}},{"filename":"keeper_rElbow_09","frame":{"x":301,"y":492,"w":29,"h":30},"rotated":false,"trimmed":false,"spriteSourceSize":{"x":0,"y":0,"w":29,"h":30},"sourceSize":{"w":29,"h":30}},{"filename":"keeper_rElbow_10","frame":{"x":331,"y":492,"w":29,"h":30},"rotated":false,"trimmed":false,"spriteSourceSize":{"x":0,"y":0,"w":29,"h":30},"sourceSize":{"w":29,"h":30}},{"filename":"keeper_rElbow_11","frame":{"x":361,"y":492,"w":29,"h":30},"rotated":false,"trimmed":false,"spriteSourceSize":{"x":0,"y":0,"w":29,"h":30},"sourceSize":{"w":29,"h":30}},{"filename":"keeper_rElbow_12","frame":{"x":391,"y":492,"w":29,"h":30},"rotated":false,"trimmed":false,"spriteSourceSize":{"x":0,"y":0,"w":29,"h":30},"sourceSize":{"w":29,"h":30}},{"filename":"keeper_rElbow_13","frame":{"x":421,"y":492,"w":29,"h":30},"rotated":false,"trimmed":false,"spriteSourceSize":{"x":0,"y":0,"w":29,"h":30},"sourceSize":{"w":29,"h":30}},{"filename":"keeper_rElbow_14","frame":{"x":451,"y":492,"w":29,"h":30},"rotated":false,"trimmed":false,"spriteSourceSize":{"x":0,"y":0,"w":29,"h":30},"sourceSize":{"w":29,"h":30}},{"filename":"keeper_rElbow_15","frame":{"x":492,"y":0,"w":29,"h":30},"rotated":false,"trimmed":false,"spriteSourceSize":{"x":0,"y":0,"w":29,"h":30},"sourceSize":{"w":29,"h":30}},{"filename":"keeper_rGlove_00","frame":{"x":383,"y":264,"w":29,"h":40},"rotated":false,"trimmed":false,"spriteSourceSize":{"x":0,"y":0,"w":29,"h":40},"sourceSize":{"w":29,"h":40}},{"filename":"keeper_rLeg_00","frame":{"x":0,"y":348,"w":37,"h":43},"rotated":false,"trimmed":false,"spriteSourceSize":{"x":0,"y":0,"w":37,"h":43},"sourceSize":{"w":37,"h":43}},{"filename":"keeper_rLeg_01","frame":{"x":38,"y":348,"w":37,"h":43},"rotated":false,"trimmed":false,"spriteSourceSize":{"x":0,"y":0,"w":37,"h":43},"sourceSize":{"w":37,"h":43}},{"filename":"keeper_rLeg_02","frame":{"x":76,"y":348,"w":37,"h":43},"rotated":false,"trimmed":false,"spriteSourceSize":{"x":0,"y":0,"w":37,"h":43},"sourceSize":{"w":37,"h":43}},{"filename":"keeper_rLeg_03","frame":{"x":114,"y":348,"w":37,"h":43},"rotated":false,"trimmed":false,"spriteSourceSize":{"x":0,"y":0,"w":37,"h":43},"sourceSize":{"w":37,"h":43}},{"filename":"keeper_rLeg_04","frame":{"x":152,"y":348,"w":37,"h":43},"rotated":false,"trimmed":false,"spriteSourceSize":{"x":0,"y":0,"w":37,"h":43},"sourceSize":{"w":37,"h":43}},{"filename":"keeper_rLeg_05","frame":{"x":190,"y":348,"w":37,"h":43},"rotated":false,"trimmed":false,"spriteSourceSize":{"x":0,"y":0,"w":37,"h":43},"sourceSize":{"w":37,"h":43}},{"filename":"keeper_rLeg_06","frame":{"x":228,"y":348,"w":37,"h":43},"rotated":false,"trimmed":false,"spriteSourceSize":{"x":0,"y":0,"w":37,"h":43},"sourceSize":{"w":37,"h":43}},{"filename":"keeper_rLeg_07","frame":{"x":266,"y":348,"w":37,"h":43},"rotated":false,"trimmed":false,"spriteSourceSize":{"x":0,"y":0,"w":37,"h":43},"sourceSize":{"w":37,"h":43}},{"filename":"keeper_rLeg_08","frame":{"x":304,"y":348,"w":37,"h":43},"rotated":false,"trimmed":false,"spriteSourceSize":{"x":0,"y":0,"w":37,"h":43},"sourceSize":{"w":37,"h":43}},{"filename":"keeper_rLeg_09","frame":{"x":342,"y":348,"w":37,"h":43},"rotated":false,"trimmed":false,"spriteSourceSize":{"x":0,"y":0,"w":37,"h":43},"sourceSize":{"w":37,"h":43}},{"filename":"keeper_rLeg_10","frame":{"x":383,"y":0,"w":37,"h":43},"rotated":false,"trimmed":false,"spriteSourceSize":{"x":0,"y":0,"w":37,"h":43},"sourceSize":{"w":37,"h":43}},{"filename":"keeper_rLeg_11","frame":{"x":383,"y":44,"w":37,"h":43},"rotated":false,"trimmed":false,"spriteSourceSize":{"x":0,"y":0,"w":37,"h":43},"sourceSize":{"w":37,"h":43}},{"filename":"keeper_rLeg_12","frame":{"x":383,"y":88,"w":37,"h":43},"rotated":false,"trimmed":false,"spriteSourceSize":{"x":0,"y":0,"w":37,"h":43},"sourceSize":{"w":37,"h":43}},{"filename":"keeper_rLeg_13","frame":{"x":383,"y":132,"w":37,"h":43},"rotated":false,"trimmed":false,"spriteSourceSize":{"x":0,"y":0,"w":37,"h":43},"sourceSize":{"w":37,"h":43}},{"filename":"keeper_rLeg_14","frame":{"x":383,"y":176,"w":37,"h":43},"rotated":false,"trimmed":false,"spriteSourceSize":{"x":0,"y":0,"w":37,"h":43},"sourceSize":{"w":37,"h":43}},{"filename":"keeper_rLeg_15","frame":{"x":383,"y":220,"w":37,"h":43},"rotated":false,"trimmed":false,"spriteSourceSize":{"x":0,"y":0,"w":37,"h":43},"sourceSize":{"w":37,"h":43}},{"filename":"keeper_rShin_reflection_xx","frame":{"x":149,"y":0,"w":47,"h":67},"rotated":false,"trimmed":false,"spriteSourceSize":{"x":0,"y":0,"w":47,"h":67},"sourceSize":{"w":47,"h":67}},{"filename":"keeper_rShin_xx","frame":{"x":100,"y":93,"w":48,"h":92},"rotated":false,"trimmed":false,"spriteSourceSize":{"x":0,"y":0,"w":48,"h":92},"sourceSize":{"w":48,"h":92}},{"filename":"keeper_rSholder_00","frame":{"x":296,"y":428,"w":36,"h":31},"rotated":false,"trimmed":false,"spriteSourceSize":{"x":0,"y":0,"w":36,"h":31},"sourceSize":{"w":36,"h":31}},{"filename":"keeper_rSholder_01","frame":{"x":333,"y":428,"w":36,"h":31},"rotated":false,"trimmed":false,"spriteSourceSize":{"x":0,"y":0,"w":36,"h":31},"sourceSize":{"w":36,"h":31}},{"filename":"keeper_rSholder_02","frame":{"x":370,"y":428,"w":36,"h":31},"rotated":false,"trimmed":false,"spriteSourceSize":{"x":0,"y":0,"w":36,"h":31},"sourceSize":{"w":36,"h":31}},{"filename":"keeper_rSholder_03","frame":{"x":407,"y":428,"w":36,"h":31},"rotated":false,"trimmed":false,"spriteSourceSize":{"x":0,"y":0,"w":36,"h":31},"sourceSize":{"w":36,"h":31}},{"filename":"keeper_rSholder_04","frame":{"x":0,"y":460,"w":36,"h":31},"rotated":false,"trimmed":false,"spriteSourceSize":{"x":0,"y":0,"w":36,"h":31},"sourceSize":{"w":36,"h":31}},{"filename":"keeper_rSholder_05","frame":{"x":37,"y":460,"w":36,"h":31},"rotated":false,"trimmed":false,"spriteSourceSize":{"x":0,"y":0,"w":36,"h":31},"sourceSize":{"w":36,"h":31}},{"filename":"keeper_rSholder_06","frame":{"x":74,"y":460,"w":36,"h":31},"rotated":false,"trimmed":false,"spriteSourceSize":{"x":0,"y":0,"w":36,"h":31},"sourceSize":{"w":36,"h":31}},{"filename":"keeper_rSholder_07","frame":{"x":111,"y":460,"w":36,"h":31},"rotated":false,"trimmed":false,"spriteSourceSize":{"x":0,"y":0,"w":36,"h":31},"sourceSize":{"w":36,"h":31}},{"filename":"keeper_rSholder_08","frame":{"x":148,"y":460,"w":36,"h":31},"rotated":false,"trimmed":false,"spriteSourceSize":{"x":0,"y":0,"w":36,"h":31},"sourceSize":{"w":36,"h":31}},{"filename":"keeper_rSholder_09","frame":{"x":185,"y":460,"w":36,"h":31},"rotated":false,"trimmed":false,"spriteSourceSize":{"x":0,"y":0,"w":36,"h":31},"sourceSize":{"w":36,"h":31}},{"filename":"keeper_rSholder_10","frame":{"x":222,"y":460,"w":36,"h":31},"rotated":false,"trimmed":false,"spriteSourceSize":{"x":0,"y":0,"w":36,"h":31},"sourceSize":{"w":36,"h":31}},{"filename":"keeper_rSholder_11","frame":{"x":259,"y":460,"w":36,"h":31},"rotated":false,"trimmed":false,"spriteSourceSize":{"x":0,"y":0,"w":36,"h":31},"sourceSize":{"w":36,"h":31}},{"filename":"keeper_rSholder_12","frame":{"x":296,"y":460,"w":36,"h":31},"rotated":false,"trimmed":false,"spriteSourceSize":{"x":0,"y":0,"w":36,"h":31},"sourceSize":{"w":36,"h":31}},{"filename":"keeper_rSholder_13","frame":{"x":333,"y":460,"w":36,"h":31},"rotated":false,"trimmed":false,"spriteSourceSize":{"x":0,"y":0,"w":36,"h":31},"sourceSize":{"w":36,"h":31}},{"filename":"keeper_rSholder_14","frame":{"x":370,"y":460,"w":36,"h":31},"rotated":false,"trimmed":false,"spriteSourceSize":{"x":0,"y":0,"w":36,"h":31},"sourceSize":{"w":36,"h":31}},{"filename":"keeper_rSholder_15","frame":{"x":407,"y":460,"w":36,"h":31},"rotated":false,"trimmed":false,"spriteSourceSize":{"x":0,"y":0,"w":36,"h":31},"sourceSize":{"w":36,"h":31}},{"filename":"keeper_rThumb_xx","frame":{"x":481,"y":492,"w":9,"h":20},"rotated":false,"trimmed":false,"spriteSourceSize":{"x":0,"y":0,"w":9,"h":20},"sourceSize":{"w":9,"h":20}},{"filename":"keeper_stick_reflection_xx","frame":{"x":0,"y":121,"w":99,"h":70},"rotated":false,"trimmed":false,"spriteSourceSize":{"x":0,"y":0,"w":99,"h":70},"sourceSize":{"w":99,"h":70}},{"filename":"keeper_stick_xx","frame":{"x":0,"y":0,"w":99,"h":120},"rotated":false,"trimmed":false,"spriteSourceSize":{"x":0,"y":0,"w":99,"h":120},"sourceSize":{"w":99,"h":120}},{"filename":"keeper_torso_00","frame":{"x":149,"y":135,"w":45,"h":55},"rotated":false,"trimmed":false,"spriteSourceSize":{"x":0,"y":0,"w":45,"h":55},"sourceSize":{"w":45,"h":55}},{"filename":"keeper_torso_01","frame":{"x":197,"y":0,"w":45,"h":55},"rotated":false,"trimmed":false,"spriteSourceSize":{"x":0,"y":0,"w":45,"h":55},"sourceSize":{"w":45,"h":55}},{"filename":"keeper_torso_02","frame":{"x":197,"y":56,"w":45,"h":55},"rotated":false,"trimmed":false,"spriteSourceSize":{"x":0,"y":0,"w":45,"h":55},"sourceSize":{"w":45,"h":55}},{"filename":"keeper_torso_03","frame":{"x":197,"y":112,"w":45,"h":55},"rotated":false,"trimmed":false,"spriteSourceSize":{"x":0,"y":0,"w":45,"h":55},"sourceSize":{"w":45,"h":55}},{"filename":"keeper_torso_04","frame":{"x":0,"y":192,"w":45,"h":55},"rotated":false,"trimmed":false,"spriteSourceSize":{"x":0,"y":0,"w":45,"h":55},"sourceSize":{"w":45,"h":55}},{"filename":"keeper_torso_05","frame":{"x":46,"y":192,"w":45,"h":55},"rotated":false,"trimmed":false,"spriteSourceSize":{"x":0,"y":0,"w":45,"h":55},"sourceSize":{"w":45,"h":55}},{"filename":"keeper_torso_06","frame":{"x":92,"y":192,"w":45,"h":55},"rotated":false,"trimmed":false,"spriteSourceSize":{"x":0,"y":0,"w":45,"h":55},"sourceSize":{"w":45,"h":55}},{"filename":"keeper_torso_07","frame":{"x":138,"y":192,"w":45,"h":55},"rotated":false,"trimmed":false,"spriteSourceSize":{"x":0,"y":0,"w":45,"h":55},"sourceSize":{"w":45,"h":55}},{"filename":"keeper_torso_08","frame":{"x":184,"y":192,"w":45,"h":55},"rotated":false,"trimmed":false,"spriteSourceSize":{"x":0,"y":0,"w":45,"h":55},"sourceSize":{"w":45,"h":55}},{"filename":"keeper_torso_09","frame":{"x":243,"y":0,"w":45,"h":55},"rotated":false,"trimmed":false,"spriteSourceSize":{"x":0,"y":0,"w":45,"h":55},"sourceSize":{"w":45,"h":55}},{"filename":"keeper_torso_10","frame":{"x":243,"y":56,"w":45,"h":55},"rotated":false,"trimmed":false,"spriteSourceSize":{"x":0,"y":0,"w":45,"h":55},"sourceSize":{"w":45,"h":55}},{"filename":"keeper_torso_11","frame":{"x":243,"y":112,"w":45,"h":55},"rotated":false,"trimmed":false,"spriteSourceSize":{"x":0,"y":0,"w":45,"h":55},"sourceSize":{"w":45,"h":55}},{"filename":"keeper_torso_12","frame":{"x":243,"y":168,"w":45,"h":55},"rotated":false,"trimmed":false,"spriteSourceSize":{"x":0,"y":0,"w":45,"h":55},"sourceSize":{"w":45,"h":55}},{"filename":"keeper_torso_13","frame":{"x":0,"y":248,"w":45,"h":55},"rotated":false,"trimmed":false,"spriteSourceSize":{"x":0,"y":0,"w":45,"h":55},"sourceSize":{"w":45,"h":55}},{"filename":"keeper_torso_14","frame":{"x":46,"y":248,"w":45,"h":55},"rotated":false,"trimmed":false,"spriteSourceSize":{"x":0,"y":0,"w":45,"h":55},"sourceSize":{"w":45,"h":55}},{"filename":"keeper_torso_15","frame":{"x":92,"y":248,"w":45,"h":55},"rotated":false,"trimmed":false,"spriteSourceSize":{"x":0,"y":0,"w":45,"h":55},"sourceSize":{"w":45,"h":55}}],"meta":{"app":"https://www.leshylabs.com/apps/sstool/","version":"Leshy SpriteSheet Tool v0.8.4","image":"spritesheet.png","size":{"w":521,"h":522},"scale":1}}