{"frames":[{"filename":"defence_head_00","frame":{"x":469,"y":493,"w":34,"h":48},"rotated":false,"trimmed":false,"spriteSourceSize":{"x":0,"y":0,"w":34,"h":48},"sourceSize":{"w":34,"h":48}},{"filename":"defence_head_01","frame":{"x":551,"y":456,"w":34,"h":48},"rotated":false,"trimmed":false,"spriteSourceSize":{"x":0,"y":0,"w":34,"h":48},"sourceSize":{"w":34,"h":48}},{"filename":"defence_head_02","frame":{"x":551,"y":505,"w":34,"h":48},"rotated":false,"trimmed":false,"spriteSourceSize":{"x":0,"y":0,"w":34,"h":48},"sourceSize":{"w":34,"h":48}},{"filename":"defence_head_03","frame":{"x":594,"y":0,"w":34,"h":48},"rotated":false,"trimmed":false,"spriteSourceSize":{"x":0,"y":0,"w":34,"h":48},"sourceSize":{"w":34,"h":48}},{"filename":"defence_head_04","frame":{"x":594,"y":49,"w":34,"h":48},"rotated":false,"trimmed":false,"spriteSourceSize":{"x":0,"y":0,"w":34,"h":48},"sourceSize":{"w":34,"h":48}},{"filename":"defence_head_05","frame":{"x":594,"y":98,"w":34,"h":48},"rotated":false,"trimmed":false,"spriteSourceSize":{"x":0,"y":0,"w":34,"h":48},"sourceSize":{"w":34,"h":48}},{"filename":"defence_head_06","frame":{"x":594,"y":147,"w":34,"h":48},"rotated":false,"trimmed":false,"spriteSourceSize":{"x":0,"y":0,"w":34,"h":48},"sourceSize":{"w":34,"h":48}},{"filename":"defence_head_07","frame":{"x":594,"y":196,"w":34,"h":48},"rotated":false,"trimmed":false,"spriteSourceSize":{"x":0,"y":0,"w":34,"h":48},"sourceSize":{"w":34,"h":48}},{"filename":"defence_head_08","frame":{"x":594,"y":245,"w":34,"h":48},"rotated":false,"trimmed":false,"spriteSourceSize":{"x":0,"y":0,"w":34,"h":48},"sourceSize":{"w":34,"h":48}},{"filename":"defence_head_09","frame":{"x":594,"y":294,"w":34,"h":48},"rotated":false,"trimmed":false,"spriteSourceSize":{"x":0,"y":0,"w":34,"h":48},"sourceSize":{"w":34,"h":48}},{"filename":"defence_head_10","frame":{"x":594,"y":343,"w":34,"h":48},"rotated":false,"trimmed":false,"spriteSourceSize":{"x":0,"y":0,"w":34,"h":48},"sourceSize":{"w":34,"h":48}},{"filename":"defence_head_11","frame":{"x":594,"y":392,"w":34,"h":48},"rotated":false,"trimmed":false,"spriteSourceSize":{"x":0,"y":0,"w":34,"h":48},"sourceSize":{"w":34,"h":48}},{"filename":"defence_head_12","frame":{"x":594,"y":441,"w":34,"h":48},"rotated":false,"trimmed":false,"spriteSourceSize":{"x":0,"y":0,"w":34,"h":48},"sourceSize":{"w":34,"h":48}},{"filename":"defence_head_13","frame":{"x":594,"y":490,"w":34,"h":48},"rotated":false,"trimmed":false,"spriteSourceSize":{"x":0,"y":0,"w":34,"h":48},"sourceSize":{"w":34,"h":48}},{"filename":"defence_head_14","frame":{"x":594,"y":539,"w":34,"h":48},"rotated":false,"trimmed":false,"spriteSourceSize":{"x":0,"y":0,"w":34,"h":48},"sourceSize":{"w":34,"h":48}},{"filename":"defence_head_15","frame":{"x":594,"y":588,"w":34,"h":48},"rotated":false,"trimmed":false,"spriteSourceSize":{"x":0,"y":0,"w":34,"h":48},"sourceSize":{"w":34,"h":48}},{"filename":"defence_lElbow_00","frame":{"x":629,"y":474,"w":40,"h":26},"rotated":false,"trimmed":false,"spriteSourceSize":{"x":0,"y":0,"w":40,"h":26},"sourceSize":{"w":40,"h":26}},{"filename":"defence_lElbow_01","frame":{"x":629,"y":501,"w":40,"h":26},"rotated":false,"trimmed":false,"spriteSourceSize":{"x":0,"y":0,"w":40,"h":26},"sourceSize":{"w":40,"h":26}},{"filename":"defence_lElbow_02","frame":{"x":629,"y":528,"w":40,"h":26},"rotated":false,"trimmed":false,"spriteSourceSize":{"x":0,"y":0,"w":40,"h":26},"sourceSize":{"w":40,"h":26}},{"filename":"defence_lElbow_03","frame":{"x":629,"y":555,"w":40,"h":26},"rotated":false,"trimmed":false,"spriteSourceSize":{"x":0,"y":0,"w":40,"h":26},"sourceSize":{"w":40,"h":26}},{"filename":"defence_lElbow_04","frame":{"x":629,"y":582,"w":40,"h":26},"rotated":false,"trimmed":false,"spriteSourceSize":{"x":0,"y":0,"w":40,"h":26},"sourceSize":{"w":40,"h":26}},{"filename":"defence_lElbow_05","frame":{"x":629,"y":609,"w":40,"h":26},"rotated":false,"trimmed":false,"spriteSourceSize":{"x":0,"y":0,"w":40,"h":26},"sourceSize":{"w":40,"h":26}},{"filename":"defence_lElbow_06","frame":{"x":0,"y":639,"w":40,"h":26},"rotated":false,"trimmed":false,"spriteSourceSize":{"x":0,"y":0,"w":40,"h":26},"sourceSize":{"w":40,"h":26}},{"filename":"defence_lElbow_07","frame":{"x":41,"y":639,"w":40,"h":26},"rotated":false,"trimmed":false,"spriteSourceSize":{"x":0,"y":0,"w":40,"h":26},"sourceSize":{"w":40,"h":26}},{"filename":"defence_lElbow_08","frame":{"x":82,"y":639,"w":40,"h":26},"rotated":false,"trimmed":false,"spriteSourceSize":{"x":0,"y":0,"w":40,"h":26},"sourceSize":{"w":40,"h":26}},{"filename":"defence_lElbow_09","frame":{"x":123,"y":639,"w":40,"h":26},"rotated":false,"trimmed":false,"spriteSourceSize":{"x":0,"y":0,"w":40,"h":26},"sourceSize":{"w":40,"h":26}},{"filename":"defence_lElbow_10","frame":{"x":164,"y":639,"w":40,"h":26},"rotated":false,"trimmed":false,"spriteSourceSize":{"x":0,"y":0,"w":40,"h":26},"sourceSize":{"w":40,"h":26}},{"filename":"defence_lElbow_11","frame":{"x":205,"y":639,"w":40,"h":26},"rotated":false,"trimmed":false,"spriteSourceSize":{"x":0,"y":0,"w":40,"h":26},"sourceSize":{"w":40,"h":26}},{"filename":"defence_lElbow_12","frame":{"x":246,"y":639,"w":40,"h":26},"rotated":false,"trimmed":false,"spriteSourceSize":{"x":0,"y":0,"w":40,"h":26},"sourceSize":{"w":40,"h":26}},{"filename":"defence_lElbow_13","frame":{"x":287,"y":639,"w":40,"h":26},"rotated":false,"trimmed":false,"spriteSourceSize":{"x":0,"y":0,"w":40,"h":26},"sourceSize":{"w":40,"h":26}},{"filename":"defence_lElbow_14","frame":{"x":328,"y":639,"w":40,"h":26},"rotated":false,"trimmed":false,"spriteSourceSize":{"x":0,"y":0,"w":40,"h":26},"sourceSize":{"w":40,"h":26}},{"filename":"defence_lElbow_15","frame":{"x":369,"y":639,"w":40,"h":26},"rotated":false,"trimmed":false,"spriteSourceSize":{"x":0,"y":0,"w":40,"h":26},"sourceSize":{"w":40,"h":26}},{"filename":"defence_lForarm_00","frame":{"x":0,"y":666,"w":17,"h":39},"rotated":false,"trimmed":false,"spriteSourceSize":{"x":0,"y":0,"w":17,"h":39},"sourceSize":{"w":17,"h":39}},{"filename":"defence_lForarm_01","frame":{"x":18,"y":666,"w":17,"h":39},"rotated":false,"trimmed":false,"spriteSourceSize":{"x":0,"y":0,"w":17,"h":39},"sourceSize":{"w":17,"h":39}},{"filename":"defence_lForarm_02","frame":{"x":36,"y":666,"w":17,"h":39},"rotated":false,"trimmed":false,"spriteSourceSize":{"x":0,"y":0,"w":17,"h":39},"sourceSize":{"w":17,"h":39}},{"filename":"defence_lForarm_03","frame":{"x":54,"y":666,"w":17,"h":39},"rotated":false,"trimmed":false,"spriteSourceSize":{"x":0,"y":0,"w":17,"h":39},"sourceSize":{"w":17,"h":39}},{"filename":"defence_lForarm_04","frame":{"x":72,"y":666,"w":17,"h":39},"rotated":false,"trimmed":false,"spriteSourceSize":{"x":0,"y":0,"w":17,"h":39},"sourceSize":{"w":17,"h":39}},{"filename":"defence_lForarm_05","frame":{"x":90,"y":666,"w":17,"h":39},"rotated":false,"trimmed":false,"spriteSourceSize":{"x":0,"y":0,"w":17,"h":39},"sourceSize":{"w":17,"h":39}},{"filename":"defence_lForarm_06","frame":{"x":108,"y":666,"w":17,"h":39},"rotated":false,"trimmed":false,"spriteSourceSize":{"x":0,"y":0,"w":17,"h":39},"sourceSize":{"w":17,"h":39}},{"filename":"defence_lForarm_07","frame":{"x":126,"y":666,"w":17,"h":39},"rotated":false,"trimmed":false,"spriteSourceSize":{"x":0,"y":0,"w":17,"h":39},"sourceSize":{"w":17,"h":39}},{"filename":"defence_lForarm_08","frame":{"x":144,"y":666,"w":17,"h":39},"rotated":false,"trimmed":false,"spriteSourceSize":{"x":0,"y":0,"w":17,"h":39},"sourceSize":{"w":17,"h":39}},{"filename":"defence_lForarm_09","frame":{"x":162,"y":666,"w":17,"h":39},"rotated":false,"trimmed":false,"spriteSourceSize":{"x":0,"y":0,"w":17,"h":39},"sourceSize":{"w":17,"h":39}},{"filename":"defence_lForarm_10","frame":{"x":180,"y":666,"w":17,"h":39},"rotated":false,"trimmed":false,"spriteSourceSize":{"x":0,"y":0,"w":17,"h":39},"sourceSize":{"w":17,"h":39}},{"filename":"defence_lForarm_11","frame":{"x":198,"y":666,"w":17,"h":39},"rotated":false,"trimmed":false,"spriteSourceSize":{"x":0,"y":0,"w":17,"h":39},"sourceSize":{"w":17,"h":39}},{"filename":"defence_lForarm_12","frame":{"x":216,"y":666,"w":17,"h":39},"rotated":false,"trimmed":false,"spriteSourceSize":{"x":0,"y":0,"w":17,"h":39},"sourceSize":{"w":17,"h":39}},{"filename":"defence_lForarm_13","frame":{"x":234,"y":666,"w":17,"h":39},"rotated":false,"trimmed":false,"spriteSourceSize":{"x":0,"y":0,"w":17,"h":39},"sourceSize":{"w":17,"h":39}},{"filename":"defence_lForarm_14","frame":{"x":252,"y":666,"w":17,"h":39},"rotated":false,"trimmed":false,"spriteSourceSize":{"x":0,"y":0,"w":17,"h":39},"sourceSize":{"w":17,"h":39}},{"filename":"defence_lForarm_15","frame":{"x":270,"y":666,"w":17,"h":39},"rotated":false,"trimmed":false,"spriteSourceSize":{"x":0,"y":0,"w":17,"h":39},"sourceSize":{"w":17,"h":39}},{"filename":"defence_lHand_xx","frame":{"x":656,"y":666,"w":23,"h":32},"rotated":false,"trimmed":false,"spriteSourceSize":{"x":0,"y":0,"w":23,"h":32},"sourceSize":{"w":23,"h":32}},{"filename":"defence_lShin_00","frame":{"x":192,"y":0,"w":29,"h":108},"rotated":false,"trimmed":false,"spriteSourceSize":{"x":0,"y":0,"w":29,"h":108},"sourceSize":{"w":29,"h":108}},{"filename":"defence_lShin_01","frame":{"x":222,"y":0,"w":29,"h":108},"rotated":false,"trimmed":false,"spriteSourceSize":{"x":0,"y":0,"w":29,"h":108},"sourceSize":{"w":29,"h":108}},{"filename":"defence_lShin_02","frame":{"x":0,"y":162,"w":29,"h":108},"rotated":false,"trimmed":false,"spriteSourceSize":{"x":0,"y":0,"w":29,"h":108},"sourceSize":{"w":29,"h":108}},{"filename":"defence_lShin_03","frame":{"x":30,"y":162,"w":29,"h":108},"rotated":false,"trimmed":false,"spriteSourceSize":{"x":0,"y":0,"w":29,"h":108},"sourceSize":{"w":29,"h":108}},{"filename":"defence_lShin_04","frame":{"x":60,"y":162,"w":29,"h":108},"rotated":false,"trimmed":false,"spriteSourceSize":{"x":0,"y":0,"w":29,"h":108},"sourceSize":{"w":29,"h":108}},{"filename":"defence_lShin_05","frame":{"x":90,"y":162,"w":29,"h":108},"rotated":false,"trimmed":false,"spriteSourceSize":{"x":0,"y":0,"w":29,"h":108},"sourceSize":{"w":29,"h":108}},{"filename":"defence_lShin_06","frame":{"x":120,"y":162,"w":29,"h":108},"rotated":false,"trimmed":false,"spriteSourceSize":{"x":0,"y":0,"w":29,"h":108},"sourceSize":{"w":29,"h":108}},{"filename":"defence_lShin_07","frame":{"x":150,"y":162,"w":29,"h":108},"rotated":false,"trimmed":false,"spriteSourceSize":{"x":0,"y":0,"w":29,"h":108},"sourceSize":{"w":29,"h":108}},{"filename":"defence_lShin_08","frame":{"x":180,"y":162,"w":29,"h":108},"rotated":false,"trimmed":false,"spriteSourceSize":{"x":0,"y":0,"w":29,"h":108},"sourceSize":{"w":29,"h":108}},{"filename":"defence_lShin_09","frame":{"x":210,"y":162,"w":29,"h":108},"rotated":false,"trimmed":false,"spriteSourceSize":{"x":0,"y":0,"w":29,"h":108},"sourceSize":{"w":29,"h":108}},{"filename":"defence_lShin_10","frame":{"x":252,"y":0,"w":29,"h":108},"rotated":false,"trimmed":false,"spriteSourceSize":{"x":0,"y":0,"w":29,"h":108},"sourceSize":{"w":29,"h":108}},{"filename":"defence_lShin_11","frame":{"x":252,"y":109,"w":29,"h":108},"rotated":false,"trimmed":false,"spriteSourceSize":{"x":0,"y":0,"w":29,"h":108},"sourceSize":{"w":29,"h":108}},{"filename":"defence_lShin_12","frame":{"x":282,"y":0,"w":29,"h":108},"rotated":false,"trimmed":false,"spriteSourceSize":{"x":0,"y":0,"w":29,"h":108},"sourceSize":{"w":29,"h":108}},{"filename":"defence_lShin_13","frame":{"x":282,"y":109,"w":29,"h":108},"rotated":false,"trimmed":false,"spriteSourceSize":{"x":0,"y":0,"w":29,"h":108},"sourceSize":{"w":29,"h":108}},{"filename":"defence_lShin_14","frame":{"x":312,"y":0,"w":29,"h":108},"rotated":false,"trimmed":false,"spriteSourceSize":{"x":0,"y":0,"w":29,"h":108},"sourceSize":{"w":29,"h":108}},{"filename":"defence_lShin_15","frame":{"x":312,"y":109,"w":29,"h":108},"rotated":false,"trimmed":false,"spriteSourceSize":{"x":0,"y":0,"w":29,"h":108},"sourceSize":{"w":29,"h":108}},{"filename":"defence_lShin_reflection_00","frame":{"x":81,"y":380,"w":56,"h":23},"rotated":false,"trimmed":false,"spriteSourceSize":{"x":0,"y":0,"w":56,"h":23},"sourceSize":{"w":56,"h":23}},{"filename":"defence_lSholder_00","frame":{"x":196,"y":597,"w":42,"h":36},"rotated":false,"trimmed":false,"spriteSourceSize":{"x":0,"y":0,"w":42,"h":36},"sourceSize":{"w":42,"h":36}},{"filename":"defence_lSholder_01","frame":{"x":239,"y":597,"w":42,"h":36},"rotated":false,"trimmed":false,"spriteSourceSize":{"x":0,"y":0,"w":42,"h":36},"sourceSize":{"w":42,"h":36}},{"filename":"defence_lSholder_02","frame":{"x":282,"y":597,"w":42,"h":36},"rotated":false,"trimmed":false,"spriteSourceSize":{"x":0,"y":0,"w":42,"h":36},"sourceSize":{"w":42,"h":36}},{"filename":"defence_lSholder_03","frame":{"x":325,"y":597,"w":42,"h":36},"rotated":false,"trimmed":false,"spriteSourceSize":{"x":0,"y":0,"w":42,"h":36},"sourceSize":{"w":42,"h":36}},{"filename":"defence_lSholder_04","frame":{"x":368,"y":597,"w":42,"h":36},"rotated":false,"trimmed":false,"spriteSourceSize":{"x":0,"y":0,"w":42,"h":36},"sourceSize":{"w":42,"h":36}},{"filename":"defence_lSholder_05","frame":{"x":411,"y":597,"w":42,"h":36},"rotated":false,"trimmed":false,"spriteSourceSize":{"x":0,"y":0,"w":42,"h":36},"sourceSize":{"w":42,"h":36}},{"filename":"defence_lSholder_06","frame":{"x":454,"y":597,"w":42,"h":36},"rotated":false,"trimmed":false,"spriteSourceSize":{"x":0,"y":0,"w":42,"h":36},"sourceSize":{"w":42,"h":36}},{"filename":"defence_lSholder_07","frame":{"x":497,"y":597,"w":42,"h":36},"rotated":false,"trimmed":false,"spriteSourceSize":{"x":0,"y":0,"w":42,"h":36},"sourceSize":{"w":42,"h":36}},{"filename":"defence_lSholder_08","frame":{"x":540,"y":597,"w":42,"h":36},"rotated":false,"trimmed":false,"spriteSourceSize":{"x":0,"y":0,"w":42,"h":36},"sourceSize":{"w":42,"h":36}},{"filename":"defence_lSholder_09","frame":{"x":508,"y":513,"w":42,"h":36},"rotated":false,"trimmed":false,"spriteSourceSize":{"x":0,"y":0,"w":42,"h":36},"sourceSize":{"w":42,"h":36}},{"filename":"defence_lSholder_10","frame":{"x":629,"y":0,"w":42,"h":36},"rotated":false,"trimmed":false,"spriteSourceSize":{"x":0,"y":0,"w":42,"h":36},"sourceSize":{"w":42,"h":36}},{"filename":"defence_lSholder_11","frame":{"x":629,"y":37,"w":42,"h":36},"rotated":false,"trimmed":false,"spriteSourceSize":{"x":0,"y":0,"w":42,"h":36},"sourceSize":{"w":42,"h":36}},{"filename":"defence_lSholder_12","frame":{"x":629,"y":74,"w":42,"h":36},"rotated":false,"trimmed":false,"spriteSourceSize":{"x":0,"y":0,"w":42,"h":36},"sourceSize":{"w":42,"h":36}},{"filename":"defence_lSholder_13","frame":{"x":629,"y":111,"w":42,"h":36},"rotated":false,"trimmed":false,"spriteSourceSize":{"x":0,"y":0,"w":42,"h":36},"sourceSize":{"w":42,"h":36}},{"filename":"defence_lSholder_14","frame":{"x":629,"y":148,"w":42,"h":36},"rotated":false,"trimmed":false,"spriteSourceSize":{"x":0,"y":0,"w":42,"h":36},"sourceSize":{"w":42,"h":36}},{"filename":"defence_lSholder_15","frame":{"x":629,"y":185,"w":42,"h":36},"rotated":false,"trimmed":false,"spriteSourceSize":{"x":0,"y":0,"w":42,"h":36},"sourceSize":{"w":42,"h":36}},{"filename":"defence_lThigh_00","frame":{"x":64,"y":493,"w":44,"h":57},"rotated":false,"trimmed":false,"spriteSourceSize":{"x":0,"y":0,"w":44,"h":57},"sourceSize":{"w":44,"h":57}},{"filename":"defence_lThigh_01","frame":{"x":109,"y":493,"w":44,"h":57},"rotated":false,"trimmed":false,"spriteSourceSize":{"x":0,"y":0,"w":44,"h":57},"sourceSize":{"w":44,"h":57}},{"filename":"defence_lThigh_02","frame":{"x":154,"y":493,"w":44,"h":57},"rotated":false,"trimmed":false,"spriteSourceSize":{"x":0,"y":0,"w":44,"h":57},"sourceSize":{"w":44,"h":57}},{"filename":"defence_lThigh_03","frame":{"x":199,"y":493,"w":44,"h":57},"rotated":false,"trimmed":false,"spriteSourceSize":{"x":0,"y":0,"w":44,"h":57},"sourceSize":{"w":44,"h":57}},{"filename":"defence_lThigh_04","frame":{"x":244,"y":493,"w":44,"h":57},"rotated":false,"trimmed":false,"spriteSourceSize":{"x":0,"y":0,"w":44,"h":57},"sourceSize":{"w":44,"h":57}},{"filename":"defence_lThigh_05","frame":{"x":289,"y":493,"w":44,"h":57},"rotated":false,"trimmed":false,"spriteSourceSize":{"x":0,"y":0,"w":44,"h":57},"sourceSize":{"w":44,"h":57}},{"filename":"defence_lThigh_06","frame":{"x":334,"y":493,"w":44,"h":57},"rotated":false,"trimmed":false,"spriteSourceSize":{"x":0,"y":0,"w":44,"h":57},"sourceSize":{"w":44,"h":57}},{"filename":"defence_lThigh_07","frame":{"x":379,"y":493,"w":44,"h":57},"rotated":false,"trimmed":false,"spriteSourceSize":{"x":0,"y":0,"w":44,"h":57},"sourceSize":{"w":44,"h":57}},{"filename":"defence_lThigh_08","frame":{"x":424,"y":493,"w":44,"h":57},"rotated":false,"trimmed":false,"spriteSourceSize":{"x":0,"y":0,"w":44,"h":57},"sourceSize":{"w":44,"h":57}},{"filename":"defence_lThigh_09","frame":{"x":455,"y":138,"w":44,"h":57},"rotated":false,"trimmed":false,"spriteSourceSize":{"x":0,"y":0,"w":44,"h":57},"sourceSize":{"w":44,"h":57}},{"filename":"defence_lThigh_10","frame":{"x":455,"y":196,"w":44,"h":57},"rotated":false,"trimmed":false,"spriteSourceSize":{"x":0,"y":0,"w":44,"h":57},"sourceSize":{"w":44,"h":57}},{"filename":"defence_lThigh_11","frame":{"x":455,"y":254,"w":44,"h":57},"rotated":false,"trimmed":false,"spriteSourceSize":{"x":0,"y":0,"w":44,"h":57},"sourceSize":{"w":44,"h":57}},{"filename":"defence_lThigh_12","frame":{"x":455,"y":312,"w":44,"h":57},"rotated":false,"trimmed":false,"spriteSourceSize":{"x":0,"y":0,"w":44,"h":57},"sourceSize":{"w":44,"h":57}},{"filename":"defence_lThigh_13","frame":{"x":455,"y":370,"w":44,"h":57},"rotated":false,"trimmed":false,"spriteSourceSize":{"x":0,"y":0,"w":44,"h":57},"sourceSize":{"w":44,"h":57}},{"filename":"defence_lThigh_14","frame":{"x":508,"y":0,"w":42,"h":56},"rotated":false,"trimmed":false,"spriteSourceSize":{"x":0,"y":0,"w":42,"h":56},"sourceSize":{"w":42,"h":56}},{"filename":"defence_lThigh_15","frame":{"x":455,"y":428,"w":44,"h":57},"rotated":false,"trimmed":false,"spriteSourceSize":{"x":0,"y":0,"w":44,"h":57},"sourceSize":{"w":44,"h":57}},{"filename":"defence_lThumb_xx","frame":{"x":410,"y":639,"w":8,"h":22},"rotated":false,"trimmed":false,"spriteSourceSize":{"x":0,"y":0,"w":8,"h":22},"sourceSize":{"w":8,"h":22}},{"filename":"defence_pelvice_00","frame":{"x":0,"y":555,"w":48,"h":41},"rotated":false,"trimmed":false,"spriteSourceSize":{"x":0,"y":0,"w":48,"h":41},"sourceSize":{"w":48,"h":41}},{"filename":"defence_pelvice_01","frame":{"x":49,"y":555,"w":48,"h":41},"rotated":false,"trimmed":false,"spriteSourceSize":{"x":0,"y":0,"w":48,"h":41},"sourceSize":{"w":48,"h":41}},{"filename":"defence_pelvice_02","frame":{"x":98,"y":555,"w":48,"h":41},"rotated":false,"trimmed":false,"spriteSourceSize":{"x":0,"y":0,"w":48,"h":41},"sourceSize":{"w":48,"h":41}},{"filename":"defence_pelvice_03","frame":{"x":147,"y":555,"w":48,"h":41},"rotated":false,"trimmed":false,"spriteSourceSize":{"x":0,"y":0,"w":48,"h":41},"sourceSize":{"w":48,"h":41}},{"filename":"defence_pelvice_04","frame":{"x":196,"y":555,"w":48,"h":41},"rotated":false,"trimmed":false,"spriteSourceSize":{"x":0,"y":0,"w":48,"h":41},"sourceSize":{"w":48,"h":41}},{"filename":"defence_pelvice_05","frame":{"x":245,"y":555,"w":48,"h":41},"rotated":false,"trimmed":false,"spriteSourceSize":{"x":0,"y":0,"w":48,"h":41},"sourceSize":{"w":48,"h":41}},{"filename":"defence_pelvice_06","frame":{"x":294,"y":555,"w":48,"h":41},"rotated":false,"trimmed":false,"spriteSourceSize":{"x":0,"y":0,"w":48,"h":41},"sourceSize":{"w":48,"h":41}},{"filename":"defence_pelvice_07","frame":{"x":343,"y":555,"w":48,"h":41},"rotated":false,"trimmed":false,"spriteSourceSize":{"x":0,"y":0,"w":48,"h":41},"sourceSize":{"w":48,"h":41}},{"filename":"defence_pelvice_08","frame":{"x":392,"y":555,"w":48,"h":41},"rotated":false,"trimmed":false,"spriteSourceSize":{"x":0,"y":0,"w":48,"h":41},"sourceSize":{"w":48,"h":41}},{"filename":"defence_pelvice_09","frame":{"x":441,"y":555,"w":48,"h":41},"rotated":false,"trimmed":false,"spriteSourceSize":{"x":0,"y":0,"w":48,"h":41},"sourceSize":{"w":48,"h":41}},{"filename":"defence_pelvice_10","frame":{"x":490,"y":555,"w":48,"h":41},"rotated":false,"trimmed":false,"spriteSourceSize":{"x":0,"y":0,"w":48,"h":41},"sourceSize":{"w":48,"h":41}},{"filename":"defence_pelvice_11","frame":{"x":539,"y":555,"w":48,"h":41},"rotated":false,"trimmed":false,"spriteSourceSize":{"x":0,"y":0,"w":48,"h":41},"sourceSize":{"w":48,"h":41}},{"filename":"defence_pelvice_12","frame":{"x":0,"y":597,"w":48,"h":41},"rotated":false,"trimmed":false,"spriteSourceSize":{"x":0,"y":0,"w":48,"h":41},"sourceSize":{"w":48,"h":41}},{"filename":"defence_pelvice_13","frame":{"x":49,"y":597,"w":48,"h":41},"rotated":false,"trimmed":false,"spriteSourceSize":{"x":0,"y":0,"w":48,"h":41},"sourceSize":{"w":48,"h":41}},{"filename":"defence_pelvice_14","frame":{"x":98,"y":597,"w":48,"h":41},"rotated":false,"trimmed":false,"spriteSourceSize":{"x":0,"y":0,"w":48,"h":41},"sourceSize":{"w":48,"h":41}},{"filename":"defence_pelvice_15","frame":{"x":147,"y":597,"w":48,"h":41},"rotated":false,"trimmed":false,"spriteSourceSize":{"x":0,"y":0,"w":48,"h":41},"sourceSize":{"w":48,"h":41}},{"filename":"defence_rElbow_00","frame":{"x":672,"y":0,"w":23,"h":40},"rotated":false,"trimmed":false,"spriteSourceSize":{"x":0,"y":0,"w":23,"h":40},"sourceSize":{"w":23,"h":40}},{"filename":"defence_rElbow_01","frame":{"x":672,"y":41,"w":23,"h":40},"rotated":false,"trimmed":false,"spriteSourceSize":{"x":0,"y":0,"w":23,"h":40},"sourceSize":{"w":23,"h":40}},{"filename":"defence_rElbow_02","frame":{"x":672,"y":82,"w":23,"h":40},"rotated":false,"trimmed":false,"spriteSourceSize":{"x":0,"y":0,"w":23,"h":40},"sourceSize":{"w":23,"h":40}},{"filename":"defence_rElbow_03","frame":{"x":672,"y":123,"w":23,"h":40},"rotated":false,"trimmed":false,"spriteSourceSize":{"x":0,"y":0,"w":23,"h":40},"sourceSize":{"w":23,"h":40}},{"filename":"defence_rElbow_04","frame":{"x":672,"y":164,"w":23,"h":40},"rotated":false,"trimmed":false,"spriteSourceSize":{"x":0,"y":0,"w":23,"h":40},"sourceSize":{"w":23,"h":40}},{"filename":"defence_rElbow_05","frame":{"x":672,"y":205,"w":23,"h":40},"rotated":false,"trimmed":false,"spriteSourceSize":{"x":0,"y":0,"w":23,"h":40},"sourceSize":{"w":23,"h":40}},{"filename":"defence_rElbow_06","frame":{"x":672,"y":246,"w":23,"h":40},"rotated":false,"trimmed":false,"spriteSourceSize":{"x":0,"y":0,"w":23,"h":40},"sourceSize":{"w":23,"h":40}},{"filename":"defence_rElbow_07","frame":{"x":672,"y":287,"w":23,"h":40},"rotated":false,"trimmed":false,"spriteSourceSize":{"x":0,"y":0,"w":23,"h":40},"sourceSize":{"w":23,"h":40}},{"filename":"defence_rElbow_08","frame":{"x":672,"y":328,"w":23,"h":40},"rotated":false,"trimmed":false,"spriteSourceSize":{"x":0,"y":0,"w":23,"h":40},"sourceSize":{"w":23,"h":40}},{"filename":"defence_rElbow_09","frame":{"x":672,"y":369,"w":23,"h":40},"rotated":false,"trimmed":false,"spriteSourceSize":{"x":0,"y":0,"w":23,"h":40},"sourceSize":{"w":23,"h":40}},{"filename":"defence_rElbow_10","frame":{"x":672,"y":410,"w":23,"h":40},"rotated":false,"trimmed":false,"spriteSourceSize":{"x":0,"y":0,"w":23,"h":40},"sourceSize":{"w":23,"h":40}},{"filename":"defence_rElbow_11","frame":{"x":672,"y":451,"w":23,"h":40},"rotated":false,"trimmed":false,"spriteSourceSize":{"x":0,"y":0,"w":23,"h":40},"sourceSize":{"w":23,"h":40}},{"filename":"defence_rElbow_12","frame":{"x":672,"y":492,"w":23,"h":40},"rotated":false,"trimmed":false,"spriteSourceSize":{"x":0,"y":0,"w":23,"h":40},"sourceSize":{"w":23,"h":40}},{"filename":"defence_rElbow_13","frame":{"x":672,"y":533,"w":23,"h":40},"rotated":false,"trimmed":false,"spriteSourceSize":{"x":0,"y":0,"w":23,"h":40},"sourceSize":{"w":23,"h":40}},{"filename":"defence_rElbow_14","frame":{"x":672,"y":574,"w":23,"h":40},"rotated":false,"trimmed":false,"spriteSourceSize":{"x":0,"y":0,"w":23,"h":40},"sourceSize":{"w":23,"h":40}},{"filename":"defence_rElbow_15","frame":{"x":672,"y":615,"w":23,"h":40},"rotated":false,"trimmed":false,"spriteSourceSize":{"x":0,"y":0,"w":23,"h":40},"sourceSize":{"w":23,"h":40}},{"filename":"defence_rForarm_00","frame":{"x":288,"y":666,"w":22,"h":38},"rotated":false,"trimmed":false,"spriteSourceSize":{"x":0,"y":0,"w":22,"h":38},"sourceSize":{"w":22,"h":38}},{"filename":"defence_rForarm_01","frame":{"x":311,"y":666,"w":22,"h":38},"rotated":false,"trimmed":false,"spriteSourceSize":{"x":0,"y":0,"w":22,"h":38},"sourceSize":{"w":22,"h":38}},{"filename":"defence_rForarm_02","frame":{"x":334,"y":666,"w":22,"h":38},"rotated":false,"trimmed":false,"spriteSourceSize":{"x":0,"y":0,"w":22,"h":38},"sourceSize":{"w":22,"h":38}},{"filename":"defence_rForarm_03","frame":{"x":357,"y":666,"w":22,"h":38},"rotated":false,"trimmed":false,"spriteSourceSize":{"x":0,"y":0,"w":22,"h":38},"sourceSize":{"w":22,"h":38}},{"filename":"defence_rForarm_04","frame":{"x":380,"y":666,"w":22,"h":38},"rotated":false,"trimmed":false,"spriteSourceSize":{"x":0,"y":0,"w":22,"h":38},"sourceSize":{"w":22,"h":38}},{"filename":"defence_rForarm_05","frame":{"x":403,"y":666,"w":22,"h":38},"rotated":false,"trimmed":false,"spriteSourceSize":{"x":0,"y":0,"w":22,"h":38},"sourceSize":{"w":22,"h":38}},{"filename":"defence_rForarm_06","frame":{"x":426,"y":666,"w":22,"h":38},"rotated":false,"trimmed":false,"spriteSourceSize":{"x":0,"y":0,"w":22,"h":38},"sourceSize":{"w":22,"h":38}},{"filename":"defence_rForarm_07","frame":{"x":449,"y":666,"w":22,"h":38},"rotated":false,"trimmed":false,"spriteSourceSize":{"x":0,"y":0,"w":22,"h":38},"sourceSize":{"w":22,"h":38}},{"filename":"defence_rForarm_08","frame":{"x":472,"y":666,"w":22,"h":38},"rotated":false,"trimmed":false,"spriteSourceSize":{"x":0,"y":0,"w":22,"h":38},"sourceSize":{"w":22,"h":38}},{"filename":"defence_rForarm_09","frame":{"x":495,"y":666,"w":22,"h":38},"rotated":false,"trimmed":false,"spriteSourceSize":{"x":0,"y":0,"w":22,"h":38},"sourceSize":{"w":22,"h":38}},{"filename":"defence_rForarm_10","frame":{"x":518,"y":666,"w":22,"h":38},"rotated":false,"trimmed":false,"spriteSourceSize":{"x":0,"y":0,"w":22,"h":38},"sourceSize":{"w":22,"h":38}},{"filename":"defence_rForarm_11","frame":{"x":541,"y":666,"w":22,"h":38},"rotated":false,"trimmed":false,"spriteSourceSize":{"x":0,"y":0,"w":22,"h":38},"sourceSize":{"w":22,"h":38}},{"filename":"defence_rForarm_12","frame":{"x":564,"y":666,"w":22,"h":38},"rotated":false,"trimmed":false,"spriteSourceSize":{"x":0,"y":0,"w":22,"h":38},"sourceSize":{"w":22,"h":38}},{"filename":"defence_rForarm_13","frame":{"x":587,"y":666,"w":22,"h":38},"rotated":false,"trimmed":false,"spriteSourceSize":{"x":0,"y":0,"w":22,"h":38},"sourceSize":{"w":22,"h":38}},{"filename":"defence_rForarm_14","frame":{"x":610,"y":666,"w":22,"h":38},"rotated":false,"trimmed":false,"spriteSourceSize":{"x":0,"y":0,"w":22,"h":38},"sourceSize":{"w":22,"h":38}},{"filename":"defence_rForarm_15","frame":{"x":633,"y":666,"w":22,"h":38},"rotated":false,"trimmed":false,"spriteSourceSize":{"x":0,"y":0,"w":22,"h":38},"sourceSize":{"w":22,"h":38}},{"filename":"defence_rHand_xx","frame":{"x":372,"y":344,"w":29,"h":27},"rotated":false,"trimmed":false,"spriteSourceSize":{"x":0,"y":0,"w":29,"h":27},"sourceSize":{"w":29,"h":27}},{"filename":"defence_rShin_00","frame":{"x":342,"y":0,"w":29,"h":108},"rotated":false,"trimmed":false,"spriteSourceSize":{"x":0,"y":0,"w":29,"h":108},"sourceSize":{"w":29,"h":108}},{"filename":"defence_rShin_01","frame":{"x":342,"y":109,"w":29,"h":108},"rotated":false,"trimmed":false,"spriteSourceSize":{"x":0,"y":0,"w":29,"h":108},"sourceSize":{"w":29,"h":108}},{"filename":"defence_rShin_02","frame":{"x":0,"y":271,"w":29,"h":108},"rotated":false,"trimmed":false,"spriteSourceSize":{"x":0,"y":0,"w":29,"h":108},"sourceSize":{"w":29,"h":108}},{"filename":"defence_rShin_03","frame":{"x":30,"y":271,"w":29,"h":108},"rotated":false,"trimmed":false,"spriteSourceSize":{"x":0,"y":0,"w":29,"h":108},"sourceSize":{"w":29,"h":108}},{"filename":"defence_rShin_04","frame":{"x":60,"y":271,"w":29,"h":108},"rotated":false,"trimmed":false,"spriteSourceSize":{"x":0,"y":0,"w":29,"h":108},"sourceSize":{"w":29,"h":108}},{"filename":"defence_rShin_05","frame":{"x":90,"y":271,"w":29,"h":108},"rotated":false,"trimmed":false,"spriteSourceSize":{"x":0,"y":0,"w":29,"h":108},"sourceSize":{"w":29,"h":108}},{"filename":"defence_rShin_06","frame":{"x":120,"y":271,"w":29,"h":108},"rotated":false,"trimmed":false,"spriteSourceSize":{"x":0,"y":0,"w":29,"h":108},"sourceSize":{"w":29,"h":108}},{"filename":"defence_rShin_07","frame":{"x":150,"y":271,"w":29,"h":108},"rotated":false,"trimmed":false,"spriteSourceSize":{"x":0,"y":0,"w":29,"h":108},"sourceSize":{"w":29,"h":108}},{"filename":"defence_rShin_08","frame":{"x":180,"y":271,"w":29,"h":108},"rotated":false,"trimmed":false,"spriteSourceSize":{"x":0,"y":0,"w":29,"h":108},"sourceSize":{"w":29,"h":108}},{"filename":"defence_rShin_09","frame":{"x":210,"y":271,"w":29,"h":108},"rotated":false,"trimmed":false,"spriteSourceSize":{"x":0,"y":0,"w":29,"h":108},"sourceSize":{"w":29,"h":108}},{"filename":"defence_rShin_10","frame":{"x":240,"y":271,"w":29,"h":108},"rotated":false,"trimmed":false,"spriteSourceSize":{"x":0,"y":0,"w":29,"h":108},"sourceSize":{"w":29,"h":108}},{"filename":"defence_rShin_11","frame":{"x":270,"y":271,"w":29,"h":108},"rotated":false,"trimmed":false,"spriteSourceSize":{"x":0,"y":0,"w":29,"h":108},"sourceSize":{"w":29,"h":108}},{"filename":"defence_rShin_12","frame":{"x":300,"y":271,"w":29,"h":108},"rotated":false,"trimmed":false,"spriteSourceSize":{"x":0,"y":0,"w":29,"h":108},"sourceSize":{"w":29,"h":108}},{"filename":"defence_rShin_13","frame":{"x":330,"y":271,"w":29,"h":108},"rotated":false,"trimmed":false,"spriteSourceSize":{"x":0,"y":0,"w":29,"h":108},"sourceSize":{"w":29,"h":108}},{"filename":"defence_rShin_14","frame":{"x":372,"y":0,"w":29,"h":108},"rotated":false,"trimmed":false,"spriteSourceSize":{"x":0,"y":0,"w":29,"h":108},"sourceSize":{"w":29,"h":108}},{"filename":"defence_rShin_15","frame":{"x":372,"y":109,"w":29,"h":108},"rotated":false,"trimmed":false,"spriteSourceSize":{"x":0,"y":0,"w":29,"h":108},"sourceSize":{"w":29,"h":108}},{"filename":"defence_rShin_reflection_00","frame":{"x":138,"y":380,"w":56,"h":23},"rotated":false,"trimmed":false,"spriteSourceSize":{"x":0,"y":0,"w":56,"h":23},"sourceSize":{"w":56,"h":23}},{"filename":"defence_rSholder_00","frame":{"x":424,"y":424,"w":28,"h":41},"rotated":false,"trimmed":false,"spriteSourceSize":{"x":0,"y":0,"w":28,"h":41},"sourceSize":{"w":28,"h":41}},{"filename":"defence_rSholder_01","frame":{"x":192,"y":109,"w":28,"h":41},"rotated":false,"trimmed":false,"spriteSourceSize":{"x":0,"y":0,"w":28,"h":41},"sourceSize":{"w":28,"h":41}},{"filename":"defence_rSholder_02","frame":{"x":222,"y":109,"w":28,"h":41},"rotated":false,"trimmed":false,"spriteSourceSize":{"x":0,"y":0,"w":28,"h":41},"sourceSize":{"w":28,"h":41}},{"filename":"defence_rSholder_03","frame":{"x":252,"y":218,"w":28,"h":41},"rotated":false,"trimmed":false,"spriteSourceSize":{"x":0,"y":0,"w":28,"h":41},"sourceSize":{"w":28,"h":41}},{"filename":"defence_rSholder_04","frame":{"x":282,"y":218,"w":28,"h":41},"rotated":false,"trimmed":false,"spriteSourceSize":{"x":0,"y":0,"w":28,"h":41},"sourceSize":{"w":28,"h":41}},{"filename":"defence_rSholder_05","frame":{"x":312,"y":218,"w":28,"h":41},"rotated":false,"trimmed":false,"spriteSourceSize":{"x":0,"y":0,"w":28,"h":41},"sourceSize":{"w":28,"h":41}},{"filename":"defence_rSholder_06","frame":{"x":342,"y":218,"w":28,"h":41},"rotated":false,"trimmed":false,"spriteSourceSize":{"x":0,"y":0,"w":28,"h":41},"sourceSize":{"w":28,"h":41}},{"filename":"defence_rSholder_07","frame":{"x":372,"y":218,"w":28,"h":41},"rotated":false,"trimmed":false,"spriteSourceSize":{"x":0,"y":0,"w":28,"h":41},"sourceSize":{"w":28,"h":41}},{"filename":"defence_rSholder_08","frame":{"x":372,"y":260,"w":28,"h":41},"rotated":false,"trimmed":false,"spriteSourceSize":{"x":0,"y":0,"w":28,"h":41},"sourceSize":{"w":28,"h":41}},{"filename":"defence_rSholder_09","frame":{"x":372,"y":302,"w":28,"h":41},"rotated":false,"trimmed":false,"spriteSourceSize":{"x":0,"y":0,"w":28,"h":41},"sourceSize":{"w":28,"h":41}},{"filename":"defence_rSholder_10","frame":{"x":629,"y":222,"w":28,"h":41},"rotated":false,"trimmed":false,"spriteSourceSize":{"x":0,"y":0,"w":28,"h":41},"sourceSize":{"w":28,"h":41}},{"filename":"defence_rSholder_11","frame":{"x":629,"y":264,"w":28,"h":41},"rotated":false,"trimmed":false,"spriteSourceSize":{"x":0,"y":0,"w":28,"h":41},"sourceSize":{"w":28,"h":41}},{"filename":"defence_rSholder_12","frame":{"x":629,"y":306,"w":28,"h":41},"rotated":false,"trimmed":false,"spriteSourceSize":{"x":0,"y":0,"w":28,"h":41},"sourceSize":{"w":28,"h":41}},{"filename":"defence_rSholder_13","frame":{"x":629,"y":348,"w":28,"h":41},"rotated":false,"trimmed":false,"spriteSourceSize":{"x":0,"y":0,"w":28,"h":41},"sourceSize":{"w":28,"h":41}},{"filename":"defence_rSholder_14","frame":{"x":629,"y":390,"w":28,"h":41},"rotated":false,"trimmed":false,"spriteSourceSize":{"x":0,"y":0,"w":28,"h":41},"sourceSize":{"w":28,"h":41}},{"filename":"defence_rSholder_15","frame":{"x":629,"y":432,"w":28,"h":41},"rotated":false,"trimmed":false,"spriteSourceSize":{"x":0,"y":0,"w":28,"h":41},"sourceSize":{"w":28,"h":41}},{"filename":"defence_rThigh_00","frame":{"x":508,"y":57,"w":42,"h":56},"rotated":false,"trimmed":false,"spriteSourceSize":{"x":0,"y":0,"w":42,"h":56},"sourceSize":{"w":42,"h":56}},{"filename":"defence_rThigh_01","frame":{"x":508,"y":114,"w":42,"h":56},"rotated":false,"trimmed":false,"spriteSourceSize":{"x":0,"y":0,"w":42,"h":56},"sourceSize":{"w":42,"h":56}},{"filename":"defence_rThigh_02","frame":{"x":508,"y":171,"w":42,"h":56},"rotated":false,"trimmed":false,"spriteSourceSize":{"x":0,"y":0,"w":42,"h":56},"sourceSize":{"w":42,"h":56}},{"filename":"defence_rThigh_03","frame":{"x":508,"y":228,"w":42,"h":56},"rotated":false,"trimmed":false,"spriteSourceSize":{"x":0,"y":0,"w":42,"h":56},"sourceSize":{"w":42,"h":56}},{"filename":"defence_rThigh_04","frame":{"x":508,"y":285,"w":42,"h":56},"rotated":false,"trimmed":false,"spriteSourceSize":{"x":0,"y":0,"w":42,"h":56},"sourceSize":{"w":42,"h":56}},{"filename":"defence_rThigh_05","frame":{"x":508,"y":342,"w":42,"h":56},"rotated":false,"trimmed":false,"spriteSourceSize":{"x":0,"y":0,"w":42,"h":56},"sourceSize":{"w":42,"h":56}},{"filename":"defence_rThigh_06","frame":{"x":508,"y":399,"w":42,"h":56},"rotated":false,"trimmed":false,"spriteSourceSize":{"x":0,"y":0,"w":42,"h":56},"sourceSize":{"w":42,"h":56}},{"filename":"defence_rThigh_07","frame":{"x":508,"y":456,"w":42,"h":56},"rotated":false,"trimmed":false,"spriteSourceSize":{"x":0,"y":0,"w":42,"h":56},"sourceSize":{"w":42,"h":56}},{"filename":"defence_rThigh_08","frame":{"x":551,"y":0,"w":42,"h":56},"rotated":false,"trimmed":false,"spriteSourceSize":{"x":0,"y":0,"w":42,"h":56},"sourceSize":{"w":42,"h":56}},{"filename":"defence_rThigh_09","frame":{"x":551,"y":57,"w":42,"h":56},"rotated":false,"trimmed":false,"spriteSourceSize":{"x":0,"y":0,"w":42,"h":56},"sourceSize":{"w":42,"h":56}},{"filename":"defence_rThigh_10","frame":{"x":551,"y":114,"w":42,"h":56},"rotated":false,"trimmed":false,"spriteSourceSize":{"x":0,"y":0,"w":42,"h":56},"sourceSize":{"w":42,"h":56}},{"filename":"defence_rThigh_11","frame":{"x":551,"y":171,"w":42,"h":56},"rotated":false,"trimmed":false,"spriteSourceSize":{"x":0,"y":0,"w":42,"h":56},"sourceSize":{"w":42,"h":56}},{"filename":"defence_rThigh_12","frame":{"x":551,"y":228,"w":42,"h":56},"rotated":false,"trimmed":false,"spriteSourceSize":{"x":0,"y":0,"w":42,"h":56},"sourceSize":{"w":42,"h":56}},{"filename":"defence_rThigh_13","frame":{"x":551,"y":285,"w":42,"h":56},"rotated":false,"trimmed":false,"spriteSourceSize":{"x":0,"y":0,"w":42,"h":56},"sourceSize":{"w":42,"h":56}},{"filename":"defence_rThigh_14","frame":{"x":551,"y":342,"w":42,"h":56},"rotated":false,"trimmed":false,"spriteSourceSize":{"x":0,"y":0,"w":42,"h":56},"sourceSize":{"w":42,"h":56}},{"filename":"defence_rThigh_15","frame":{"x":551,"y":399,"w":42,"h":56},"rotated":false,"trimmed":false,"spriteSourceSize":{"x":0,"y":0,"w":42,"h":56},"sourceSize":{"w":42,"h":56}},{"filename":"defence_rThumb_xx","frame":{"x":680,"y":666,"w":15,"h":22},"rotated":false,"trimmed":false,"spriteSourceSize":{"x":0,"y":0,"w":15,"h":22},"sourceSize":{"w":15,"h":22}},{"filename":"defence_stick_reflection_xx","frame":{"x":0,"y":380,"w":80,"h":43},"rotated":false,"trimmed":false,"spriteSourceSize":{"x":0,"y":0,"w":80,"h":43},"sourceSize":{"w":80,"h":43}},{"filename":"defence_stick_xx","frame":{"x":0,"y":0,"w":191,"h":161},"rotated":false,"trimmed":false,"spriteSourceSize":{"x":0,"y":0,"w":191,"h":161},"sourceSize":{"w":191,"h":161}},{"filename":"defence_torso_00","frame":{"x":402,"y":0,"w":52,"h":68},"rotated":false,"trimmed":false,"spriteSourceSize":{"x":0,"y":0,"w":52,"h":68},"sourceSize":{"w":52,"h":68}},{"filename":"defence_torso_01","frame":{"x":402,"y":69,"w":52,"h":68},"rotated":false,"trimmed":false,"spriteSourceSize":{"x":0,"y":0,"w":52,"h":68},"sourceSize":{"w":52,"h":68}},{"filename":"defence_torso_02","frame":{"x":402,"y":138,"w":52,"h":68},"rotated":false,"trimmed":false,"spriteSourceSize":{"x":0,"y":0,"w":52,"h":68},"sourceSize":{"w":52,"h":68}},{"filename":"defence_torso_03","frame":{"x":402,"y":207,"w":52,"h":68},"rotated":false,"trimmed":false,"spriteSourceSize":{"x":0,"y":0,"w":52,"h":68},"sourceSize":{"w":52,"h":68}},{"filename":"defence_torso_04","frame":{"x":402,"y":276,"w":52,"h":68},"rotated":false,"trimmed":false,"spriteSourceSize":{"x":0,"y":0,"w":52,"h":68},"sourceSize":{"w":52,"h":68}},{"filename":"defence_torso_05","frame":{"x":402,"y":345,"w":52,"h":68},"rotated":false,"trimmed":false,"spriteSourceSize":{"x":0,"y":0,"w":52,"h":68},"sourceSize":{"w":52,"h":68}},{"filename":"defence_torso_06","frame":{"x":0,"y":424,"w":52,"h":68},"rotated":false,"trimmed":false,"spriteSourceSize":{"x":0,"y":0,"w":52,"h":68},"sourceSize":{"w":52,"h":68}},{"filename":"defence_torso_07","frame":{"x":53,"y":424,"w":52,"h":68},"rotated":false,"trimmed":false,"spriteSourceSize":{"x":0,"y":0,"w":52,"h":68},"sourceSize":{"w":52,"h":68}},{"filename":"defence_torso_08","frame":{"x":106,"y":424,"w":52,"h":68},"rotated":false,"trimmed":false,"spriteSourceSize":{"x":0,"y":0,"w":52,"h":68},"sourceSize":{"w":52,"h":68}},{"filename":"defence_torso_09","frame":{"x":159,"y":424,"w":52,"h":68},"rotated":false,"trimmed":false,"spriteSourceSize":{"x":0,"y":0,"w":52,"h":68},"sourceSize":{"w":52,"h":68}},{"filename":"defence_torso_10","frame":{"x":212,"y":424,"w":52,"h":68},"rotated":false,"trimmed":false,"spriteSourceSize":{"x":0,"y":0,"w":52,"h":68},"sourceSize":{"w":52,"h":68}},{"filename":"defence_torso_11","frame":{"x":265,"y":424,"w":52,"h":68},"rotated":false,"trimmed":false,"spriteSourceSize":{"x":0,"y":0,"w":52,"h":68},"sourceSize":{"w":52,"h":68}},{"filename":"defence_torso_12","frame":{"x":318,"y":424,"w":52,"h":68},"rotated":false,"trimmed":false,"spriteSourceSize":{"x":0,"y":0,"w":52,"h":68},"sourceSize":{"w":52,"h":68}},{"filename":"defence_torso_13","frame":{"x":371,"y":424,"w":52,"h":68},"rotated":false,"trimmed":false,"spriteSourceSize":{"x":0,"y":0,"w":52,"h":68},"sourceSize":{"w":52,"h":68}},{"filename":"defence_torso_14","frame":{"x":455,"y":0,"w":52,"h":68},"rotated":false,"trimmed":false,"spriteSourceSize":{"x":0,"y":0,"w":52,"h":68},"sourceSize":{"w":52,"h":68}},{"filename":"defence_torso_15","frame":{"x":455,"y":69,"w":52,"h":68},"rotated":false,"trimmed":false,"spriteSourceSize":{"x":0,"y":0,"w":52,"h":68},"sourceSize":{"w":52,"h":68}},{"filename":"star_effect","frame":{"x":0,"y":493,"w":63,"h":61},"rotated":false,"trimmed":false,"spriteSourceSize":{"x":0,"y":0,"w":63,"h":61},"sourceSize":{"w":63,"h":61}},{"filename":"stund_effect","frame":{"x":81,"y":404,"w":53,"h":16},"rotated":false,"trimmed":false,"spriteSourceSize":{"x":0,"y":0,"w":53,"h":16},"sourceSize":{"w":53,"h":16}}],"meta":{"app":"https://www.leshylabs.com/apps/sstool/","version":"Leshy SpriteSheet Tool v0.8.4","image":"spritesheet.png","size":{"w":695,"h":705},"scale":1}}