<font>
  <info face="font" size="25" bold="0" italic="1" charset="" unicode="" stretchH="100" smooth="1" aa="1" padding="2,2,2,2" spacing="0,0" outline="0"/>
  <common lineHeight="29" base="17" scaleW="478" scaleH="26" pages="1" packed="0"/>
  <chars count="26">
    <char id="65" x="2" y="2" width="17" height="19" xoffset="-1" yoffset="0" xadvance="15" page="0" chnl="15"/>
    <char id="66" x="21" y="2" width="15" height="19" xoffset="1" yoffset="0" xadvance="13" page="0" chnl="15"/>
    <char id="67" x="38" y="2" width="16" height="20" xoffset="1" yoffset="0" xadvance="15" page="0" chnl="15"/>
    <char id="68" x="56" y="2" width="18" height="19" xoffset="1" yoffset="0" xadvance="17" page="0" chnl="15"/>
    <char id="69" x="76" y="2" width="15" height="19" xoffset="1" yoffset="0" xadvance="12" page="0" chnl="15"/>
    <char id="70" x="93" y="2" width="14" height="19" xoffset="1" yoffset="0" xadvance="12" page="0" chnl="15"/>
    <char id="71" x="109" y="2" width="17" height="20" xoffset="1" yoffset="0" xadvance="16" page="0" chnl="15"/>
    <char id="72" x="128" y="2" width="18" height="19" xoffset="1" yoffset="0" xadvance="16" page="0" chnl="15"/>
    <char id="73" x="148" y="2" width="8" height="19" xoffset="1" yoffset="0" xadvance="6" page="0" chnl="15"/>
    <char id="74" x="158" y="2" width="13" height="19" xoffset="-1" yoffset="0" xadvance="9" page="0" chnl="15"/>
    <char id="75" x="173" y="2" width="17" height="19" xoffset="1" yoffset="0" xadvance="13" page="0" chnl="15"/>
    <char id="76" x="192" y="2" width="12" height="19" xoffset="1" yoffset="0" xadvance="11" page="0" chnl="15"/>
    <char id="77" x="206" y="2" width="22" height="19" xoffset="0" yoffset="0" xadvance="20" page="0" chnl="15"/>
    <char id="78" x="230" y="2" width="18" height="19" xoffset="1" yoffset="0" xadvance="16" page="0" chnl="15"/>
    <char id="79" x="250" y="2" width="18" height="20" xoffset="1" yoffset="0" xadvance="17" page="0" chnl="15"/>
    <char id="80" x="270" y="2" width="15" height="19" xoffset="1" yoffset="0" xadvance="13" page="0" chnl="15"/>
    <char id="81" x="287" y="2" width="18" height="22" xoffset="1" yoffset="0" xadvance="17" page="0" chnl="15"/>
    <char id="82" x="307" y="2" width="15" height="19" xoffset="1" yoffset="0" xadvance="14" page="0" chnl="15"/>
    <char id="83" x="324" y="2" width="14" height="20" xoffset="0" yoffset="0" xadvance="12" page="0" chnl="15"/>
    <char id="84" x="340" y="2" width="15" height="19" xoffset="2" yoffset="0" xadvance="12" page="0" chnl="15"/>
    <char id="85" x="357" y="2" width="17" height="19" xoffset="2" yoffset="0" xadvance="16" page="0" chnl="15"/>
    <char id="86" x="376" y="2" width="16" height="19" xoffset="2" yoffset="0" xadvance="14" page="0" chnl="15"/>
    <char id="87" x="394" y="2" width="23" height="19" xoffset="2" yoffset="0" xadvance="21" page="0" chnl="15"/>
    <char id="88" x="419" y="2" width="19" height="19" xoffset="-1" yoffset="0" xadvance="14" page="0" chnl="15"/>
    <char id="89" x="440" y="2" width="16" height="19" xoffset="1" yoffset="0" xadvance="13" page="0" chnl="15"/>
    <char id="90" x="458" y="2" width="18" height="19" xoffset="0" yoffset="0" xadvance="14" page="0" chnl="15"/>
    <char id="32" x="0" y="0" width="0" height="0" xoffset="0" yoffset="0" xadvance="5" page="0" chnl="15"/>
  </chars>
</font>