<font>
  <info face="font" size="25" bold="0" italic="1" charset="" unicode="" stretchH="100" smooth="1" aa="1" padding="2,2,2,2" spacing="0,0" outline="0"/>
  <common lineHeight="29" base="18" scaleW="163" scaleH="23" pages="1" packed="0"/>
  <chars count="11">
    <char id="48" x="2" y="2" width="13" height="18" xoffset="1" yoffset="1" xadvance="15" page="0" chnl="15"/>
    <char id="49" x="17" y="2" width="7" height="18" xoffset="4" yoffset="1" xadvance="15" page="0" chnl="15"/>
    <char id="50" x="26" y="2" width="13" height="18" xoffset="0" yoffset="1" xadvance="15" page="0" chnl="15"/>
    <char id="51" x="41" y="2" width="13" height="18" xoffset="0" yoffset="1" xadvance="15" page="0" chnl="15"/>
    <char id="52" x="56" y="2" width="13" height="18" xoffset="0" yoffset="1" xadvance="15" page="0" chnl="15"/>
    <char id="53" x="71" y="2" width="14" height="18" xoffset="0" yoffset="1" xadvance="15" page="0" chnl="15"/>
    <char id="54" x="87" y="2" width="13" height="18" xoffset="1" yoffset="1" xadvance="15" page="0" chnl="15"/>
    <char id="55" x="102" y="2" width="14" height="18" xoffset="1" yoffset="1" xadvance="15" page="0" chnl="15"/>
    <char id="56" x="118" y="2" width="13" height="18" xoffset="1" yoffset="1" xadvance="15" page="0" chnl="15"/>
    <char id="57" x="133" y="2" width="13" height="18" xoffset="1" yoffset="1" xadvance="15" page="0" chnl="15"/>
    <char id="47" x="148" y="2" width="13" height="19" xoffset="-1" yoffset="0" xadvance="10" page="0" chnl="15"/>
    <char id="32" x="0" y="0" width="0" height="0" xoffset="-1" yoffset="0" xadvance="7" page="0" chnl="15"/>
  </chars>
</font>