<font>
  <info face="font" size="40" bold="0" italic="1" charset="" unicode="" stretchH="100" smooth="1" aa="1" padding="2,2,2,2" spacing="0,0" outline="0"/>
  <common lineHeight="46" base="27" scaleW="695" scaleH="38" pages="1" packed="0"/>
  <chars count="26">
    <char id="65" x="2" y="2" width="25" height="29" xoffset="-1" yoffset="0" xadvance="24" page="0" chnl="15"/>
    <char id="66" x="29" y="2" width="22" height="30" xoffset="1" yoffset="0" xadvance="21" page="0" chnl="15"/>
    <char id="67" x="53" y="2" width="25" height="30" xoffset="2" yoffset="0" xadvance="23" page="0" chnl="15"/>
    <char id="68" x="80" y="2" width="27" height="30" xoffset="1" yoffset="0" xadvance="27" page="0" chnl="15"/>
    <char id="69" x="109" y="2" width="22" height="29" xoffset="1" yoffset="0" xadvance="20" page="0" chnl="15"/>
    <char id="70" x="133" y="2" width="22" height="29" xoffset="1" yoffset="0" xadvance="19" page="0" chnl="15"/>
    <char id="71" x="157" y="2" width="26" height="30" xoffset="2" yoffset="0" xadvance="26" page="0" chnl="15"/>
    <char id="72" x="185" y="2" width="27" height="29" xoffset="1" yoffset="0" xadvance="26" page="0" chnl="15"/>
    <char id="73" x="214" y="2" width="11" height="29" xoffset="1" yoffset="0" xadvance="10" page="0" chnl="15"/>
    <char id="74" x="227" y="2" width="19" height="30" xoffset="-1" yoffset="0" xadvance="15" page="0" chnl="15"/>
    <char id="75" x="248" y="2" width="26" height="29" xoffset="1" yoffset="0" xadvance="21" page="0" chnl="15"/>
    <char id="76" x="276" y="2" width="18" height="29" xoffset="1" yoffset="0" xadvance="18" page="0" chnl="15"/>
    <char id="77" x="296" y="2" width="33" height="29" xoffset="1" yoffset="0" xadvance="32" page="0" chnl="15"/>
    <char id="78" x="331" y="2" width="28" height="29" xoffset="1" yoffset="0" xadvance="26" page="0" chnl="15"/>
    <char id="79" x="361" y="2" width="28" height="30" xoffset="2" yoffset="0" xadvance="28" page="0" chnl="15"/>
    <char id="80" x="391" y="2" width="22" height="29" xoffset="1" yoffset="0" xadvance="21" page="0" chnl="15"/>
    <char id="81" x="415" y="2" width="28" height="34" xoffset="2" yoffset="0" xadvance="28" page="0" chnl="15"/>
    <char id="82" x="445" y="2" width="22" height="29" xoffset="1" yoffset="0" xadvance="22" page="0" chnl="15"/>
    <char id="83" x="469" y="2" width="21" height="30" xoffset="0" yoffset="0" xadvance="19" page="0" chnl="15"/>
    <char id="84" x="492" y="2" width="23" height="29" xoffset="3" yoffset="0" xadvance="20" page="0" chnl="15"/>
    <char id="85" x="517" y="2" width="25" height="30" xoffset="3" yoffset="0" xadvance="26" page="0" chnl="15"/>
    <char id="86" x="544" y="2" width="25" height="29" xoffset="3" yoffset="0" xadvance="22" page="0" chnl="15"/>
    <char id="87" x="571" y="2" width="36" height="29" xoffset="4" yoffset="0" xadvance="34" page="0" chnl="15"/>
    <char id="88" x="609" y="2" width="29" height="29" xoffset="-1" yoffset="0" xadvance="22" page="0" chnl="15"/>
    <char id="89" x="640" y="2" width="24" height="29" xoffset="2" yoffset="0" xadvance="21" page="0" chnl="15"/>
    <char id="90" x="666" y="2" width="27" height="29" xoffset="-1" yoffset="0" xadvance="22" page="0" chnl="15"/>
    <char id="32" x="0" y="0" width="0" height="0" xoffset="-1" yoffset="0" xadvance="7" page="0" chnl="15"/>
  </chars>
</font>